scenario_label,scenario_id,year,level,demand_level,failure_count,edge_id,edge_type,from_node,to_node,candidate_key,carrier,flow_gwh,capacity_gwh,utilisation_pct
S2030_PCIPMI_low,S2030_PCIPMI_low,2030,PCI/PMI,low,0,E0005,backbone,ATh2,DEh2,,NH3_cracked_to_H2,0.0,54750.0,0.0
S2030_PCIPMI_low,S2030_PCIPMI_low,2030,PCI/PMI,low,0,E0005,backbone,ATh2,DEh2,,LOHC_to_H2,0.0,54750.0,0.0
S2030_PCIPMI_low,S2030_PCIPMI_low,2030,PCI/PMI,low,0,E0009,backbone,ATh2,IB-ITh2,,NH3_cracked_to_H2,14018.470101043184,45990.0,30.481561428665326
S2030_PCIPMI_low,S2030_PCIPMI_low,2030,PCI/PMI,low,0,E0009,backbone,ATh2,IB-ITh2,,LOHC_to_H2,-0.0,45990.0,-0.0
S2030_PCIPMI_low,S2030_PCIPMI_low,2030,PCI/PMI,low,0,E0019,terminal_backbone,LH2_Tk_BE,BEh2,LH2_Tk_BE|BEh2,NH3_cracked_to_H2,21644.5,21644.5,100.0
S2030_PCIPMI_low,S2030_PCIPMI_low,2030,PCI/PMI,low,0,E0025,backbone,BEH2Mo,FRh2Va,,NH3_cracked_to_H2,-0.0,8760.0,-0.0
S2030_PCIPMI_low,S2030_PCIPMI_low,2030,PCI/PMI,low,0,E0025,backbone,BEH2Mo,FRh2Va,,LOHC_to_H2,-0.0,8760.0,-0.0
S2030_PCIPMI_low,S2030_PCIPMI_low,2030,PCI/PMI,low,0,E0027,backbone,BEh2,DEh2,,NH3_cracked_to_H2,21644.5,33288.0,65.0219298245614
S2030_PCIPMI_low,S2030_PCIPMI_low,2030,PCI/PMI,low,0,E0027,backbone,BEh2,DEh2,,LOHC_to_H2,-0.0,33288.0,-0.0
S2030_PCIPMI_low,S2030_PCIPMI_low,2030,PCI/PMI,low,0,E0031,backbone,BEh2,NLh2,,NH3_cracked_to_H2,0.0,13140.0,0.0
S2030_PCIPMI_low,S2030_PCIPMI_low,2030,PCI/PMI,low,0,E0031,backbone,BEh2,NLh2,,LOHC_to_H2,0.0,13140.0,0.0
S2030_PCIPMI_low,S2030_PCIPMI_low,2030,PCI/PMI,low,0,E0037,backbone,BGh2,GRh2,,NH3_cracked_to_H2,-0.0,29200.0,-0.0
S2030_PCIPMI_low,S2030_PCIPMI_low,2030,PCI/PMI,low,0,E0037,backbone,BGh2,GRh2,,LOHC_to_H2,-0.0,29200.0,-0.0
S2030_PCIPMI_low,S2030_PCIPMI_low,2030,PCI/PMI,low,0,E0057,backbone,CZh2,DEh2,,NH3_cracked_to_H2,-0.0,105120.0,-0.0
S2030_PCIPMI_low,S2030_PCIPMI_low,2030,PCI/PMI,low,0,E0057,backbone,CZh2,DEh2,,LOHC_to_H2,-0.0,105120.0,-0.0
S2030_PCIPMI_low,S2030_PCIPMI_low,2030,PCI/PMI,low,0,E0063,backbone,DKh2,DEh2,,NH3_cracked_to_H2,-0.0,37668.0,-0.0
S2030_PCIPMI_low,S2030_PCIPMI_low,2030,PCI/PMI,low,0,E0063,backbone,DKh2,DEh2,,LOHC_to_H2,-0.0,37668.0,-0.0
S2030_PCIPMI_low,S2030_PCIPMI_low,2030,PCI/PMI,low,0,E0069,backbone,EEh2,FIh2S,,NH3_cracked_to_H2,0.0,36500.0,0.0
S2030_PCIPMI_low,S2030_PCIPMI_low,2030,PCI/PMI,low,0,E0069,backbone,EEh2,FIh2S,,LOHC_to_H2,0.0,36500.0,0.0
S2030_PCIPMI_low,S2030_PCIPMI_low,2030,PCI/PMI,low,0,E0071,backbone,EEh2,LVh2,,NH3_cracked_to_H2,-0.0,73000.0,-0.0
S2030_PCIPMI_low,S2030_PCIPMI_low,2030,PCI/PMI,low,0,E0071,backbone,EEh2,LVh2,,LOHC_to_H2,-0.0,73000.0,-0.0
S2030_PCIPMI_low,S2030_PCIPMI_low,2030,PCI/PMI,low,0,E0073,backbone,FIh2S,EEh2,,NH3_cracked_to_H2,0.0,73000.0,0.0
S2030_PCIPMI_low,S2030_PCIPMI_low,2030,PCI/PMI,low,0,E0073,backbone,FIh2S,EEh2,,LOHC_to_H2,0.0,73000.0,0.0
S2030_PCIPMI_low,S2030_PCIPMI_low,2030,PCI/PMI,low,0,E0075,backbone,FIh2,FIh2Al,,NH3_cracked_to_H2,-0.0,183960.0,-0.0
S2030_PCIPMI_low,S2030_PCIPMI_low,2030,PCI/PMI,low,0,E0075,backbone,FIh2,FIh2Al,,LOHC_to_H2,-0.0,183960.0,-0.0
S2030_PCIPMI_low,S2030_PCIPMI_low,2030,PCI/PMI,low,0,E0077,backbone,FIh2,FIh2N,,NH3_cracked_to_H2,0.0,3649635.0,0.0
S2030_PCIPMI_low,S2030_PCIPMI_low,2030,PCI/PMI,low,0,E0077,backbone,FIh2,FIh2N,,LOHC_to_H2,0.0,3649635.0,0.0
S2030_PCIPMI_low,S2030_PCIPMI_low,2030,PCI/PMI,low,0,E0079,backbone,FIh2,FIh2S,,NH3_cracked_to_H2,0.0,3649635.0,0.0
S2030_PCIPMI_low,S2030_PCIPMI_low,2030,PCI/PMI,low,0,E0079,backbone,FIh2,FIh2S,,LOHC_to_H2,0.0,3649635.0,0.0
S2030_PCIPMI_low,S2030_PCIPMI_low,2030,PCI/PMI,low,0,E0081,backbone,FIh2Al,FIh2,,NH3_cracked_to_H2,0.0,183960.0,0.0
S2030_PCIPMI_low,S2030_PCIPMI_low,2030,PCI/PMI,low,0,E0081,backbone,FIh2Al,FIh2,,LOHC_to_H2,0.0,183960.0,0.0
S2030_PCIPMI_low,S2030_PCIPMI_low,2030,PCI/PMI,low,0,E0083,backbone,FIh2N,FIh2,,NH3_cracked_to_H2,-0.0,3649635.0,-0.0
S2030_PCIPMI_low,S2030_PCIPMI_low,2030,PCI/PMI,low,0,E0083,backbone,FIh2N,FIh2,,LOHC_to_H2,-0.0,3649635.0,-0.0
S2030_PCIPMI_low,S2030_PCIPMI_low,2030,PCI/PMI,low,0,E0085,backbone,FIh2S,FIh2,,NH3_cracked_to_H2,-0.0,3649635.0,-0.0
S2030_PCIPMI_low,S2030_PCIPMI_low,2030,PCI/PMI,low,0,E0085,backbone,FIh2S,FIh2,,LOHC_to_H2,-0.0,3649635.0,-0.0
S2030_PCIPMI_low,S2030_PCIPMI_low,2030,PCI/PMI,low,0,E0087,backbone,FIh2Al,DEh2,,NH3_cracked_to_H2,-0.0,95630.0,-0.0
S2030_PCIPMI_low,S2030_PCIPMI_low,2030,PCI/PMI,low,0,E0087,backbone,FIh2Al,DEh2,,LOHC_to_H2,-0.0,95630.0,-0.0
S2030_PCIPMI_low,S2030_PCIPMI_low,2030,PCI/PMI,low,0,E0091,backbone,FIh2Al,SEh2,,NH3_cracked_to_H2,0.0,183960.0,0.0
S2030_PCIPMI_low,S2030_PCIPMI_low,2030,PCI/PMI,low,0,E0091,backbone,FIh2Al,SEh2,,LOHC_to_H2,0.0,183960.0,0.0
S2030_PCIPMI_low,S2030_PCIPMI_low,2030,PCI/PMI,low,0,E0093,backbone,FIh2N,SEh2,,NH3_cracked_to_H2,0.0,59130.0,0.0
S2030_PCIPMI_low,S2030_PCIPMI_low,2030,PCI/PMI,low,0,E0093,backbone,FIh2N,SEh2,,LOHC_to_H2,0.0,59130.0,0.0
S2030_PCIPMI_low,S2030_PCIPMI_low,2030,PCI/PMI,low,0,E0099,backbone,FRh2Va,BEH2Mo,,NH3_cracked_to_H2,0.0,8760.0,0.0
S2030_PCIPMI_low,S2030_PCIPMI_low,2030,PCI/PMI,low,0,E0099,backbone,FRh2Va,BEH2Mo,,LOHC_to_H2,0.0,8760.0,0.0
S2030_PCIPMI_low,S2030_PCIPMI_low,2030,PCI/PMI,low,0,E0103,backbone,FRh2,FRh2S,,NH3_cracked_to_H2,0.0,70080.0,0.0
S2030_PCIPMI_low,S2030_PCIPMI_low,2030,PCI/PMI,low,0,E0103,backbone,FRh2,FRh2S,,LOHC_to_H2,0.0,70080.0,0.0
S2030_PCIPMI_low,S2030_PCIPMI_low,2030,PCI/PMI,low,0,E0107,backbone,FRh2,FRh2Va,,NH3_cracked_to_H2,2310.0759097438086,8760.0,26.370729563285483
S2030_PCIPMI_low,S2030_PCIPMI_low,2030,PCI/PMI,low,0,E0107,backbone,FRh2,FRh2Va,,LOHC_to_H2,-0.0,8760.0,-0.0
S2030_PCIPMI_low,S2030_PCIPMI_low,2030,PCI/PMI,low,0,E0111,backbone,FRh2S,FRh2,,NH3_cracked_to_H2,0.0,70080.0,0.0
S2030_PCIPMI_low,S2030_PCIPMI_low,2030,PCI/PMI,low,0,E0111,backbone,FRh2S,FRh2,,LOHC_to_H2,0.0,70080.0,0.0
S2030_PCIPMI_low,S2030_PCIPMI_low,2030,PCI/PMI,low,0,E0119,backbone,FRh2Va,FRh2,,NH3_cracked_to_H2,0.0,8760.0,0.0
S2030_PCIPMI_low,S2030_PCIPMI_low,2030,PCI/PMI,low,0,E0119,backbone,FRh2Va,FRh2,,LOHC_to_H2,0.0,8760.0,0.0
S2030_PCIPMI_low,S2030_PCIPMI_low,2030,PCI/PMI,low,0,E0127,backbone,FRh2,DEh2,,NH3_cracked_to_H2,0.0,76467.5,0.0
S2030_PCIPMI_low,S2030_PCIPMI_low,2030,PCI/PMI,low,0,E0127,backbone,FRh2,DEh2,,LOHC_to_H2,0.0,76467.5,0.0
S2030_PCIPMI_low,S2030_PCIPMI_low,2030,PCI/PMI,low,0,E0131,backbone,FRh2S,ESh2,,NH3_cracked_to_H2,-0.0,78840.0,-0.0
S2030_PCIPMI_low,S2030_PCIPMI_low,2030,PCI/PMI,low,0,E0131,backbone,FRh2S,ESh2,,LOHC_to_H2,-0.0,78840.0,-0.0
S2030_PCIPMI_low,S2030_PCIPMI_low,2030,PCI/PMI,low,0,E0137,backbone,DEh2,ATh2,,NH3_cracked_to_H2,14018.470101043184,54750.0,25.604511600078876
S2030_PCIPMI_low,S2030_PCIPMI_low,2030,PCI/PMI,low,0,E0137,backbone,DEh2,ATh2,,LOHC_to_H2,0.0,54750.0,0.0
S2030_PCIPMI_low,S2030_PCIPMI_low,2030,PCI/PMI,low,0,E0139,backbone,DEh2,BEh2,,NH3_cracked_to_H2,0.0,33288.0,0.0
S2030_PCIPMI_low,S2030_PCIPMI_low,2030,PCI/PMI,low,0,E0139,backbone,DEh2,BEh2,,LOHC_to_H2,0.0,33288.0,0.0
S2030_PCIPMI_low,S2030_PCIPMI_low,2030,PCI/PMI,low,0,E0141,backbone,DEh2,CZh2,,NH3_cracked_to_H2,0.0,105120.0,0.0
S2030_PCIPMI_low,S2030_PCIPMI_low,2030,PCI/PMI,low,0,E0141,backbone,DEh2,CZh2,,LOHC_to_H2,0.0,105120.0,0.0
S2030_PCIPMI_low,S2030_PCIPMI_low,2030,PCI/PMI,low,0,E0143,backbone,DEh2,DKh2,,NH3_cracked_to_H2,0.0,37668.0,0.0
S2030_PCIPMI_low,S2030_PCIPMI_low,2030,PCI/PMI,low,0,E0143,backbone,DEh2,DKh2,,LOHC_to_H2,0.0,37668.0,0.0
S2030_PCIPMI_low,S2030_PCIPMI_low,2030,PCI/PMI,low,0,E0145,backbone,DEh2,FRh2,,NH3_cracked_to_H2,5358.950243620919,70408.5,7.611226263335988
S2030_PCIPMI_low,S2030_PCIPMI_low,2030,PCI/PMI,low,0,E0145,backbone,DEh2,FRh2,,LOHC_to_H2,58.4,70408.5,0.08294453084499741
S2030_PCIPMI_low,S2030_PCIPMI_low,2030,PCI/PMI,low,0,E0153,terminal_backbone,LH2_Tk_DE,DEh2,LH2_Tk_DE|DEh2,LOHC_to_H2,58.4,11388.0,0.5128205128205128
S2030_PCIPMI_low,S2030_PCIPMI_low,2030,PCI/PMI,low,0,E0153,terminal_backbone,LH2_Tk_DE,DEh2,LH2_Tk_DE|DEh2,NH3_cracked_to_H2,11329.6,11388.0,99.48717948717949
S2030_PCIPMI_low,S2030_PCIPMI_low,2030,PCI/PMI,low,0,E0157,backbone,DEh2,NLh2,,NH3_cracked_to_H2,0.0,63072.00000000001,0.0
S2030_PCIPMI_low,S2030_PCIPMI_low,2030,PCI/PMI,low,0,E0157,backbone,DEh2,NLh2,,LOHC_to_H2,0.0,63072.00000000001,0.0
S2030_PCIPMI_low,S2030_PCIPMI_low,2030,PCI/PMI,low,0,E0163,backbone,DEh2,PLh2nbc,,NH3_cracked_to_H2,19523.718399382753,36500.0,53.489639450363704
S2030_PCIPMI_low,S2030_PCIPMI_low,2030,PCI/PMI,low,0,E0163,backbone,DEh2,PLh2nbc,,LOHC_to_H2,0.0,36500.0,0.0
S2030_PCIPMI_low,S2030_PCIPMI_low,2030,PCI/PMI,low,0,E0167,backbone,GRh2,BGh2,,NH3_cracked_to_H2,0.0,29200.0,0.0
S2030_PCIPMI_low,S2030_PCIPMI_low,2030,PCI/PMI,low,0,E0167,backbone,GRh2,BGh2,,LOHC_to_H2,0.0,29200.0,0.0
S2030_PCIPMI_low,S2030_PCIPMI_low,2030,PCI/PMI,low,0,E0193,backbone,IB-ITh2,ATh2,,NH3_cracked_to_H2,0.0,61320.0,0.0
S2030_PCIPMI_low,S2030_PCIPMI_low,2030,PCI/PMI,low,0,E0193,backbone,IB-ITh2,ATh2,,LOHC_to_H2,0.0,61320.0,0.0
S2030_PCIPMI_low,S2030_PCIPMI_low,2030,PCI/PMI,low,0,E0197,backbone,ITh2,IB-ITh2,,NH3_cracked_to_H2,-0.0,73000.0,-0.0
S2030_PCIPMI_low,S2030_PCIPMI_low,2030,PCI/PMI,low,0,E0197,backbone,ITh2,IB-ITh2,,LOHC_to_H2,-0.0,73000.0,-0.0
S2030_PCIPMI_low,S2030_PCIPMI_low,2030,PCI/PMI,low,0,E0207,backbone,LVh2,EEh2,,NH3_cracked_to_H2,0.0,36500.0,0.0
S2030_PCIPMI_low,S2030_PCIPMI_low,2030,PCI/PMI,low,0,E0207,backbone,LVh2,EEh2,,LOHC_to_H2,0.0,36500.0,0.0
S2030_PCIPMI_low,S2030_PCIPMI_low,2030,PCI/PMI,low,0,E0209,backbone,LVh2,LTh2,,NH3_cracked_to_H2,-0.0,73000.0,-0.0
S2030_PCIPMI_low,S2030_PCIPMI_low,2030,PCI/PMI,low,0,E0209,backbone,LVh2,LTh2,,LOHC_to_H2,-0.0,73000.0,-0.0
S2030_PCIPMI_low,S2030_PCIPMI_low,2030,PCI/PMI,low,0,E0211,backbone,LTh2,LVh2,,NH3_cracked_to_H2,0.0,36500.0,0.0
S2030_PCIPMI_low,S2030_PCIPMI_low,2030,PCI/PMI,low,0,E0211,backbone,LTh2,LVh2,,LOHC_to_H2,0.0,36500.0,0.0
S2030_PCIPMI_low,S2030_PCIPMI_low,2030,PCI/PMI,low,0,E0213,backbone,LTh2,PLh2nbc,,NH3_cracked_to_H2,-0.0,73000.0,-0.0
S2030_PCIPMI_low,S2030_PCIPMI_low,2030,PCI/PMI,low,0,E0213,backbone,LTh2,PLh2nbc,,LOHC_to_H2,-0.0,73000.0,-0.0
S2030_PCIPMI_low,S2030_PCIPMI_low,2030,PCI/PMI,low,0,E0223,backbone,NLh2,BEh2,,NH3_cracked_to_H2,0.0,13140.0,0.0
S2030_PCIPMI_low,S2030_PCIPMI_low,2030,PCI/PMI,low,0,E0223,backbone,NLh2,BEh2,,LOHC_to_H2,0.0,13140.0,0.0
S2030_PCIPMI_low,S2030_PCIPMI_low,2030,PCI/PMI,low,0,E0225,backbone,NLh2,DEh2,,NH3_cracked_to_H2,5927.038744046853,74460.0,7.960030545322124
S2030_PCIPMI_low,S2030_PCIPMI_low,2030,PCI/PMI,low,0,E0225,backbone,NLh2,DEh2,,LOHC_to_H2,-0.0,74460.0,-0.0
S2030_PCIPMI_low,S2030_PCIPMI_low,2030,PCI/PMI,low,0,E0227,terminal_backbone,LH2_Tk_NL,NLh2,LH2_Tk_NL|NLh2,NH3_cracked_to_H2,33142.0,33142.0,100.0
S2030_PCIPMI_low,S2030_PCIPMI_low,2030,PCI/PMI,low,0,E0245,backbone,PLh2nbc,DEh2,,NH3_cracked_to_H2,0.0,73000.0,0.0
S2030_PCIPMI_low,S2030_PCIPMI_low,2030,PCI/PMI,low,0,E0245,backbone,PLh2nbc,DEh2,,LOHC_to_H2,0.0,73000.0,0.0
S2030_PCIPMI_low,S2030_PCIPMI_low,2030,PCI/PMI,low,0,E0247,backbone,PLh2nbc,LTh2,,NH3_cracked_to_H2,0.0,36500.0,0.0
S2030_PCIPMI_low,S2030_PCIPMI_low,2030,PCI/PMI,low,0,E0247,backbone,PLh2nbc,LTh2,,LOHC_to_H2,0.0,36500.0,0.0
S2030_PCIPMI_low,S2030_PCIPMI_low,2030,PCI/PMI,low,0,E0253,backbone,PLh2nbc,PLh2N,,NH3_cracked_to_H2,10859.860270562027,36500.0,29.75304183715624
S2030_PCIPMI_low,S2030_PCIPMI_low,2030,PCI/PMI,low,0,E0253,backbone,PLh2nbc,PLh2N,,LOHC_to_H2,-0.0,36500.0,-0.0
S2030_PCIPMI_low,S2030_PCIPMI_low,2030,PCI/PMI,low,0,E0267,backbone,PTh2,ESh2,,NH3_cracked_to_H2,-0.0,29565.0,-0.0
S2030_PCIPMI_low,S2030_PCIPMI_low,2030,PCI/PMI,low,0,E0267,backbone,PTh2,ESh2,,LOHC_to_H2,-0.0,29565.0,-0.0
S2030_PCIPMI_low,S2030_PCIPMI_low,2030,PCI/PMI,low,0,E0319,backbone,ESh2,FRh2S,,NH3_cracked_to_H2,0.0,78840.0,0.0
S2030_PCIPMI_low,S2030_PCIPMI_low,2030,PCI/PMI,low,0,E0319,backbone,ESh2,FRh2S,,LOHC_to_H2,0.0,78840.0,0.0
S2030_PCIPMI_low,S2030_PCIPMI_low,2030,PCI/PMI,low,0,E0325,backbone,ESh2,PTh2,,NH3_cracked_to_H2,0.0,29565.0,0.0
S2030_PCIPMI_low,S2030_PCIPMI_low,2030,PCI/PMI,low,0,E0325,backbone,ESh2,PTh2,,LOHC_to_H2,0.0,29565.0,0.0
S2030_PCIPMI_low,S2030_PCIPMI_low,2030,PCI/PMI,low,0,E0327,backbone,SEh2,FIh2Al,,NH3_cracked_to_H2,-0.0,183960.0,-0.0
S2030_PCIPMI_low,S2030_PCIPMI_low,2030,PCI/PMI,low,0,E0327,backbone,SEh2,FIh2Al,,LOHC_to_H2,-0.0,183960.0,-0.0
S2030_PCIPMI_low,S2030_PCIPMI_low,2030,PCI/PMI,low,0,E0329,backbone,SEh2,FIh2N,,NH3_cracked_to_H2,0.0,59130.0,0.0
S2030_PCIPMI_low,S2030_PCIPMI_low,2030,PCI/PMI,low,0,E0329,backbone,SEh2,FIh2N,,LOHC_to_H2,0.0,59130.0,0.0
S2030_PCIPMI_medium,S2030_PCIPMI_medium,2030,PCI/PMI,medium,0,E0005,backbone,ATh2,DEh2,,NH3_cracked_to_H2,0.0,54750.0,0.0
S2030_PCIPMI_medium,S2030_PCIPMI_medium,2030,PCI/PMI,medium,0,E0005,backbone,ATh2,DEh2,,LOHC_to_H2,0.0,54750.0,0.0
S2030_PCIPMI_medium,S2030_PCIPMI_medium,2030,PCI/PMI,medium,0,E0009,backbone,ATh2,IB-ITh2,,NH3_cracked_to_H2,4377.87560358982,45990.0,9.519190266557555
S2030_PCIPMI_medium,S2030_PCIPMI_medium,2030,PCI/PMI,medium,0,E0009,backbone,ATh2,IB-ITh2,,LOHC_to_H2,58.4,45990.0,0.12698412698412698
S2030_PCIPMI_medium,S2030_PCIPMI_medium,2030,PCI/PMI,medium,0,E0019,terminal_backbone,LH2_Tk_BE,BEh2,LH2_Tk_BE|BEh2,NH3_cracked_to_H2,21644.5,21644.5,100.0
S2030_PCIPMI_medium,S2030_PCIPMI_medium,2030,PCI/PMI,medium,0,E0025,backbone,BEH2Mo,FRh2Va,,NH3_cracked_to_H2,-0.0,8760.0,-0.0
S2030_PCIPMI_medium,S2030_PCIPMI_medium,2030,PCI/PMI,medium,0,E0025,backbone,BEH2Mo,FRh2Va,,LOHC_to_H2,-0.0,8760.0,-0.0
S2030_PCIPMI_medium,S2030_PCIPMI_medium,2030,PCI/PMI,medium,0,E0027,backbone,BEh2,DEh2,,NH3_cracked_to_H2,21644.5,33288.0,65.0219298245614
S2030_PCIPMI_medium,S2030_PCIPMI_medium,2030,PCI/PMI,medium,0,E0027,backbone,BEh2,DEh2,,LOHC_to_H2,-0.0,33288.0,-0.0
S2030_PCIPMI_medium,S2030_PCIPMI_medium,2030,PCI/PMI,medium,0,E0031,backbone,BEh2,NLh2,,NH3_cracked_to_H2,0.0,13140.0,0.0
S2030_PCIPMI_medium,S2030_PCIPMI_medium,2030,PCI/PMI,medium,0,E0031,backbone,BEh2,NLh2,,LOHC_to_H2,0.0,13140.0,0.0
S2030_PCIPMI_medium,S2030_PCIPMI_medium,2030,PCI/PMI,medium,0,E0037,backbone,BGh2,GRh2,,NH3_cracked_to_H2,-0.0,29200.0,-0.0
S2030_PCIPMI_medium,S2030_PCIPMI_medium,2030,PCI/PMI,medium,0,E0037,backbone,BGh2,GRh2,,LOHC_to_H2,-0.0,29200.0,-0.0
S2030_PCIPMI_medium,S2030_PCIPMI_medium,2030,PCI/PMI,medium,0,E0057,backbone,CZh2,DEh2,,NH3_cracked_to_H2,-0.0,105120.0,-0.0
S2030_PCIPMI_medium,S2030_PCIPMI_medium,2030,PCI/PMI,medium,0,E0057,backbone,CZh2,DEh2,,LOHC_to_H2,-0.0,105120.0,-0.0
S2030_PCIPMI_medium,S2030_PCIPMI_medium,2030,PCI/PMI,medium,0,E0063,backbone,DKh2,DEh2,,NH3_cracked_to_H2,-0.0,37668.0,-0.0
S2030_PCIPMI_medium,S2030_PCIPMI_medium,2030,PCI/PMI,medium,0,E0063,backbone,DKh2,DEh2,,LOHC_to_H2,-0.0,37668.0,-0.0
S2030_PCIPMI_medium,S2030_PCIPMI_medium,2030,PCI/PMI,medium,0,E0069,backbone,EEh2,FIh2S,,NH3_cracked_to_H2,0.0,36500.0,0.0
S2030_PCIPMI_medium,S2030_PCIPMI_medium,2030,PCI/PMI,medium,0,E0069,backbone,EEh2,FIh2S,,LOHC_to_H2,0.0,36500.0,0.0
S2030_PCIPMI_medium,S2030_PCIPMI_medium,2030,PCI/PMI,medium,0,E0071,backbone,EEh2,LVh2,,NH3_cracked_to_H2,-0.0,73000.0,-0.0
S2030_PCIPMI_medium,S2030_PCIPMI_medium,2030,PCI/PMI,medium,0,E0071,backbone,EEh2,LVh2,,LOHC_to_H2,-0.0,73000.0,-0.0
S2030_PCIPMI_medium,S2030_PCIPMI_medium,2030,PCI/PMI,medium,0,E0073,backbone,FIh2S,EEh2,,NH3_cracked_to_H2,-0.0,73000.0,-0.0
S2030_PCIPMI_medium,S2030_PCIPMI_medium,2030,PCI/PMI,medium,0,E0073,backbone,FIh2S,EEh2,,LOHC_to_H2,-0.0,73000.0,-0.0
S2030_PCIPMI_medium,S2030_PCIPMI_medium,2030,PCI/PMI,medium,0,E0075,backbone,FIh2,FIh2Al,,NH3_cracked_to_H2,-0.0,183960.0,-0.0
S2030_PCIPMI_medium,S2030_PCIPMI_medium,2030,PCI/PMI,medium,0,E0075,backbone,FIh2,FIh2Al,,LOHC_to_H2,-0.0,183960.0,-0.0
S2030_PCIPMI_medium,S2030_PCIPMI_medium,2030,PCI/PMI,medium,0,E0077,backbone,FIh2,FIh2N,,NH3_cracked_to_H2,0.0,3649635.0,0.0
S2030_PCIPMI_medium,S2030_PCIPMI_medium,2030,PCI/PMI,medium,0,E0077,backbone,FIh2,FIh2N,,LOHC_to_H2,0.0,3649635.0,0.0
S2030_PCIPMI_medium,S2030_PCIPMI_medium,2030,PCI/PMI,medium,0,E0079,backbone,FIh2,FIh2S,,NH3_cracked_to_H2,0.0,3649635.0,0.0
S2030_PCIPMI_medium,S2030_PCIPMI_medium,2030,PCI/PMI,medium,0,E0079,backbone,FIh2,FIh2S,,LOHC_to_H2,0.0,3649635.0,0.0
S2030_PCIPMI_medium,S2030_PCIPMI_medium,2030,PCI/PMI,medium,0,E0081,backbone,FIh2Al,FIh2,,NH3_cracked_to_H2,0.0,183960.0,0.0
S2030_PCIPMI_medium,S2030_PCIPMI_medium,2030,PCI/PMI,medium,0,E0081,backbone,FIh2Al,FIh2,,LOHC_to_H2,0.0,183960.0,0.0
S2030_PCIPMI_medium,S2030_PCIPMI_medium,2030,PCI/PMI,medium,0,E0083,backbone,FIh2N,FIh2,,NH3_cracked_to_H2,-0.0,3649635.0,-0.0
S2030_PCIPMI_medium,S2030_PCIPMI_medium,2030,PCI/PMI,medium,0,E0083,backbone,FIh2N,FIh2,,LOHC_to_H2,-0.0,3649635.0,-0.0
S2030_PCIPMI_medium,S2030_PCIPMI_medium,2030,PCI/PMI,medium,0,E0085,backbone,FIh2S,FIh2,,NH3_cracked_to_H2,0.0,3649635.0,0.0
S2030_PCIPMI_medium,S2030_PCIPMI_medium,2030,PCI/PMI,medium,0,E0085,backbone,FIh2S,FIh2,,LOHC_to_H2,0.0,3649635.0,0.0
S2030_PCIPMI_medium,S2030_PCIPMI_medium,2030,PCI/PMI,medium,0,E0087,backbone,FIh2Al,DEh2,,NH3_cracked_to_H2,-0.0,95630.0,-0.0
S2030_PCIPMI_medium,S2030_PCIPMI_medium,2030,PCI/PMI,medium,0,E0087,backbone,FIh2Al,DEh2,,LOHC_to_H2,-0.0,95630.0,-0.0
S2030_PCIPMI_medium,S2030_PCIPMI_medium,2030,PCI/PMI,medium,0,E0091,backbone,FIh2Al,SEh2,,NH3_cracked_to_H2,0.0,183960.0,0.0
S2030_PCIPMI_medium,S2030_PCIPMI_medium,2030,PCI/PMI,medium,0,E0091,backbone,FIh2Al,SEh2,,LOHC_to_H2,0.0,183960.0,0.0
S2030_PCIPMI_medium,S2030_PCIPMI_medium,2030,PCI/PMI,medium,0,E0093,backbone,FIh2N,SEh2,,NH3_cracked_to_H2,0.0,59130.0,0.0
S2030_PCIPMI_medium,S2030_PCIPMI_medium,2030,PCI/PMI,medium,0,E0093,backbone,FIh2N,SEh2,,LOHC_to_H2,0.0,59130.0,0.0
S2030_PCIPMI_medium,S2030_PCIPMI_medium,2030,PCI/PMI,medium,0,E0099,backbone,FRh2Va,BEH2Mo,,NH3_cracked_to_H2,0.0,8760.0,0.0
S2030_PCIPMI_medium,S2030_PCIPMI_medium,2030,PCI/PMI,medium,0,E0099,backbone,FRh2Va,BEH2Mo,,LOHC_to_H2,0.0,8760.0,0.0
S2030_PCIPMI_medium,S2030_PCIPMI_medium,2030,PCI/PMI,medium,0,E0103,backbone,FRh2,FRh2S,,NH3_cracked_to_H2,0.0,70080.0,0.0
S2030_PCIPMI_medium,S2030_PCIPMI_medium,2030,PCI/PMI,medium,0,E0103,backbone,FRh2,FRh2S,,LOHC_to_H2,0.0,70080.0,0.0
S2030_PCIPMI_medium,S2030_PCIPMI_medium,2030,PCI/PMI,medium,0,E0107,backbone,FRh2,FRh2Va,,NH3_cracked_to_H2,7933.703303452989,8760.0,90.56738930882408
S2030_PCIPMI_medium,S2030_PCIPMI_medium,2030,PCI/PMI,medium,0,E0107,backbone,FRh2,FRh2Va,,LOHC_to_H2,-0.0,8760.0,-0.0
S2030_PCIPMI_medium,S2030_PCIPMI_medium,2030,PCI/PMI,medium,0,E0111,backbone,FRh2S,FRh2,,NH3_cracked_to_H2,0.0,70080.0,0.0
S2030_PCIPMI_medium,S2030_PCIPMI_medium,2030,PCI/PMI,medium,0,E0111,backbone,FRh2S,FRh2,,LOHC_to_H2,0.0,70080.0,0.0
S2030_PCIPMI_medium,S2030_PCIPMI_medium,2030,PCI/PMI,medium,0,E0119,backbone,FRh2Va,FRh2,,NH3_cracked_to_H2,0.0,8760.0,0.0
S2030_PCIPMI_medium,S2030_PCIPMI_medium,2030,PCI/PMI,medium,0,E0119,backbone,FRh2Va,FRh2,,LOHC_to_H2,0.0,8760.0,0.0
S2030_PCIPMI_medium,S2030_PCIPMI_medium,2030,PCI/PMI,medium,0,E0127,backbone,FRh2,DEh2,,NH3_cracked_to_H2,0.0,76467.5,0.0
S2030_PCIPMI_medium,S2030_PCIPMI_medium,2030,PCI/PMI,medium,0,E0127,backbone,FRh2,DEh2,,LOHC_to_H2,0.0,76467.5,0.0
S2030_PCIPMI_medium,S2030_PCIPMI_medium,2030,PCI/PMI,medium,0,E0131,backbone,FRh2S,ESh2,,NH3_cracked_to_H2,-0.0,78840.0,-0.0
S2030_PCIPMI_medium,S2030_PCIPMI_medium,2030,PCI/PMI,medium,0,E0131,backbone,FRh2S,ESh2,,LOHC_to_H2,-0.0,78840.0,-0.0
S2030_PCIPMI_medium,S2030_PCIPMI_medium,2030,PCI/PMI,medium,0,E0137,backbone,DEh2,ATh2,,NH3_cracked_to_H2,4377.87560358982,54750.0,7.996119823908346
S2030_PCIPMI_medium,S2030_PCIPMI_medium,2030,PCI/PMI,medium,0,E0137,backbone,DEh2,ATh2,,LOHC_to_H2,58.4,54750.0,0.10666666666666667
S2030_PCIPMI_medium,S2030_PCIPMI_medium,2030,PCI/PMI,medium,0,E0139,backbone,DEh2,BEh2,,NH3_cracked_to_H2,0.0,33288.0,0.0
S2030_PCIPMI_medium,S2030_PCIPMI_medium,2030,PCI/PMI,medium,0,E0139,backbone,DEh2,BEh2,,LOHC_to_H2,0.0,33288.0,0.0
S2030_PCIPMI_medium,S2030_PCIPMI_medium,2030,PCI/PMI,medium,0,E0141,backbone,DEh2,CZh2,,NH3_cracked_to_H2,0.0,105120.0,0.0
S2030_PCIPMI_medium,S2030_PCIPMI_medium,2030,PCI/PMI,medium,0,E0141,backbone,DEh2,CZh2,,LOHC_to_H2,0.0,105120.0,0.0
S2030_PCIPMI_medium,S2030_PCIPMI_medium,2030,PCI/PMI,medium,0,E0143,backbone,DEh2,DKh2,,NH3_cracked_to_H2,0.0,37668.0,0.0
S2030_PCIPMI_medium,S2030_PCIPMI_medium,2030,PCI/PMI,medium,0,E0143,backbone,DEh2,DKh2,,LOHC_to_H2,0.0,37668.0,0.0
S2030_PCIPMI_medium,S2030_PCIPMI_medium,2030,PCI/PMI,medium,0,E0145,backbone,DEh2,FRh2,,NH3_cracked_to_H2,15878.82007872744,70408.5,22.552419208941306
S2030_PCIPMI_medium,S2030_PCIPMI_medium,2030,PCI/PMI,medium,0,E0145,backbone,DEh2,FRh2,,LOHC_to_H2,0.0,70408.5,0.0
S2030_PCIPMI_medium,S2030_PCIPMI_medium,2030,PCI/PMI,medium,0,E0153,terminal_backbone,LH2_Tk_DE,DEh2,LH2_Tk_DE|DEh2,LOHC_to_H2,58.4,11388.0,0.5128205128205128
S2030_PCIPMI_medium,S2030_PCIPMI_medium,2030,PCI/PMI,medium,0,E0153,terminal_backbone,LH2_Tk_DE,DEh2,LH2_Tk_DE|DEh2,NH3_cracked_to_H2,11329.6,11388.0,99.48717948717949
S2030_PCIPMI_medium,S2030_PCIPMI_medium,2030,PCI/PMI,medium,0,E0157,backbone,DEh2,NLh2,,NH3_cracked_to_H2,0.0,63072.00000000001,0.0
S2030_PCIPMI_medium,S2030_PCIPMI_medium,2030,PCI/PMI,medium,0,E0157,backbone,DEh2,NLh2,,LOHC_to_H2,0.0,63072.00000000001,0.0
S2030_PCIPMI_medium,S2030_PCIPMI_medium,2030,PCI/PMI,medium,0,E0163,backbone,DEh2,PLh2nbc,,NH3_cracked_to_H2,15977.165716057312,36500.0,43.7730567563214
S2030_PCIPMI_medium,S2030_PCIPMI_medium,2030,PCI/PMI,medium,0,E0163,backbone,DEh2,PLh2nbc,,LOHC_to_H2,0.0,36500.0,0.0
S2030_PCIPMI_medium,S2030_PCIPMI_medium,2030,PCI/PMI,medium,0,E0167,backbone,GRh2,BGh2,,NH3_cracked_to_H2,0.0,29200.0,0.0
S2030_PCIPMI_medium,S2030_PCIPMI_medium,2030,PCI/PMI,medium,0,E0167,backbone,GRh2,BGh2,,LOHC_to_H2,0.0,29200.0,0.0
S2030_PCIPMI_medium,S2030_PCIPMI_medium,2030,PCI/PMI,medium,0,E0193,backbone,IB-ITh2,ATh2,,NH3_cracked_to_H2,0.0,61320.0,0.0
S2030_PCIPMI_medium,S2030_PCIPMI_medium,2030,PCI/PMI,medium,0,E0193,backbone,IB-ITh2,ATh2,,LOHC_to_H2,0.0,61320.0,0.0
S2030_PCIPMI_medium,S2030_PCIPMI_medium,2030,PCI/PMI,medium,0,E0197,backbone,ITh2,IB-ITh2,,NH3_cracked_to_H2,-0.0,73000.0,-0.0
S2030_PCIPMI_medium,S2030_PCIPMI_medium,2030,PCI/PMI,medium,0,E0197,backbone,ITh2,IB-ITh2,,LOHC_to_H2,-0.0,73000.0,-0.0
S2030_PCIPMI_medium,S2030_PCIPMI_medium,2030,PCI/PMI,medium,0,E0207,backbone,LVh2,EEh2,,NH3_cracked_to_H2,0.0,36500.0,0.0
S2030_PCIPMI_medium,S2030_PCIPMI_medium,2030,PCI/PMI,medium,0,E0207,backbone,LVh2,EEh2,,LOHC_to_H2,0.0,36500.0,0.0
S2030_PCIPMI_medium,S2030_PCIPMI_medium,2030,PCI/PMI,medium,0,E0209,backbone,LVh2,LTh2,,NH3_cracked_to_H2,-0.0,73000.0,-0.0
S2030_PCIPMI_medium,S2030_PCIPMI_medium,2030,PCI/PMI,medium,0,E0209,backbone,LVh2,LTh2,,LOHC_to_H2,-0.0,73000.0,-0.0
S2030_PCIPMI_medium,S2030_PCIPMI_medium,2030,PCI/PMI,medium,0,E0211,backbone,LTh2,LVh2,,NH3_cracked_to_H2,0.0,36500.0,0.0
S2030_PCIPMI_medium,S2030_PCIPMI_medium,2030,PCI/PMI,medium,0,E0211,backbone,LTh2,LVh2,,LOHC_to_H2,0.0,36500.0,0.0
S2030_PCIPMI_medium,S2030_PCIPMI_medium,2030,PCI/PMI,medium,0,E0213,backbone,LTh2,PLh2nbc,,NH3_cracked_to_H2,-0.0,73000.0,-0.0
S2030_PCIPMI_medium,S2030_PCIPMI_medium,2030,PCI/PMI,medium,0,E0213,backbone,LTh2,PLh2nbc,,LOHC_to_H2,-0.0,73000.0,-0.0
S2030_PCIPMI_medium,S2030_PCIPMI_medium,2030,PCI/PMI,medium,0,E0223,backbone,NLh2,BEh2,,NH3_cracked_to_H2,0.0,13140.0,0.0
S2030_PCIPMI_medium,S2030_PCIPMI_medium,2030,PCI/PMI,medium,0,E0223,backbone,NLh2,BEh2,,LOHC_to_H2,0.0,13140.0,0.0
S2030_PCIPMI_medium,S2030_PCIPMI_medium,2030,PCI/PMI,medium,0,E0225,backbone,NLh2,DEh2,,NH3_cracked_to_H2,3259.7613983745723,74460.0,4.3778691893292665
S2030_PCIPMI_medium,S2030_PCIPMI_medium,2030,PCI/PMI,medium,0,E0225,backbone,NLh2,DEh2,,LOHC_to_H2,0.0,74460.0,0.0
S2030_PCIPMI_medium,S2030_PCIPMI_medium,2030,PCI/PMI,medium,0,E0227,terminal_backbone,LH2_Tk_NL,NLh2,LH2_Tk_NL|NLh2,NH3_cracked_to_H2,33142.0,33142.0,100.0
S2030_PCIPMI_medium,S2030_PCIPMI_medium,2030,PCI/PMI,medium,0,E0245,backbone,PLh2nbc,DEh2,,NH3_cracked_to_H2,0.0,73000.0,0.0
S2030_PCIPMI_medium,S2030_PCIPMI_medium,2030,PCI/PMI,medium,0,E0245,backbone,PLh2nbc,DEh2,,LOHC_to_H2,0.0,73000.0,0.0
S2030_PCIPMI_medium,S2030_PCIPMI_medium,2030,PCI/PMI,medium,0,E0247,backbone,PLh2nbc,LTh2,,NH3_cracked_to_H2,0.0,36500.0,0.0
S2030_PCIPMI_medium,S2030_PCIPMI_medium,2030,PCI/PMI,medium,0,E0247,backbone,PLh2nbc,LTh2,,LOHC_to_H2,0.0,36500.0,0.0
S2030_PCIPMI_medium,S2030_PCIPMI_medium,2030,PCI/PMI,medium,0,E0253,backbone,PLh2nbc,PLh2N,,NH3_cracked_to_H2,10558.090472215006,36500.0,28.926275266342483
S2030_PCIPMI_medium,S2030_PCIPMI_medium,2030,PCI/PMI,medium,0,E0253,backbone,PLh2nbc,PLh2N,,LOHC_to_H2,-0.0,36500.0,-0.0
S2030_PCIPMI_medium,S2030_PCIPMI_medium,2030,PCI/PMI,medium,0,E0267,backbone,PTh2,ESh2,,NH3_cracked_to_H2,-0.0,29565.0,-0.0
S2030_PCIPMI_medium,S2030_PCIPMI_medium,2030,PCI/PMI,medium,0,E0267,backbone,PTh2,ESh2,,LOHC_to_H2,-0.0,29565.0,-0.0
S2030_PCIPMI_medium,S2030_PCIPMI_medium,2030,PCI/PMI,medium,0,E0319,backbone,ESh2,FRh2S,,NH3_cracked_to_H2,0.0,78840.0,0.0
S2030_PCIPMI_medium,S2030_PCIPMI_medium,2030,PCI/PMI,medium,0,E0319,backbone,ESh2,FRh2S,,LOHC_to_H2,0.0,78840.0,0.0
S2030_PCIPMI_medium,S2030_PCIPMI_medium,2030,PCI/PMI,medium,0,E0325,backbone,ESh2,PTh2,,NH3_cracked_to_H2,0.0,29565.0,0.0
S2030_PCIPMI_medium,S2030_PCIPMI_medium,2030,PCI/PMI,medium,0,E0325,backbone,ESh2,PTh2,,LOHC_to_H2,0.0,29565.0,0.0
S2030_PCIPMI_medium,S2030_PCIPMI_medium,2030,PCI/PMI,medium,0,E0327,backbone,SEh2,FIh2Al,,NH3_cracked_to_H2,-0.0,183960.0,-0.0
S2030_PCIPMI_medium,S2030_PCIPMI_medium,2030,PCI/PMI,medium,0,E0327,backbone,SEh2,FIh2Al,,LOHC_to_H2,-0.0,183960.0,-0.0
S2030_PCIPMI_medium,S2030_PCIPMI_medium,2030,PCI/PMI,medium,0,E0329,backbone,SEh2,FIh2N,,NH3_cracked_to_H2,0.0,59130.0,0.0
S2030_PCIPMI_medium,S2030_PCIPMI_medium,2030,PCI/PMI,medium,0,E0329,backbone,SEh2,FIh2N,,LOHC_to_H2,0.0,59130.0,0.0
S2030_PCIPMI_high,S2030_PCIPMI_high,2030,PCI/PMI,high,0,E0005,backbone,ATh2,DEh2,,NH3_cracked_to_H2,0.0,54750.0,0.0
S2030_PCIPMI_high,S2030_PCIPMI_high,2030,PCI/PMI,high,0,E0005,backbone,ATh2,DEh2,,LOHC_to_H2,0.0,54750.0,0.0
S2030_PCIPMI_high,S2030_PCIPMI_high,2030,PCI/PMI,high,0,E0009,backbone,ATh2,IB-ITh2,,NH3_cracked_to_H2,2103.1919818284987,45990.0,4.573150645419653
S2030_PCIPMI_high,S2030_PCIPMI_high,2030,PCI/PMI,high,0,E0009,backbone,ATh2,IB-ITh2,,LOHC_to_H2,-0.0,45990.0,-0.0
S2030_PCIPMI_high,S2030_PCIPMI_high,2030,PCI/PMI,high,0,E0019,terminal_backbone,LH2_Tk_BE,BEh2,LH2_Tk_BE|BEh2,NH3_cracked_to_H2,21644.5,21644.5,100.0
S2030_PCIPMI_high,S2030_PCIPMI_high,2030,PCI/PMI,high,0,E0025,backbone,BEH2Mo,FRh2Va,,NH3_cracked_to_H2,-0.0,8760.0,-0.0
S2030_PCIPMI_high,S2030_PCIPMI_high,2030,PCI/PMI,high,0,E0025,backbone,BEH2Mo,FRh2Va,,LOHC_to_H2,-0.0,8760.0,-0.0
S2030_PCIPMI_high,S2030_PCIPMI_high,2030,PCI/PMI,high,0,E0027,backbone,BEh2,DEh2,,NH3_cracked_to_H2,14317.472325415427,33288.0,43.01091181631647
S2030_PCIPMI_high,S2030_PCIPMI_high,2030,PCI/PMI,high,0,E0027,backbone,BEh2,DEh2,,LOHC_to_H2,-0.0,33288.0,-0.0
S2030_PCIPMI_high,S2030_PCIPMI_high,2030,PCI/PMI,high,0,E0031,backbone,BEh2,NLh2,,NH3_cracked_to_H2,7327.027674584573,13140.0,55.76124562088716
S2030_PCIPMI_high,S2030_PCIPMI_high,2030,PCI/PMI,high,0,E0031,backbone,BEh2,NLh2,,LOHC_to_H2,0.0,13140.0,0.0
S2030_PCIPMI_high,S2030_PCIPMI_high,2030,PCI/PMI,high,0,E0037,backbone,BGh2,GRh2,,NH3_cracked_to_H2,-0.0,29200.0,-0.0
S2030_PCIPMI_high,S2030_PCIPMI_high,2030,PCI/PMI,high,0,E0037,backbone,BGh2,GRh2,,LOHC_to_H2,-0.0,29200.0,-0.0
S2030_PCIPMI_high,S2030_PCIPMI_high,2030,PCI/PMI,high,0,E0057,backbone,CZh2,DEh2,,NH3_cracked_to_H2,-0.0,105120.0,-0.0
S2030_PCIPMI_high,S2030_PCIPMI_high,2030,PCI/PMI,high,0,E0057,backbone,CZh2,DEh2,,LOHC_to_H2,-0.0,105120.0,-0.0
S2030_PCIPMI_high,S2030_PCIPMI_high,2030,PCI/PMI,high,0,E0063,backbone,DKh2,DEh2,,NH3_cracked_to_H2,-0.0,37668.0,-0.0
S2030_PCIPMI_high,S2030_PCIPMI_high,2030,PCI/PMI,high,0,E0063,backbone,DKh2,DEh2,,LOHC_to_H2,-0.0,37668.0,-0.0
S2030_PCIPMI_high,S2030_PCIPMI_high,2030,PCI/PMI,high,0,E0069,backbone,EEh2,FIh2S,,NH3_cracked_to_H2,0.0,36500.0,0.0
S2030_PCIPMI_high,S2030_PCIPMI_high,2030,PCI/PMI,high,0,E0069,backbone,EEh2,FIh2S,,LOHC_to_H2,0.0,36500.0,0.0
S2030_PCIPMI_high,S2030_PCIPMI_high,2030,PCI/PMI,high,0,E0071,backbone,EEh2,LVh2,,NH3_cracked_to_H2,-0.0,73000.0,-0.0
S2030_PCIPMI_high,S2030_PCIPMI_high,2030,PCI/PMI,high,0,E0071,backbone,EEh2,LVh2,,LOHC_to_H2,-0.0,73000.0,-0.0
S2030_PCIPMI_high,S2030_PCIPMI_high,2030,PCI/PMI,high,0,E0073,backbone,FIh2S,EEh2,,NH3_cracked_to_H2,0.0,73000.0,0.0
S2030_PCIPMI_high,S2030_PCIPMI_high,2030,PCI/PMI,high,0,E0073,backbone,FIh2S,EEh2,,LOHC_to_H2,0.0,73000.0,0.0
S2030_PCIPMI_high,S2030_PCIPMI_high,2030,PCI/PMI,high,0,E0075,backbone,FIh2,FIh2Al,,NH3_cracked_to_H2,-0.0,183960.0,-0.0
S2030_PCIPMI_high,S2030_PCIPMI_high,2030,PCI/PMI,high,0,E0075,backbone,FIh2,FIh2Al,,LOHC_to_H2,-0.0,183960.0,-0.0
S2030_PCIPMI_high,S2030_PCIPMI_high,2030,PCI/PMI,high,0,E0077,backbone,FIh2,FIh2N,,NH3_cracked_to_H2,0.0,3649635.0,0.0
S2030_PCIPMI_high,S2030_PCIPMI_high,2030,PCI/PMI,high,0,E0077,backbone,FIh2,FIh2N,,LOHC_to_H2,0.0,3649635.0,0.0
S2030_PCIPMI_high,S2030_PCIPMI_high,2030,PCI/PMI,high,0,E0079,backbone,FIh2,FIh2S,,NH3_cracked_to_H2,0.0,3649635.0,0.0
S2030_PCIPMI_high,S2030_PCIPMI_high,2030,PCI/PMI,high,0,E0079,backbone,FIh2,FIh2S,,LOHC_to_H2,0.0,3649635.0,0.0
S2030_PCIPMI_high,S2030_PCIPMI_high,2030,PCI/PMI,high,0,E0081,backbone,FIh2Al,FIh2,,NH3_cracked_to_H2,0.0,183960.0,0.0
S2030_PCIPMI_high,S2030_PCIPMI_high,2030,PCI/PMI,high,0,E0081,backbone,FIh2Al,FIh2,,LOHC_to_H2,0.0,183960.0,0.0
S2030_PCIPMI_high,S2030_PCIPMI_high,2030,PCI/PMI,high,0,E0083,backbone,FIh2N,FIh2,,NH3_cracked_to_H2,0.0,3649635.0,0.0
S2030_PCIPMI_high,S2030_PCIPMI_high,2030,PCI/PMI,high,0,E0083,backbone,FIh2N,FIh2,,LOHC_to_H2,0.0,3649635.0,0.0
S2030_PCIPMI_high,S2030_PCIPMI_high,2030,PCI/PMI,high,0,E0085,backbone,FIh2S,FIh2,,NH3_cracked_to_H2,-0.0,3649635.0,-0.0
S2030_PCIPMI_high,S2030_PCIPMI_high,2030,PCI/PMI,high,0,E0085,backbone,FIh2S,FIh2,,LOHC_to_H2,-0.0,3649635.0,-0.0
S2030_PCIPMI_high,S2030_PCIPMI_high,2030,PCI/PMI,high,0,E0087,backbone,FIh2Al,DEh2,,NH3_cracked_to_H2,-0.0,95630.0,-0.0
S2030_PCIPMI_high,S2030_PCIPMI_high,2030,PCI/PMI,high,0,E0087,backbone,FIh2Al,DEh2,,LOHC_to_H2,-0.0,95630.0,-0.0
S2030_PCIPMI_high,S2030_PCIPMI_high,2030,PCI/PMI,high,0,E0091,backbone,FIh2Al,SEh2,,NH3_cracked_to_H2,0.0,183960.0,0.0
S2030_PCIPMI_high,S2030_PCIPMI_high,2030,PCI/PMI,high,0,E0091,backbone,FIh2Al,SEh2,,LOHC_to_H2,0.0,183960.0,0.0
S2030_PCIPMI_high,S2030_PCIPMI_high,2030,PCI/PMI,high,0,E0093,backbone,FIh2N,SEh2,,NH3_cracked_to_H2,-0.0,59130.0,-0.0
S2030_PCIPMI_high,S2030_PCIPMI_high,2030,PCI/PMI,high,0,E0093,backbone,FIh2N,SEh2,,LOHC_to_H2,-0.0,59130.0,-0.0
S2030_PCIPMI_high,S2030_PCIPMI_high,2030,PCI/PMI,high,0,E0099,backbone,FRh2Va,BEH2Mo,,NH3_cracked_to_H2,0.0,8760.0,0.0
S2030_PCIPMI_high,S2030_PCIPMI_high,2030,PCI/PMI,high,0,E0099,backbone,FRh2Va,BEH2Mo,,LOHC_to_H2,0.0,8760.0,0.0
S2030_PCIPMI_high,S2030_PCIPMI_high,2030,PCI/PMI,high,0,E0103,backbone,FRh2,FRh2S,,NH3_cracked_to_H2,0.0,70080.0,0.0
S2030_PCIPMI_high,S2030_PCIPMI_high,2030,PCI/PMI,high,0,E0103,backbone,FRh2,FRh2S,,LOHC_to_H2,0.0,70080.0,0.0
S2030_PCIPMI_high,S2030_PCIPMI_high,2030,PCI/PMI,high,0,E0107,backbone,FRh2,FRh2Va,,NH3_cracked_to_H2,7851.770226494944,8760.0,89.63208021112949
S2030_PCIPMI_high,S2030_PCIPMI_high,2030,PCI/PMI,high,0,E0107,backbone,FRh2,FRh2Va,,LOHC_to_H2,-0.0,8760.0,-0.0
S2030_PCIPMI_high,S2030_PCIPMI_high,2030,PCI/PMI,high,0,E0111,backbone,FRh2S,FRh2,,NH3_cracked_to_H2,0.0,70080.0,0.0
S2030_PCIPMI_high,S2030_PCIPMI_high,2030,PCI/PMI,high,0,E0111,backbone,FRh2S,FRh2,,LOHC_to_H2,0.0,70080.0,0.0
S2030_PCIPMI_high,S2030_PCIPMI_high,2030,PCI/PMI,high,0,E0119,backbone,FRh2Va,FRh2,,NH3_cracked_to_H2,0.0,8760.0,0.0
S2030_PCIPMI_high,S2030_PCIPMI_high,2030,PCI/PMI,high,0,E0119,backbone,FRh2Va,FRh2,,LOHC_to_H2,0.0,8760.0,0.0
S2030_PCIPMI_high,S2030_PCIPMI_high,2030,PCI/PMI,high,0,E0127,backbone,FRh2,DEh2,,NH3_cracked_to_H2,0.0,76467.5,0.0
S2030_PCIPMI_high,S2030_PCIPMI_high,2030,PCI/PMI,high,0,E0127,backbone,FRh2,DEh2,,LOHC_to_H2,0.0,76467.5,0.0
S2030_PCIPMI_high,S2030_PCIPMI_high,2030,PCI/PMI,high,0,E0131,backbone,FRh2S,ESh2,,NH3_cracked_to_H2,-0.0,78840.0,-0.0
S2030_PCIPMI_high,S2030_PCIPMI_high,2030,PCI/PMI,high,0,E0131,backbone,FRh2S,ESh2,,LOHC_to_H2,-0.0,78840.0,-0.0
S2030_PCIPMI_high,S2030_PCIPMI_high,2030,PCI/PMI,high,0,E0137,backbone,DEh2,ATh2,,NH3_cracked_to_H2,2103.1919818284987,54750.0,3.8414465421525086
S2030_PCIPMI_high,S2030_PCIPMI_high,2030,PCI/PMI,high,0,E0137,backbone,DEh2,ATh2,,LOHC_to_H2,0.0,54750.0,0.0
S2030_PCIPMI_high,S2030_PCIPMI_high,2030,PCI/PMI,high,0,E0139,backbone,DEh2,BEh2,,NH3_cracked_to_H2,0.0,33288.0,0.0
S2030_PCIPMI_high,S2030_PCIPMI_high,2030,PCI/PMI,high,0,E0139,backbone,DEh2,BEh2,,LOHC_to_H2,0.0,33288.0,0.0
S2030_PCIPMI_high,S2030_PCIPMI_high,2030,PCI/PMI,high,0,E0141,backbone,DEh2,CZh2,,NH3_cracked_to_H2,0.0,105120.0,0.0
S2030_PCIPMI_high,S2030_PCIPMI_high,2030,PCI/PMI,high,0,E0141,backbone,DEh2,CZh2,,LOHC_to_H2,0.0,105120.0,0.0
S2030_PCIPMI_high,S2030_PCIPMI_high,2030,PCI/PMI,high,0,E0143,backbone,DEh2,DKh2,,NH3_cracked_to_H2,0.0,37668.0,0.0
S2030_PCIPMI_high,S2030_PCIPMI_high,2030,PCI/PMI,high,0,E0143,backbone,DEh2,DKh2,,LOHC_to_H2,0.0,37668.0,0.0
S2030_PCIPMI_high,S2030_PCIPMI_high,2030,PCI/PMI,high,0,E0145,backbone,DEh2,FRh2,,NH3_cracked_to_H2,7851.770226494944,70408.5,11.151736262659968
S2030_PCIPMI_high,S2030_PCIPMI_high,2030,PCI/PMI,high,0,E0145,backbone,DEh2,FRh2,,LOHC_to_H2,0.0,70408.5,0.0
S2030_PCIPMI_high,S2030_PCIPMI_high,2030,PCI/PMI,high,0,E0153,terminal_backbone,LH2_Tk_DE,DEh2,LH2_Tk_DE|DEh2,LOHC_to_H2,58.4,11388.0,0.5128205128205128
S2030_PCIPMI_high,S2030_PCIPMI_high,2030,PCI/PMI,high,0,E0153,terminal_backbone,LH2_Tk_DE,DEh2,LH2_Tk_DE|DEh2,NH3_cracked_to_H2,11329.6,11388.0,99.48717948717949
S2030_PCIPMI_high,S2030_PCIPMI_high,2030,PCI/PMI,high,0,E0157,backbone,DEh2,NLh2,,NH3_cracked_to_H2,0.0,63072.00000000001,0.0
S2030_PCIPMI_high,S2030_PCIPMI_high,2030,PCI/PMI,high,0,E0157,backbone,DEh2,NLh2,,LOHC_to_H2,0.0,63072.00000000001,0.0
S2030_PCIPMI_high,S2030_PCIPMI_high,2030,PCI/PMI,high,0,E0163,backbone,DEh2,PLh2nbc,,NH3_cracked_to_H2,15692.110117091983,36500.0,42.99208251258078
S2030_PCIPMI_high,S2030_PCIPMI_high,2030,PCI/PMI,high,0,E0163,backbone,DEh2,PLh2nbc,,LOHC_to_H2,58.4,36500.0,0.16
S2030_PCIPMI_high,S2030_PCIPMI_high,2030,PCI/PMI,high,0,E0167,backbone,GRh2,BGh2,,NH3_cracked_to_H2,0.0,29200.0,0.0
S2030_PCIPMI_high,S2030_PCIPMI_high,2030,PCI/PMI,high,0,E0167,backbone,GRh2,BGh2,,LOHC_to_H2,0.0,29200.0,0.0
S2030_PCIPMI_high,S2030_PCIPMI_high,2030,PCI/PMI,high,0,E0193,backbone,IB-ITh2,ATh2,,NH3_cracked_to_H2,0.0,61320.0,0.0
S2030_PCIPMI_high,S2030_PCIPMI_high,2030,PCI/PMI,high,0,E0193,backbone,IB-ITh2,ATh2,,LOHC_to_H2,0.0,61320.0,0.0
S2030_PCIPMI_high,S2030_PCIPMI_high,2030,PCI/PMI,high,0,E0197,backbone,ITh2,IB-ITh2,,NH3_cracked_to_H2,-0.0,73000.0,-0.0
S2030_PCIPMI_high,S2030_PCIPMI_high,2030,PCI/PMI,high,0,E0197,backbone,ITh2,IB-ITh2,,LOHC_to_H2,-0.0,73000.0,-0.0
S2030_PCIPMI_high,S2030_PCIPMI_high,2030,PCI/PMI,high,0,E0207,backbone,LVh2,EEh2,,NH3_cracked_to_H2,0.0,36500.0,0.0
S2030_PCIPMI_high,S2030_PCIPMI_high,2030,PCI/PMI,high,0,E0207,backbone,LVh2,EEh2,,LOHC_to_H2,0.0,36500.0,0.0
S2030_PCIPMI_high,S2030_PCIPMI_high,2030,PCI/PMI,high,0,E0209,backbone,LVh2,LTh2,,NH3_cracked_to_H2,-0.0,73000.0,-0.0
S2030_PCIPMI_high,S2030_PCIPMI_high,2030,PCI/PMI,high,0,E0209,backbone,LVh2,LTh2,,LOHC_to_H2,-0.0,73000.0,-0.0
S2030_PCIPMI_high,S2030_PCIPMI_high,2030,PCI/PMI,high,0,E0211,backbone,LTh2,LVh2,,NH3_cracked_to_H2,0.0,36500.0,0.0
S2030_PCIPMI_high,S2030_PCIPMI_high,2030,PCI/PMI,high,0,E0211,backbone,LTh2,LVh2,,LOHC_to_H2,0.0,36500.0,0.0
S2030_PCIPMI_high,S2030_PCIPMI_high,2030,PCI/PMI,high,0,E0213,backbone,LTh2,PLh2nbc,,NH3_cracked_to_H2,-0.0,73000.0,-0.0
S2030_PCIPMI_high,S2030_PCIPMI_high,2030,PCI/PMI,high,0,E0213,backbone,LTh2,PLh2nbc,,LOHC_to_H2,-0.0,73000.0,-0.0
S2030_PCIPMI_high,S2030_PCIPMI_high,2030,PCI/PMI,high,0,E0223,backbone,NLh2,BEh2,,NH3_cracked_to_H2,0.0,13140.0,0.0
S2030_PCIPMI_high,S2030_PCIPMI_high,2030,PCI/PMI,high,0,E0223,backbone,NLh2,BEh2,,LOHC_to_H2,0.0,13140.0,0.0
S2030_PCIPMI_high,S2030_PCIPMI_high,2030,PCI/PMI,high,0,E0225,backbone,NLh2,DEh2,,NH3_cracked_to_H2,0.0,74460.0,0.0
S2030_PCIPMI_high,S2030_PCIPMI_high,2030,PCI/PMI,high,0,E0225,backbone,NLh2,DEh2,,LOHC_to_H2,0.0,74460.0,0.0
S2030_PCIPMI_high,S2030_PCIPMI_high,2030,PCI/PMI,high,0,E0227,terminal_backbone,LH2_Tk_NL,NLh2,LH2_Tk_NL|NLh2,NH3_cracked_to_H2,33142.0,33142.0,100.0
S2030_PCIPMI_high,S2030_PCIPMI_high,2030,PCI/PMI,high,0,E0245,backbone,PLh2nbc,DEh2,,NH3_cracked_to_H2,0.0,73000.0,0.0
S2030_PCIPMI_high,S2030_PCIPMI_high,2030,PCI/PMI,high,0,E0245,backbone,PLh2nbc,DEh2,,LOHC_to_H2,0.0,73000.0,0.0
S2030_PCIPMI_high,S2030_PCIPMI_high,2030,PCI/PMI,high,0,E0247,backbone,PLh2nbc,LTh2,,NH3_cracked_to_H2,0.0,36500.0,0.0
S2030_PCIPMI_high,S2030_PCIPMI_high,2030,PCI/PMI,high,0,E0247,backbone,PLh2nbc,LTh2,,LOHC_to_H2,0.0,36500.0,0.0
S2030_PCIPMI_high,S2030_PCIPMI_high,2030,PCI/PMI,high,0,E0253,backbone,PLh2nbc,PLh2N,,NH3_cracked_to_H2,-0.0,36500.0,-0.0
S2030_PCIPMI_high,S2030_PCIPMI_high,2030,PCI/PMI,high,0,E0253,backbone,PLh2nbc,PLh2N,,LOHC_to_H2,-0.0,36500.0,-0.0
S2030_PCIPMI_high,S2030_PCIPMI_high,2030,PCI/PMI,high,0,E0267,backbone,PTh2,ESh2,,NH3_cracked_to_H2,-0.0,29565.0,-0.0
S2030_PCIPMI_high,S2030_PCIPMI_high,2030,PCI/PMI,high,0,E0267,backbone,PTh2,ESh2,,LOHC_to_H2,-0.0,29565.0,-0.0
S2030_PCIPMI_high,S2030_PCIPMI_high,2030,PCI/PMI,high,0,E0319,backbone,ESh2,FRh2S,,NH3_cracked_to_H2,0.0,78840.0,0.0
S2030_PCIPMI_high,S2030_PCIPMI_high,2030,PCI/PMI,high,0,E0319,backbone,ESh2,FRh2S,,LOHC_to_H2,0.0,78840.0,0.0
S2030_PCIPMI_high,S2030_PCIPMI_high,2030,PCI/PMI,high,0,E0325,backbone,ESh2,PTh2,,NH3_cracked_to_H2,0.0,29565.0,0.0
S2030_PCIPMI_high,S2030_PCIPMI_high,2030,PCI/PMI,high,0,E0325,backbone,ESh2,PTh2,,LOHC_to_H2,0.0,29565.0,0.0
S2030_PCIPMI_high,S2030_PCIPMI_high,2030,PCI/PMI,high,0,E0327,backbone,SEh2,FIh2Al,,NH3_cracked_to_H2,-0.0,183960.0,-0.0
S2030_PCIPMI_high,S2030_PCIPMI_high,2030,PCI/PMI,high,0,E0327,backbone,SEh2,FIh2Al,,LOHC_to_H2,-0.0,183960.0,-0.0
S2030_PCIPMI_high,S2030_PCIPMI_high,2030,PCI/PMI,high,0,E0329,backbone,SEh2,FIh2N,,NH3_cracked_to_H2,0.0,59130.0,0.0
S2030_PCIPMI_high,S2030_PCIPMI_high,2030,PCI/PMI,high,0,E0329,backbone,SEh2,FIh2N,,LOHC_to_H2,0.0,59130.0,0.0
S2030_Advanced_low,S2030_Advanced_low,2030,Advanced,low,0,E0003,backbone,DZh2,ITh2,,NH3_cracked_to_H2,-0.0,163520.0,-0.0
S2030_Advanced_low,S2030_Advanced_low,2030,Advanced,low,0,E0003,backbone,DZh2,ITh2,,LOHC_to_H2,-0.0,163520.0,-0.0
S2030_Advanced_low,S2030_Advanced_low,2030,Advanced,low,0,E0005,backbone,ATh2,DEh2,,NH3_cracked_to_H2,0.0,54750.0,0.0
S2030_Advanced_low,S2030_Advanced_low,2030,Advanced,low,0,E0005,backbone,ATh2,DEh2,,LOHC_to_H2,0.0,54750.0,0.0
S2030_Advanced_low,S2030_Advanced_low,2030,Advanced,low,0,E0009,backbone,ATh2,IB-ITh2,,NH3_cracked_to_H2,14024.821165613728,45990.0,30.49537109287612
S2030_Advanced_low,S2030_Advanced_low,2030,Advanced,low,0,E0009,backbone,ATh2,IB-ITh2,,LOHC_to_H2,-0.0,45990.0,-0.0
S2030_Advanced_low,S2030_Advanced_low,2030,Advanced,low,0,E0011,backbone,ATh2,IB-SKh2W,,NH3_cracked_to_H2,-0.0,52560.0,-0.0
S2030_Advanced_low,S2030_Advanced_low,2030,Advanced,low,0,E0011,backbone,ATh2,IB-SKh2W,,LOHC_to_H2,-0.0,52560.0,-0.0
S2030_Advanced_low,S2030_Advanced_low,2030,Advanced,low,0,E0019,terminal_backbone,LH2_Tk_BE,BEh2,LH2_Tk_BE|BEh2,NH3_cracked_to_H2,21644.5,21644.5,100.0
S2030_Advanced_low,S2030_Advanced_low,2030,Advanced,low,0,E0025,backbone,BEH2Mo,FRh2Va,,NH3_cracked_to_H2,-0.0,8760.0,-0.0
S2030_Advanced_low,S2030_Advanced_low,2030,Advanced,low,0,E0025,backbone,BEH2Mo,FRh2Va,,LOHC_to_H2,-0.0,8760.0,-0.0
S2030_Advanced_low,S2030_Advanced_low,2030,Advanced,low,0,E0027,backbone,BEh2,DEh2,,NH3_cracked_to_H2,21644.5,33288.0,65.0219298245614
S2030_Advanced_low,S2030_Advanced_low,2030,Advanced,low,0,E0027,backbone,BEh2,DEh2,,LOHC_to_H2,-0.0,33288.0,-0.0
S2030_Advanced_low,S2030_Advanced_low,2030,Advanced,low,0,E0031,backbone,BEh2,NLh2,,NH3_cracked_to_H2,0.0,13140.0,0.0
S2030_Advanced_low,S2030_Advanced_low,2030,Advanced,low,0,E0031,backbone,BEh2,NLh2,,LOHC_to_H2,0.0,13140.0,0.0
S2030_Advanced_low,S2030_Advanced_low,2030,Advanced,low,0,E0035,backbone,BAh2,HRh2,,NH3_cracked_to_H2,-0.0,41975.0,-0.0
S2030_Advanced_low,S2030_Advanced_low,2030,Advanced,low,0,E0035,backbone,BAh2,HRh2,,LOHC_to_H2,-0.0,41975.0,-0.0
S2030_Advanced_low,S2030_Advanced_low,2030,Advanced,low,0,E0037,backbone,BGh2,GRh2,,NH3_cracked_to_H2,-0.0,29200.0,-0.0
S2030_Advanced_low,S2030_Advanced_low,2030,Advanced,low,0,E0037,backbone,BGh2,GRh2,,LOHC_to_H2,-0.0,29200.0,-0.0
S2030_Advanced_low,S2030_Advanced_low,2030,Advanced,low,0,E0045,backbone,HRh2,BAh2,,NH3_cracked_to_H2,0.0,41975.0,0.0
S2030_Advanced_low,S2030_Advanced_low,2030,Advanced,low,0,E0045,backbone,HRh2,BAh2,,LOHC_to_H2,0.0,41975.0,0.0
S2030_Advanced_low,S2030_Advanced_low,2030,Advanced,low,0,E0057,backbone,CZh2,DEh2,,NH3_cracked_to_H2,-0.0,105120.0,-0.0
S2030_Advanced_low,S2030_Advanced_low,2030,Advanced,low,0,E0057,backbone,CZh2,DEh2,,LOHC_to_H2,-0.0,105120.0,-0.0
S2030_Advanced_low,S2030_Advanced_low,2030,Advanced,low,0,E0063,backbone,DKh2,DEh2,,NH3_cracked_to_H2,-0.0,37668.0,-0.0
S2030_Advanced_low,S2030_Advanced_low,2030,Advanced,low,0,E0063,backbone,DKh2,DEh2,,LOHC_to_H2,-0.0,37668.0,-0.0
S2030_Advanced_low,S2030_Advanced_low,2030,Advanced,low,0,E0069,backbone,EEh2,FIh2S,,NH3_cracked_to_H2,0.0,36500.0,0.0
S2030_Advanced_low,S2030_Advanced_low,2030,Advanced,low,0,E0069,backbone,EEh2,FIh2S,,LOHC_to_H2,0.0,36500.0,0.0
S2030_Advanced_low,S2030_Advanced_low,2030,Advanced,low,0,E0071,backbone,EEh2,LVh2,,NH3_cracked_to_H2,-0.0,73000.0,-0.0
S2030_Advanced_low,S2030_Advanced_low,2030,Advanced,low,0,E0071,backbone,EEh2,LVh2,,LOHC_to_H2,-0.0,73000.0,-0.0
S2030_Advanced_low,S2030_Advanced_low,2030,Advanced,low,0,E0073,backbone,FIh2S,EEh2,,NH3_cracked_to_H2,0.0,73000.0,0.0
S2030_Advanced_low,S2030_Advanced_low,2030,Advanced,low,0,E0073,backbone,FIh2S,EEh2,,LOHC_to_H2,-0.0,73000.0,-0.0
S2030_Advanced_low,S2030_Advanced_low,2030,Advanced,low,0,E0075,backbone,FIh2,FIh2Al,,NH3_cracked_to_H2,-0.0,183960.0,-0.0
S2030_Advanced_low,S2030_Advanced_low,2030,Advanced,low,0,E0075,backbone,FIh2,FIh2Al,,LOHC_to_H2,-0.0,183960.0,-0.0
S2030_Advanced_low,S2030_Advanced_low,2030,Advanced,low,0,E0077,backbone,FIh2,FIh2N,,NH3_cracked_to_H2,0.0,3649635.0,0.0
S2030_Advanced_low,S2030_Advanced_low,2030,Advanced,low,0,E0077,backbone,FIh2,FIh2N,,LOHC_to_H2,0.0,3649635.0,0.0
S2030_Advanced_low,S2030_Advanced_low,2030,Advanced,low,0,E0079,backbone,FIh2,FIh2S,,NH3_cracked_to_H2,0.0,3649635.0,0.0
S2030_Advanced_low,S2030_Advanced_low,2030,Advanced,low,0,E0079,backbone,FIh2,FIh2S,,LOHC_to_H2,0.0,3649635.0,0.0
S2030_Advanced_low,S2030_Advanced_low,2030,Advanced,low,0,E0081,backbone,FIh2Al,FIh2,,NH3_cracked_to_H2,0.0,183960.0,0.0
S2030_Advanced_low,S2030_Advanced_low,2030,Advanced,low,0,E0081,backbone,FIh2Al,FIh2,,LOHC_to_H2,0.0,183960.0,0.0
S2030_Advanced_low,S2030_Advanced_low,2030,Advanced,low,0,E0083,backbone,FIh2N,FIh2,,NH3_cracked_to_H2,0.0,3649635.0,0.0
S2030_Advanced_low,S2030_Advanced_low,2030,Advanced,low,0,E0083,backbone,FIh2N,FIh2,,LOHC_to_H2,0.0,3649635.0,0.0
S2030_Advanced_low,S2030_Advanced_low,2030,Advanced,low,0,E0085,backbone,FIh2S,FIh2,,NH3_cracked_to_H2,-0.0,3649635.0,-0.0
S2030_Advanced_low,S2030_Advanced_low,2030,Advanced,low,0,E0085,backbone,FIh2S,FIh2,,LOHC_to_H2,0.0,3649635.0,0.0
S2030_Advanced_low,S2030_Advanced_low,2030,Advanced,low,0,E0087,backbone,FIh2Al,DEh2,,NH3_cracked_to_H2,-0.0,95630.0,-0.0
S2030_Advanced_low,S2030_Advanced_low,2030,Advanced,low,0,E0087,backbone,FIh2Al,DEh2,,LOHC_to_H2,-0.0,95630.0,-0.0
S2030_Advanced_low,S2030_Advanced_low,2030,Advanced,low,0,E0091,backbone,FIh2Al,SEh2,,NH3_cracked_to_H2,0.0,183960.0,0.0
S2030_Advanced_low,S2030_Advanced_low,2030,Advanced,low,0,E0091,backbone,FIh2Al,SEh2,,LOHC_to_H2,0.0,183960.0,0.0
S2030_Advanced_low,S2030_Advanced_low,2030,Advanced,low,0,E0093,backbone,FIh2N,SEh2,,NH3_cracked_to_H2,-0.0,59130.0,-0.0
S2030_Advanced_low,S2030_Advanced_low,2030,Advanced,low,0,E0093,backbone,FIh2N,SEh2,,LOHC_to_H2,-0.0,59130.0,-0.0
S2030_Advanced_low,S2030_Advanced_low,2030,Advanced,low,0,E0099,backbone,FRh2Va,BEH2Mo,,NH3_cracked_to_H2,0.0,8760.0,0.0
S2030_Advanced_low,S2030_Advanced_low,2030,Advanced,low,0,E0099,backbone,FRh2Va,BEH2Mo,,LOHC_to_H2,0.0,8760.0,0.0
S2030_Advanced_low,S2030_Advanced_low,2030,Advanced,low,0,E0103,backbone,FRh2,FRh2S,,NH3_cracked_to_H2,5241.432389004862,70080.0,7.479212883853969
S2030_Advanced_low,S2030_Advanced_low,2030,Advanced,low,0,E0103,backbone,FRh2,FRh2S,,LOHC_to_H2,0.0,70080.0,0.0
S2030_Advanced_low,S2030_Advanced_low,2030,Advanced,low,0,E0107,backbone,FRh2,FRh2Va,,NH3_cracked_to_H2,8409.450332036498,8760.0,95.99829146160386
S2030_Advanced_low,S2030_Advanced_low,2030,Advanced,low,0,E0107,backbone,FRh2,FRh2Va,,LOHC_to_H2,-0.0,8760.0,-0.0
S2030_Advanced_low,S2030_Advanced_low,2030,Advanced,low,0,E0111,backbone,FRh2S,FRh2,,NH3_cracked_to_H2,0.0,70080.0,0.0
S2030_Advanced_low,S2030_Advanced_low,2030,Advanced,low,0,E0111,backbone,FRh2S,FRh2,,LOHC_to_H2,0.0,70080.0,0.0
S2030_Advanced_low,S2030_Advanced_low,2030,Advanced,low,0,E0119,backbone,FRh2Va,FRh2,,NH3_cracked_to_H2,0.0,8760.0,0.0
S2030_Advanced_low,S2030_Advanced_low,2030,Advanced,low,0,E0119,backbone,FRh2Va,FRh2,,LOHC_to_H2,0.0,8760.0,0.0
S2030_Advanced_low,S2030_Advanced_low,2030,Advanced,low,0,E0127,backbone,FRh2,DEh2,,NH3_cracked_to_H2,0.0,76467.5,0.0
S2030_Advanced_low,S2030_Advanced_low,2030,Advanced,low,0,E0127,backbone,FRh2,DEh2,,LOHC_to_H2,0.0,76467.5,0.0
S2030_Advanced_low,S2030_Advanced_low,2030,Advanced,low,0,E0131,backbone,FRh2S,ESh2,,NH3_cracked_to_H2,5241.432389004862,78840.0,6.648189230092417
S2030_Advanced_low,S2030_Advanced_low,2030,Advanced,low,0,E0131,backbone,FRh2S,ESh2,,LOHC_to_H2,-0.0,78840.0,-0.0
S2030_Advanced_low,S2030_Advanced_low,2030,Advanced,low,0,E0137,backbone,DEh2,ATh2,,NH3_cracked_to_H2,14024.821165613728,54750.0,25.61611171801594
S2030_Advanced_low,S2030_Advanced_low,2030,Advanced,low,0,E0137,backbone,DEh2,ATh2,,LOHC_to_H2,0.0,54750.0,0.0
S2030_Advanced_low,S2030_Advanced_low,2030,Advanced,low,0,E0139,backbone,DEh2,BEh2,,NH3_cracked_to_H2,0.0,33288.0,0.0
S2030_Advanced_low,S2030_Advanced_low,2030,Advanced,low,0,E0139,backbone,DEh2,BEh2,,LOHC_to_H2,0.0,33288.0,0.0
S2030_Advanced_low,S2030_Advanced_low,2030,Advanced,low,0,E0141,backbone,DEh2,CZh2,,NH3_cracked_to_H2,0.0,105120.0,0.0
S2030_Advanced_low,S2030_Advanced_low,2030,Advanced,low,0,E0141,backbone,DEh2,CZh2,,LOHC_to_H2,0.0,105120.0,0.0
S2030_Advanced_low,S2030_Advanced_low,2030,Advanced,low,0,E0143,backbone,DEh2,DKh2,,NH3_cracked_to_H2,0.0,37668.0,0.0
S2030_Advanced_low,S2030_Advanced_low,2030,Advanced,low,0,E0143,backbone,DEh2,DKh2,,LOHC_to_H2,0.0,37668.0,0.0
S2030_Advanced_low,S2030_Advanced_low,2030,Advanced,low,0,E0145,backbone,DEh2,FRh2,,NH3_cracked_to_H2,20967.438877992055,70408.5,29.77969830062003
S2030_Advanced_low,S2030_Advanced_low,2030,Advanced,low,0,E0145,backbone,DEh2,FRh2,,LOHC_to_H2,0.0,70408.5,0.0
S2030_Advanced_low,S2030_Advanced_low,2030,Advanced,low,0,E0147,backbone,DEh2ba,DEh2,,NH3_cracked_to_H2,-0.0,15695.0,-0.0
S2030_Advanced_low,S2030_Advanced_low,2030,Advanced,low,0,E0147,backbone,DEh2ba,DEh2,,LOHC_to_H2,-0.0,15695.0,-0.0
S2030_Advanced_low,S2030_Advanced_low,2030,Advanced,low,0,E0149,backbone,DEh2bp,DEh2,,NH3_cracked_to_H2,-0.0,4745.0,-0.0
S2030_Advanced_low,S2030_Advanced_low,2030,Advanced,low,0,E0149,backbone,DEh2bp,DEh2,,LOHC_to_H2,-0.0,4745.0,-0.0
S2030_Advanced_low,S2030_Advanced_low,2030,Advanced,low,0,E0151,backbone,DEh2bp,DEh2ba,,NH3_cracked_to_H2,0.0,15695.0,0.0
S2030_Advanced_low,S2030_Advanced_low,2030,Advanced,low,0,E0151,backbone,DEh2bp,DEh2ba,,LOHC_to_H2,0.0,15695.0,0.0
S2030_Advanced_low,S2030_Advanced_low,2030,Advanced,low,0,E0153,terminal_backbone,LH2_Tk_DE,DEh2,LH2_Tk_DE|DEh2,LOHC_to_H2,58.4,11388.0,0.5128205128205128
S2030_Advanced_low,S2030_Advanced_low,2030,Advanced,low,0,E0153,terminal_backbone,LH2_Tk_DE,DEh2,LH2_Tk_DE|DEh2,NH3_cracked_to_H2,11329.6,11388.0,99.48717948717949
S2030_Advanced_low,S2030_Advanced_low,2030,Advanced,low,0,E0157,backbone,DEh2,NLh2,,NH3_cracked_to_H2,0.0,108879.5,0.0
S2030_Advanced_low,S2030_Advanced_low,2030,Advanced,low,0,E0157,backbone,DEh2,NLh2,,LOHC_to_H2,0.0,108879.5,0.0
S2030_Advanced_low,S2030_Advanced_low,2030,Advanced,low,0,E0161,backbone,DEh2,PLh2N,,NH3_cracked_to_H2,3999.448472113953,7008.0,57.069755595233346
S2030_Advanced_low,S2030_Advanced_low,2030,Advanced,low,0,E0161,backbone,DEh2,PLh2N,,LOHC_to_H2,0.0,7008.0,0.0
S2030_Advanced_low,S2030_Advanced_low,2030,Advanced,low,0,E0163,backbone,DEh2,PLh2nbc,,NH3_cracked_to_H2,16516.930228327128,36500.0,45.251863639252406
S2030_Advanced_low,S2030_Advanced_low,2030,Advanced,low,0,E0163,backbone,DEh2,PLh2nbc,,LOHC_to_H2,58.4,36500.0,0.16
S2030_Advanced_low,S2030_Advanced_low,2030,Advanced,low,0,E0167,backbone,GRh2,BGh2,,NH3_cracked_to_H2,0.0,29200.0,0.0
S2030_Advanced_low,S2030_Advanced_low,2030,Advanced,low,0,E0167,backbone,GRh2,BGh2,,LOHC_to_H2,0.0,29200.0,0.0
S2030_Advanced_low,S2030_Advanced_low,2030,Advanced,low,0,E0179,backbone,HUh2,ROh2,,NH3_cracked_to_H2,-0.0,28032.0,-0.0
S2030_Advanced_low,S2030_Advanced_low,2030,Advanced,low,0,E0179,backbone,HUh2,ROh2,,LOHC_to_H2,-0.0,28032.0,-0.0
S2030_Advanced_low,S2030_Advanced_low,2030,Advanced,low,0,E0183,backbone,HUh2,IB-SKh2C,,NH3_cracked_to_H2,0.0,36500.0,0.0
S2030_Advanced_low,S2030_Advanced_low,2030,Advanced,low,0,E0183,backbone,HUh2,IB-SKh2C,,LOHC_to_H2,0.0,36500.0,0.0
S2030_Advanced_low,S2030_Advanced_low,2030,Advanced,low,0,E0193,backbone,IB-ITh2,ATh2,,NH3_cracked_to_H2,0.0,61320.0,0.0
S2030_Advanced_low,S2030_Advanced_low,2030,Advanced,low,0,E0193,backbone,IB-ITh2,ATh2,,LOHC_to_H2,0.0,61320.0,0.0
S2030_Advanced_low,S2030_Advanced_low,2030,Advanced,low,0,E0197,backbone,ITh2,IB-ITh2,,NH3_cracked_to_H2,-0.0,73000.0,-0.0
S2030_Advanced_low,S2030_Advanced_low,2030,Advanced,low,0,E0197,backbone,ITh2,IB-ITh2,,LOHC_to_H2,-0.0,73000.0,-0.0
S2030_Advanced_low,S2030_Advanced_low,2030,Advanced,low,0,E0207,backbone,LVh2,EEh2,,NH3_cracked_to_H2,0.0,36500.0,0.0
S2030_Advanced_low,S2030_Advanced_low,2030,Advanced,low,0,E0207,backbone,LVh2,EEh2,,LOHC_to_H2,0.0,36500.0,0.0
S2030_Advanced_low,S2030_Advanced_low,2030,Advanced,low,0,E0209,backbone,LVh2,LTh2,,NH3_cracked_to_H2,-0.0,73000.0,-0.0
S2030_Advanced_low,S2030_Advanced_low,2030,Advanced,low,0,E0209,backbone,LVh2,LTh2,,LOHC_to_H2,-0.0,73000.0,-0.0
S2030_Advanced_low,S2030_Advanced_low,2030,Advanced,low,0,E0211,backbone,LTh2,LVh2,,NH3_cracked_to_H2,0.0,36500.0,0.0
S2030_Advanced_low,S2030_Advanced_low,2030,Advanced,low,0,E0211,backbone,LTh2,LVh2,,LOHC_to_H2,0.0,36500.0,0.0
S2030_Advanced_low,S2030_Advanced_low,2030,Advanced,low,0,E0213,backbone,LTh2,PLh2nbc,,NH3_cracked_to_H2,-0.0,73000.0,-0.0
S2030_Advanced_low,S2030_Advanced_low,2030,Advanced,low,0,E0213,backbone,LTh2,PLh2nbc,,LOHC_to_H2,-0.0,73000.0,-0.0
S2030_Advanced_low,S2030_Advanced_low,2030,Advanced,low,0,E0223,backbone,NLh2,BEh2,,NH3_cracked_to_H2,0.0,13140.0,0.0
S2030_Advanced_low,S2030_Advanced_low,2030,Advanced,low,0,E0223,backbone,NLh2,BEh2,,LOHC_to_H2,0.0,13140.0,0.0
S2030_Advanced_low,S2030_Advanced_low,2030,Advanced,low,0,E0225,backbone,NLh2,DEh2,,NH3_cracked_to_H2,22534.538744046866,102492.0,21.986631877655686
S2030_Advanced_low,S2030_Advanced_low,2030,Advanced,low,0,E0225,backbone,NLh2,DEh2,,LOHC_to_H2,-0.0,102492.0,-0.0
S2030_Advanced_low,S2030_Advanced_low,2030,Advanced,low,0,E0227,terminal_backbone,LH2_Tk_NL,NLh2,LH2_Tk_NL|NLh2,NH3_cracked_to_H2,49749.50000000001,49749.50000000001,100.0
S2030_Advanced_low,S2030_Advanced_low,2030,Advanced,low,0,E0243,backbone,PLh2N,DEh2,,NH3_cracked_to_H2,0.0,7008.0,0.0
S2030_Advanced_low,S2030_Advanced_low,2030,Advanced,low,0,E0243,backbone,PLh2N,DEh2,,LOHC_to_H2,0.0,7008.0,0.0
S2030_Advanced_low,S2030_Advanced_low,2030,Advanced,low,0,E0245,backbone,PLh2nbc,DEh2,,NH3_cracked_to_H2,0.0,73000.0,0.0
S2030_Advanced_low,S2030_Advanced_low,2030,Advanced,low,0,E0245,backbone,PLh2nbc,DEh2,,LOHC_to_H2,0.0,73000.0,0.0
S2030_Advanced_low,S2030_Advanced_low,2030,Advanced,low,0,E0247,backbone,PLh2nbc,LTh2,,NH3_cracked_to_H2,0.0,36500.0,0.0
S2030_Advanced_low,S2030_Advanced_low,2030,Advanced,low,0,E0247,backbone,PLh2nbc,LTh2,,LOHC_to_H2,0.0,36500.0,0.0
S2030_Advanced_low,S2030_Advanced_low,2030,Advanced,low,0,E0253,backbone,PLh2nbc,PLh2N,,NH3_cracked_to_H2,0.0,54750.0,0.0
S2030_Advanced_low,S2030_Advanced_low,2030,Advanced,low,0,E0253,backbone,PLh2nbc,PLh2N,,LOHC_to_H2,0.0,54750.0,0.0
S2030_Advanced_low,S2030_Advanced_low,2030,Advanced,low,0,E0267,backbone,PTh2,ESh2,,NH3_cracked_to_H2,-0.0,29565.0,-0.0
S2030_Advanced_low,S2030_Advanced_low,2030,Advanced,low,0,E0267,backbone,PTh2,ESh2,,LOHC_to_H2,-0.0,29565.0,-0.0
S2030_Advanced_low,S2030_Advanced_low,2030,Advanced,low,0,E0271,backbone,ROh2,HUh2,,NH3_cracked_to_H2,0.0,36500.0,0.0
S2030_Advanced_low,S2030_Advanced_low,2030,Advanced,low,0,E0271,backbone,ROh2,HUh2,,LOHC_to_H2,0.0,36500.0,0.0
S2030_Advanced_low,S2030_Advanced_low,2030,Advanced,low,0,E0285,backbone,IB-SKh2W,ATh2,,NH3_cracked_to_H2,0.0,52560.0,0.0
S2030_Advanced_low,S2030_Advanced_low,2030,Advanced,low,0,E0285,backbone,IB-SKh2W,ATh2,,LOHC_to_H2,0.0,52560.0,0.0
S2030_Advanced_low,S2030_Advanced_low,2030,Advanced,low,0,E0287,backbone,IB-SKh2W,CZh2,,NH3_cracked_to_H2,0.0,52560.0,0.0
S2030_Advanced_low,S2030_Advanced_low,2030,Advanced,low,0,E0287,backbone,IB-SKh2W,CZh2,,LOHC_to_H2,0.0,52560.0,0.0
S2030_Advanced_low,S2030_Advanced_low,2030,Advanced,low,0,E0289,backbone,IB-SKh2C,HUh2,,NH3_cracked_to_H2,-0.0,36500.0,-0.0
S2030_Advanced_low,S2030_Advanced_low,2030,Advanced,low,0,E0289,backbone,IB-SKh2C,HUh2,,LOHC_to_H2,-0.0,36500.0,-0.0
S2030_Advanced_low,S2030_Advanced_low,2030,Advanced,low,0,E0293,backbone,IB-SKh2C,SKh2E,,NH3_cracked_to_H2,-0.0,52560.0,-0.0
S2030_Advanced_low,S2030_Advanced_low,2030,Advanced,low,0,E0293,backbone,IB-SKh2C,SKh2E,,LOHC_to_H2,-0.0,52560.0,-0.0
S2030_Advanced_low,S2030_Advanced_low,2030,Advanced,low,0,E0295,backbone,IB-SKh2C,SKh2W,,NH3_cracked_to_H2,0.0,52560.0,0.0
S2030_Advanced_low,S2030_Advanced_low,2030,Advanced,low,0,E0295,backbone,IB-SKh2C,SKh2W,,LOHC_to_H2,0.0,52560.0,0.0
S2030_Advanced_low,S2030_Advanced_low,2030,Advanced,low,0,E0297,backbone,IB-SKh2E,SKh2E,,NH3_cracked_to_H2,-0.0,52560.0,-0.0
S2030_Advanced_low,S2030_Advanced_low,2030,Advanced,low,0,E0297,backbone,IB-SKh2E,SKh2E,,LOHC_to_H2,-0.0,52560.0,-0.0
S2030_Advanced_low,S2030_Advanced_low,2030,Advanced,low,0,E0299,backbone,IB-SKh2W,SKh2W,,NH3_cracked_to_H2,0.0,52560.0,0.0
S2030_Advanced_low,S2030_Advanced_low,2030,Advanced,low,0,E0299,backbone,IB-SKh2W,SKh2W,,LOHC_to_H2,0.0,52560.0,0.0
S2030_Advanced_low,S2030_Advanced_low,2030,Advanced,low,0,E0301,backbone,SKh2E,IB-SKh2C,,NH3_cracked_to_H2,0.0,52560.0,0.0
S2030_Advanced_low,S2030_Advanced_low,2030,Advanced,low,0,E0301,backbone,SKh2E,IB-SKh2C,,LOHC_to_H2,0.0,52560.0,0.0
S2030_Advanced_low,S2030_Advanced_low,2030,Advanced,low,0,E0303,backbone,SKh2E,IB-SKh2E,,NH3_cracked_to_H2,0.0,52560.0,0.0
S2030_Advanced_low,S2030_Advanced_low,2030,Advanced,low,0,E0303,backbone,SKh2E,IB-SKh2E,,LOHC_to_H2,0.0,52560.0,0.0
S2030_Advanced_low,S2030_Advanced_low,2030,Advanced,low,0,E0305,backbone,SKh2W,IB-SKh2C,,NH3_cracked_to_H2,-0.0,52560.0,-0.0
S2030_Advanced_low,S2030_Advanced_low,2030,Advanced,low,0,E0305,backbone,SKh2W,IB-SKh2C,,LOHC_to_H2,-0.0,52560.0,-0.0
S2030_Advanced_low,S2030_Advanced_low,2030,Advanced,low,0,E0307,backbone,SKh2W,IB-SKh2W,,NH3_cracked_to_H2,-0.0,52560.0,-0.0
S2030_Advanced_low,S2030_Advanced_low,2030,Advanced,low,0,E0307,backbone,SKh2W,IB-SKh2W,,LOHC_to_H2,-0.0,52560.0,-0.0
S2030_Advanced_low,S2030_Advanced_low,2030,Advanced,low,0,E0319,backbone,ESh2,FRh2S,,NH3_cracked_to_H2,0.0,78840.0,0.0
S2030_Advanced_low,S2030_Advanced_low,2030,Advanced,low,0,E0319,backbone,ESh2,FRh2S,,LOHC_to_H2,0.0,78840.0,0.0
S2030_Advanced_low,S2030_Advanced_low,2030,Advanced,low,0,E0325,backbone,ESh2,PTh2,,NH3_cracked_to_H2,0.0,29565.0,0.0
S2030_Advanced_low,S2030_Advanced_low,2030,Advanced,low,0,E0325,backbone,ESh2,PTh2,,LOHC_to_H2,0.0,29565.0,0.0
S2030_Advanced_low,S2030_Advanced_low,2030,Advanced,low,0,E0327,backbone,SEh2,FIh2Al,,NH3_cracked_to_H2,-0.0,183960.0,-0.0
S2030_Advanced_low,S2030_Advanced_low,2030,Advanced,low,0,E0327,backbone,SEh2,FIh2Al,,LOHC_to_H2,-0.0,183960.0,-0.0
S2030_Advanced_low,S2030_Advanced_low,2030,Advanced,low,0,E0329,backbone,SEh2,FIh2N,,NH3_cracked_to_H2,0.0,59130.0,0.0
S2030_Advanced_low,S2030_Advanced_low,2030,Advanced,low,0,E0329,backbone,SEh2,FIh2N,,LOHC_to_H2,0.0,59130.0,0.0
S2030_Advanced_medium,S2030_Advanced_medium,2030,Advanced,medium,0,E0003,backbone,DZh2,ITh2,,NH3_cracked_to_H2,-0.0,163520.0,-0.0
S2030_Advanced_medium,S2030_Advanced_medium,2030,Advanced,medium,0,E0003,backbone,DZh2,ITh2,,LOHC_to_H2,-0.0,163520.0,-0.0
S2030_Advanced_medium,S2030_Advanced_medium,2030,Advanced,medium,0,E0005,backbone,ATh2,DEh2,,NH3_cracked_to_H2,0.0,54750.0,0.0
S2030_Advanced_medium,S2030_Advanced_medium,2030,Advanced,medium,0,E0005,backbone,ATh2,DEh2,,LOHC_to_H2,0.0,54750.0,0.0
S2030_Advanced_medium,S2030_Advanced_medium,2030,Advanced,medium,0,E0009,backbone,ATh2,IB-ITh2,,NH3_cracked_to_H2,10792.611139788136,45990.0,23.46729971686918
S2030_Advanced_medium,S2030_Advanced_medium,2030,Advanced,medium,0,E0009,backbone,ATh2,IB-ITh2,,LOHC_to_H2,58.4,45990.0,0.12698412698412698
S2030_Advanced_medium,S2030_Advanced_medium,2030,Advanced,medium,0,E0011,backbone,ATh2,IB-SKh2W,,NH3_cracked_to_H2,-0.0,52560.0,-0.0
S2030_Advanced_medium,S2030_Advanced_medium,2030,Advanced,medium,0,E0011,backbone,ATh2,IB-SKh2W,,LOHC_to_H2,-0.0,52560.0,-0.0
S2030_Advanced_medium,S2030_Advanced_medium,2030,Advanced,medium,0,E0019,terminal_backbone,LH2_Tk_BE,BEh2,LH2_Tk_BE|BEh2,NH3_cracked_to_H2,21644.5,21644.5,100.0
S2030_Advanced_medium,S2030_Advanced_medium,2030,Advanced,medium,0,E0025,backbone,BEH2Mo,FRh2Va,,NH3_cracked_to_H2,-0.0,8760.0,-0.0
S2030_Advanced_medium,S2030_Advanced_medium,2030,Advanced,medium,0,E0025,backbone,BEH2Mo,FRh2Va,,LOHC_to_H2,-0.0,8760.0,-0.0
S2030_Advanced_medium,S2030_Advanced_medium,2030,Advanced,medium,0,E0027,backbone,BEh2,DEh2,,NH3_cracked_to_H2,21644.5,33288.0,65.0219298245614
S2030_Advanced_medium,S2030_Advanced_medium,2030,Advanced,medium,0,E0027,backbone,BEh2,DEh2,,LOHC_to_H2,-0.0,33288.0,-0.0
S2030_Advanced_medium,S2030_Advanced_medium,2030,Advanced,medium,0,E0031,backbone,BEh2,NLh2,,NH3_cracked_to_H2,0.0,13140.0,0.0
S2030_Advanced_medium,S2030_Advanced_medium,2030,Advanced,medium,0,E0031,backbone,BEh2,NLh2,,LOHC_to_H2,0.0,13140.0,0.0
S2030_Advanced_medium,S2030_Advanced_medium,2030,Advanced,medium,0,E0035,backbone,BAh2,HRh2,,NH3_cracked_to_H2,-0.0,41975.0,-0.0
S2030_Advanced_medium,S2030_Advanced_medium,2030,Advanced,medium,0,E0035,backbone,BAh2,HRh2,,LOHC_to_H2,-0.0,41975.0,-0.0
S2030_Advanced_medium,S2030_Advanced_medium,2030,Advanced,medium,0,E0037,backbone,BGh2,GRh2,,NH3_cracked_to_H2,-0.0,29200.0,-0.0
S2030_Advanced_medium,S2030_Advanced_medium,2030,Advanced,medium,0,E0037,backbone,BGh2,GRh2,,LOHC_to_H2,-0.0,29200.0,-0.0
S2030_Advanced_medium,S2030_Advanced_medium,2030,Advanced,medium,0,E0045,backbone,HRh2,BAh2,,NH3_cracked_to_H2,0.0,41975.0,0.0
S2030_Advanced_medium,S2030_Advanced_medium,2030,Advanced,medium,0,E0045,backbone,HRh2,BAh2,,LOHC_to_H2,0.0,41975.0,0.0
S2030_Advanced_medium,S2030_Advanced_medium,2030,Advanced,medium,0,E0057,backbone,CZh2,DEh2,,NH3_cracked_to_H2,-0.0,105120.0,-0.0
S2030_Advanced_medium,S2030_Advanced_medium,2030,Advanced,medium,0,E0057,backbone,CZh2,DEh2,,LOHC_to_H2,-0.0,105120.0,-0.0
S2030_Advanced_medium,S2030_Advanced_medium,2030,Advanced,medium,0,E0063,backbone,DKh2,DEh2,,NH3_cracked_to_H2,-0.0,37668.0,-0.0
S2030_Advanced_medium,S2030_Advanced_medium,2030,Advanced,medium,0,E0063,backbone,DKh2,DEh2,,LOHC_to_H2,-0.0,37668.0,-0.0
S2030_Advanced_medium,S2030_Advanced_medium,2030,Advanced,medium,0,E0069,backbone,EEh2,FIh2S,,NH3_cracked_to_H2,0.0,36500.0,0.0
S2030_Advanced_medium,S2030_Advanced_medium,2030,Advanced,medium,0,E0069,backbone,EEh2,FIh2S,,LOHC_to_H2,0.0,36500.0,0.0
S2030_Advanced_medium,S2030_Advanced_medium,2030,Advanced,medium,0,E0071,backbone,EEh2,LVh2,,NH3_cracked_to_H2,-0.0,73000.0,-0.0
S2030_Advanced_medium,S2030_Advanced_medium,2030,Advanced,medium,0,E0071,backbone,EEh2,LVh2,,LOHC_to_H2,-0.0,73000.0,-0.0
S2030_Advanced_medium,S2030_Advanced_medium,2030,Advanced,medium,0,E0073,backbone,FIh2S,EEh2,,NH3_cracked_to_H2,0.0,73000.0,0.0
S2030_Advanced_medium,S2030_Advanced_medium,2030,Advanced,medium,0,E0073,backbone,FIh2S,EEh2,,LOHC_to_H2,0.0,73000.0,0.0
S2030_Advanced_medium,S2030_Advanced_medium,2030,Advanced,medium,0,E0075,backbone,FIh2,FIh2Al,,NH3_cracked_to_H2,-0.0,183960.0,-0.0
S2030_Advanced_medium,S2030_Advanced_medium,2030,Advanced,medium,0,E0075,backbone,FIh2,FIh2Al,,LOHC_to_H2,-0.0,183960.0,-0.0
S2030_Advanced_medium,S2030_Advanced_medium,2030,Advanced,medium,0,E0077,backbone,FIh2,FIh2N,,NH3_cracked_to_H2,0.0,3649635.0,0.0
S2030_Advanced_medium,S2030_Advanced_medium,2030,Advanced,medium,0,E0077,backbone,FIh2,FIh2N,,LOHC_to_H2,0.0,3649635.0,0.0
S2030_Advanced_medium,S2030_Advanced_medium,2030,Advanced,medium,0,E0079,backbone,FIh2,FIh2S,,NH3_cracked_to_H2,0.0,3649635.0,0.0
S2030_Advanced_medium,S2030_Advanced_medium,2030,Advanced,medium,0,E0079,backbone,FIh2,FIh2S,,LOHC_to_H2,0.0,3649635.0,0.0
S2030_Advanced_medium,S2030_Advanced_medium,2030,Advanced,medium,0,E0081,backbone,FIh2Al,FIh2,,NH3_cracked_to_H2,0.0,183960.0,0.0
S2030_Advanced_medium,S2030_Advanced_medium,2030,Advanced,medium,0,E0081,backbone,FIh2Al,FIh2,,LOHC_to_H2,0.0,183960.0,0.0
S2030_Advanced_medium,S2030_Advanced_medium,2030,Advanced,medium,0,E0083,backbone,FIh2N,FIh2,,NH3_cracked_to_H2,0.0,3649635.0,0.0
S2030_Advanced_medium,S2030_Advanced_medium,2030,Advanced,medium,0,E0083,backbone,FIh2N,FIh2,,LOHC_to_H2,-0.0,3649635.0,-0.0
S2030_Advanced_medium,S2030_Advanced_medium,2030,Advanced,medium,0,E0085,backbone,FIh2S,FIh2,,NH3_cracked_to_H2,-0.0,3649635.0,-0.0
S2030_Advanced_medium,S2030_Advanced_medium,2030,Advanced,medium,0,E0085,backbone,FIh2S,FIh2,,LOHC_to_H2,-0.0,3649635.0,-0.0
S2030_Advanced_medium,S2030_Advanced_medium,2030,Advanced,medium,0,E0087,backbone,FIh2Al,DEh2,,NH3_cracked_to_H2,-0.0,95630.0,-0.0
S2030_Advanced_medium,S2030_Advanced_medium,2030,Advanced,medium,0,E0087,backbone,FIh2Al,DEh2,,LOHC_to_H2,-0.0,95630.0,-0.0
S2030_Advanced_medium,S2030_Advanced_medium,2030,Advanced,medium,0,E0091,backbone,FIh2Al,SEh2,,NH3_cracked_to_H2,0.0,183960.0,0.0
S2030_Advanced_medium,S2030_Advanced_medium,2030,Advanced,medium,0,E0091,backbone,FIh2Al,SEh2,,LOHC_to_H2,0.0,183960.0,0.0
S2030_Advanced_medium,S2030_Advanced_medium,2030,Advanced,medium,0,E0093,backbone,FIh2N,SEh2,,NH3_cracked_to_H2,-0.0,59130.0,-0.0
S2030_Advanced_medium,S2030_Advanced_medium,2030,Advanced,medium,0,E0093,backbone,FIh2N,SEh2,,LOHC_to_H2,0.0,59130.0,0.0
S2030_Advanced_medium,S2030_Advanced_medium,2030,Advanced,medium,0,E0099,backbone,FRh2Va,BEH2Mo,,NH3_cracked_to_H2,0.0,8760.0,0.0
S2030_Advanced_medium,S2030_Advanced_medium,2030,Advanced,medium,0,E0099,backbone,FRh2Va,BEH2Mo,,LOHC_to_H2,0.0,8760.0,0.0
S2030_Advanced_medium,S2030_Advanced_medium,2030,Advanced,medium,0,E0103,backbone,FRh2,FRh2S,,NH3_cracked_to_H2,0.0,70080.0,0.0
S2030_Advanced_medium,S2030_Advanced_medium,2030,Advanced,medium,0,E0103,backbone,FRh2,FRh2S,,LOHC_to_H2,0.0,70080.0,0.0
S2030_Advanced_medium,S2030_Advanced_medium,2030,Advanced,medium,0,E0107,backbone,FRh2,FRh2Va,,NH3_cracked_to_H2,8760.0,8760.0,100.0
S2030_Advanced_medium,S2030_Advanced_medium,2030,Advanced,medium,0,E0107,backbone,FRh2,FRh2Va,,LOHC_to_H2,-0.0,8760.0,-0.0
S2030_Advanced_medium,S2030_Advanced_medium,2030,Advanced,medium,0,E0111,backbone,FRh2S,FRh2,,NH3_cracked_to_H2,0.0,70080.0,0.0
S2030_Advanced_medium,S2030_Advanced_medium,2030,Advanced,medium,0,E0111,backbone,FRh2S,FRh2,,LOHC_to_H2,0.0,70080.0,0.0
S2030_Advanced_medium,S2030_Advanced_medium,2030,Advanced,medium,0,E0119,backbone,FRh2Va,FRh2,,NH3_cracked_to_H2,0.0,8760.0,0.0
S2030_Advanced_medium,S2030_Advanced_medium,2030,Advanced,medium,0,E0119,backbone,FRh2Va,FRh2,,LOHC_to_H2,0.0,8760.0,0.0
S2030_Advanced_medium,S2030_Advanced_medium,2030,Advanced,medium,0,E0127,backbone,FRh2,DEh2,,NH3_cracked_to_H2,0.0,76467.5,0.0
S2030_Advanced_medium,S2030_Advanced_medium,2030,Advanced,medium,0,E0127,backbone,FRh2,DEh2,,LOHC_to_H2,0.0,76467.5,0.0
S2030_Advanced_medium,S2030_Advanced_medium,2030,Advanced,medium,0,E0131,backbone,FRh2S,ESh2,,NH3_cracked_to_H2,-0.0,78840.0,-0.0
S2030_Advanced_medium,S2030_Advanced_medium,2030,Advanced,medium,0,E0131,backbone,FRh2S,ESh2,,LOHC_to_H2,-0.0,78840.0,-0.0
S2030_Advanced_medium,S2030_Advanced_medium,2030,Advanced,medium,0,E0137,backbone,DEh2,ATh2,,NH3_cracked_to_H2,10792.611139788136,54750.0,19.712531762170112
S2030_Advanced_medium,S2030_Advanced_medium,2030,Advanced,medium,0,E0137,backbone,DEh2,ATh2,,LOHC_to_H2,58.4,54750.0,0.10666666666666667
S2030_Advanced_medium,S2030_Advanced_medium,2030,Advanced,medium,0,E0139,backbone,DEh2,BEh2,,NH3_cracked_to_H2,0.0,33288.0,0.0
S2030_Advanced_medium,S2030_Advanced_medium,2030,Advanced,medium,0,E0139,backbone,DEh2,BEh2,,LOHC_to_H2,0.0,33288.0,0.0
S2030_Advanced_medium,S2030_Advanced_medium,2030,Advanced,medium,0,E0141,backbone,DEh2,CZh2,,NH3_cracked_to_H2,0.0,105120.0,0.0
S2030_Advanced_medium,S2030_Advanced_medium,2030,Advanced,medium,0,E0141,backbone,DEh2,CZh2,,LOHC_to_H2,0.0,105120.0,0.0
S2030_Advanced_medium,S2030_Advanced_medium,2030,Advanced,medium,0,E0143,backbone,DEh2,DKh2,,NH3_cracked_to_H2,0.0,37668.0,0.0
S2030_Advanced_medium,S2030_Advanced_medium,2030,Advanced,medium,0,E0143,backbone,DEh2,DKh2,,LOHC_to_H2,0.0,37668.0,0.0
S2030_Advanced_medium,S2030_Advanced_medium,2030,Advanced,medium,0,E0145,backbone,DEh2,FRh2,,NH3_cracked_to_H2,17267.27713242033,70408.5,24.524421245191036
S2030_Advanced_medium,S2030_Advanced_medium,2030,Advanced,medium,0,E0145,backbone,DEh2,FRh2,,LOHC_to_H2,0.0,70408.5,0.0
S2030_Advanced_medium,S2030_Advanced_medium,2030,Advanced,medium,0,E0147,backbone,DEh2ba,DEh2,,NH3_cracked_to_H2,-0.0,15695.0,-0.0
S2030_Advanced_medium,S2030_Advanced_medium,2030,Advanced,medium,0,E0147,backbone,DEh2ba,DEh2,,LOHC_to_H2,-0.0,15695.0,-0.0
S2030_Advanced_medium,S2030_Advanced_medium,2030,Advanced,medium,0,E0149,backbone,DEh2bp,DEh2,,NH3_cracked_to_H2,-0.0,4745.0,-0.0
S2030_Advanced_medium,S2030_Advanced_medium,2030,Advanced,medium,0,E0149,backbone,DEh2bp,DEh2,,LOHC_to_H2,-0.0,4745.0,-0.0
S2030_Advanced_medium,S2030_Advanced_medium,2030,Advanced,medium,0,E0151,backbone,DEh2bp,DEh2ba,,NH3_cracked_to_H2,0.0,15695.0,0.0
S2030_Advanced_medium,S2030_Advanced_medium,2030,Advanced,medium,0,E0151,backbone,DEh2bp,DEh2ba,,LOHC_to_H2,0.0,15695.0,0.0
S2030_Advanced_medium,S2030_Advanced_medium,2030,Advanced,medium,0,E0153,terminal_backbone,LH2_Tk_DE,DEh2,LH2_Tk_DE|DEh2,LOHC_to_H2,58.4,11388.0,0.5128205128205128
S2030_Advanced_medium,S2030_Advanced_medium,2030,Advanced,medium,0,E0153,terminal_backbone,LH2_Tk_DE,DEh2,LH2_Tk_DE|DEh2,NH3_cracked_to_H2,11329.6,11388.0,99.48717948717949
S2030_Advanced_medium,S2030_Advanced_medium,2030,Advanced,medium,0,E0157,backbone,DEh2,NLh2,,NH3_cracked_to_H2,0.0,108879.5,0.0
S2030_Advanced_medium,S2030_Advanced_medium,2030,Advanced,medium,0,E0157,backbone,DEh2,NLh2,,LOHC_to_H2,0.0,108879.5,0.0
S2030_Advanced_medium,S2030_Advanced_medium,2030,Advanced,medium,0,E0161,backbone,DEh2,PLh2N,,NH3_cracked_to_H2,0.0,7008.0,0.0
S2030_Advanced_medium,S2030_Advanced_medium,2030,Advanced,medium,0,E0161,backbone,DEh2,PLh2N,,LOHC_to_H2,0.0,7008.0,0.0
S2030_Advanced_medium,S2030_Advanced_medium,2030,Advanced,medium,0,E0163,backbone,DEh2,PLh2nbc,,NH3_cracked_to_H2,24781.473126166115,36500.0,67.89444692100305
S2030_Advanced_medium,S2030_Advanced_medium,2030,Advanced,medium,0,E0163,backbone,DEh2,PLh2nbc,,LOHC_to_H2,0.0,36500.0,0.0
S2030_Advanced_medium,S2030_Advanced_medium,2030,Advanced,medium,0,E0167,backbone,GRh2,BGh2,,NH3_cracked_to_H2,0.0,29200.0,0.0
S2030_Advanced_medium,S2030_Advanced_medium,2030,Advanced,medium,0,E0167,backbone,GRh2,BGh2,,LOHC_to_H2,0.0,29200.0,0.0
S2030_Advanced_medium,S2030_Advanced_medium,2030,Advanced,medium,0,E0179,backbone,HUh2,ROh2,,NH3_cracked_to_H2,-0.0,28032.0,-0.0
S2030_Advanced_medium,S2030_Advanced_medium,2030,Advanced,medium,0,E0179,backbone,HUh2,ROh2,,LOHC_to_H2,-0.0,28032.0,-0.0
S2030_Advanced_medium,S2030_Advanced_medium,2030,Advanced,medium,0,E0183,backbone,HUh2,IB-SKh2C,,NH3_cracked_to_H2,0.0,36500.0,0.0
S2030_Advanced_medium,S2030_Advanced_medium,2030,Advanced,medium,0,E0183,backbone,HUh2,IB-SKh2C,,LOHC_to_H2,0.0,36500.0,0.0
S2030_Advanced_medium,S2030_Advanced_medium,2030,Advanced,medium,0,E0193,backbone,IB-ITh2,ATh2,,NH3_cracked_to_H2,0.0,61320.0,0.0
S2030_Advanced_medium,S2030_Advanced_medium,2030,Advanced,medium,0,E0193,backbone,IB-ITh2,ATh2,,LOHC_to_H2,0.0,61320.0,0.0
S2030_Advanced_medium,S2030_Advanced_medium,2030,Advanced,medium,0,E0197,backbone,ITh2,IB-ITh2,,NH3_cracked_to_H2,-0.0,73000.0,-0.0
S2030_Advanced_medium,S2030_Advanced_medium,2030,Advanced,medium,0,E0197,backbone,ITh2,IB-ITh2,,LOHC_to_H2,-0.0,73000.0,-0.0
S2030_Advanced_medium,S2030_Advanced_medium,2030,Advanced,medium,0,E0207,backbone,LVh2,EEh2,,NH3_cracked_to_H2,0.0,36500.0,0.0
S2030_Advanced_medium,S2030_Advanced_medium,2030,Advanced,medium,0,E0207,backbone,LVh2,EEh2,,LOHC_to_H2,0.0,36500.0,0.0
S2030_Advanced_medium,S2030_Advanced_medium,2030,Advanced,medium,0,E0209,backbone,LVh2,LTh2,,NH3_cracked_to_H2,-0.0,73000.0,-0.0
S2030_Advanced_medium,S2030_Advanced_medium,2030,Advanced,medium,0,E0209,backbone,LVh2,LTh2,,LOHC_to_H2,-0.0,73000.0,-0.0
S2030_Advanced_medium,S2030_Advanced_medium,2030,Advanced,medium,0,E0211,backbone,LTh2,LVh2,,NH3_cracked_to_H2,0.0,36500.0,0.0
S2030_Advanced_medium,S2030_Advanced_medium,2030,Advanced,medium,0,E0211,backbone,LTh2,LVh2,,LOHC_to_H2,0.0,36500.0,0.0
S2030_Advanced_medium,S2030_Advanced_medium,2030,Advanced,medium,0,E0213,backbone,LTh2,PLh2nbc,,NH3_cracked_to_H2,-0.0,73000.0,-0.0
S2030_Advanced_medium,S2030_Advanced_medium,2030,Advanced,medium,0,E0213,backbone,LTh2,PLh2nbc,,LOHC_to_H2,-0.0,73000.0,-0.0
S2030_Advanced_medium,S2030_Advanced_medium,2030,Advanced,medium,0,E0223,backbone,NLh2,BEh2,,NH3_cracked_to_H2,0.0,13140.0,0.0
S2030_Advanced_medium,S2030_Advanced_medium,2030,Advanced,medium,0,E0223,backbone,NLh2,BEh2,,LOHC_to_H2,0.0,13140.0,0.0
S2030_Advanced_medium,S2030_Advanced_medium,2030,Advanced,medium,0,E0225,backbone,NLh2,DEh2,,NH3_cracked_to_H2,19867.261398374583,102492.0,19.384206960908738
S2030_Advanced_medium,S2030_Advanced_medium,2030,Advanced,medium,0,E0225,backbone,NLh2,DEh2,,LOHC_to_H2,0.0,102492.0,0.0
S2030_Advanced_medium,S2030_Advanced_medium,2030,Advanced,medium,0,E0227,terminal_backbone,LH2_Tk_NL,NLh2,LH2_Tk_NL|NLh2,NH3_cracked_to_H2,49749.50000000001,49749.50000000001,100.0
S2030_Advanced_medium,S2030_Advanced_medium,2030,Advanced,medium,0,E0243,backbone,PLh2N,DEh2,,NH3_cracked_to_H2,0.0,7008.0,0.0
S2030_Advanced_medium,S2030_Advanced_medium,2030,Advanced,medium,0,E0243,backbone,PLh2N,DEh2,,LOHC_to_H2,0.0,7008.0,0.0
S2030_Advanced_medium,S2030_Advanced_medium,2030,Advanced,medium,0,E0245,backbone,PLh2nbc,DEh2,,NH3_cracked_to_H2,0.0,73000.0,0.0
S2030_Advanced_medium,S2030_Advanced_medium,2030,Advanced,medium,0,E0245,backbone,PLh2nbc,DEh2,,LOHC_to_H2,0.0,73000.0,0.0
S2030_Advanced_medium,S2030_Advanced_medium,2030,Advanced,medium,0,E0247,backbone,PLh2nbc,LTh2,,NH3_cracked_to_H2,0.0,36500.0,0.0
S2030_Advanced_medium,S2030_Advanced_medium,2030,Advanced,medium,0,E0247,backbone,PLh2nbc,LTh2,,LOHC_to_H2,0.0,36500.0,0.0
S2030_Advanced_medium,S2030_Advanced_medium,2030,Advanced,medium,0,E0253,backbone,PLh2nbc,PLh2N,,NH3_cracked_to_H2,0.0,54750.0,0.0
S2030_Advanced_medium,S2030_Advanced_medium,2030,Advanced,medium,0,E0253,backbone,PLh2nbc,PLh2N,,LOHC_to_H2,0.0,54750.0,0.0
S2030_Advanced_medium,S2030_Advanced_medium,2030,Advanced,medium,0,E0267,backbone,PTh2,ESh2,,NH3_cracked_to_H2,-0.0,29565.0,-0.0
S2030_Advanced_medium,S2030_Advanced_medium,2030,Advanced,medium,0,E0267,backbone,PTh2,ESh2,,LOHC_to_H2,-0.0,29565.0,-0.0
S2030_Advanced_medium,S2030_Advanced_medium,2030,Advanced,medium,0,E0271,backbone,ROh2,HUh2,,NH3_cracked_to_H2,0.0,36500.0,0.0
S2030_Advanced_medium,S2030_Advanced_medium,2030,Advanced,medium,0,E0271,backbone,ROh2,HUh2,,LOHC_to_H2,0.0,36500.0,0.0
S2030_Advanced_medium,S2030_Advanced_medium,2030,Advanced,medium,0,E0285,backbone,IB-SKh2W,ATh2,,NH3_cracked_to_H2,0.0,52560.0,0.0
S2030_Advanced_medium,S2030_Advanced_medium,2030,Advanced,medium,0,E0285,backbone,IB-SKh2W,ATh2,,LOHC_to_H2,0.0,52560.0,0.0
S2030_Advanced_medium,S2030_Advanced_medium,2030,Advanced,medium,0,E0287,backbone,IB-SKh2W,CZh2,,NH3_cracked_to_H2,0.0,52560.0,0.0
S2030_Advanced_medium,S2030_Advanced_medium,2030,Advanced,medium,0,E0287,backbone,IB-SKh2W,CZh2,,LOHC_to_H2,0.0,52560.0,0.0
S2030_Advanced_medium,S2030_Advanced_medium,2030,Advanced,medium,0,E0289,backbone,IB-SKh2C,HUh2,,NH3_cracked_to_H2,-0.0,36500.0,-0.0
S2030_Advanced_medium,S2030_Advanced_medium,2030,Advanced,medium,0,E0289,backbone,IB-SKh2C,HUh2,,LOHC_to_H2,-0.0,36500.0,-0.0
S2030_Advanced_medium,S2030_Advanced_medium,2030,Advanced,medium,0,E0293,backbone,IB-SKh2C,SKh2E,,NH3_cracked_to_H2,-0.0,52560.0,-0.0
S2030_Advanced_medium,S2030_Advanced_medium,2030,Advanced,medium,0,E0293,backbone,IB-SKh2C,SKh2E,,LOHC_to_H2,-0.0,52560.0,-0.0
S2030_Advanced_medium,S2030_Advanced_medium,2030,Advanced,medium,0,E0295,backbone,IB-SKh2C,SKh2W,,NH3_cracked_to_H2,0.0,52560.0,0.0
S2030_Advanced_medium,S2030_Advanced_medium,2030,Advanced,medium,0,E0295,backbone,IB-SKh2C,SKh2W,,LOHC_to_H2,0.0,52560.0,0.0
S2030_Advanced_medium,S2030_Advanced_medium,2030,Advanced,medium,0,E0297,backbone,IB-SKh2E,SKh2E,,NH3_cracked_to_H2,-0.0,52560.0,-0.0
S2030_Advanced_medium,S2030_Advanced_medium,2030,Advanced,medium,0,E0297,backbone,IB-SKh2E,SKh2E,,LOHC_to_H2,-0.0,52560.0,-0.0
S2030_Advanced_medium,S2030_Advanced_medium,2030,Advanced,medium,0,E0299,backbone,IB-SKh2W,SKh2W,,NH3_cracked_to_H2,0.0,52560.0,0.0
S2030_Advanced_medium,S2030_Advanced_medium,2030,Advanced,medium,0,E0299,backbone,IB-SKh2W,SKh2W,,LOHC_to_H2,0.0,52560.0,0.0
S2030_Advanced_medium,S2030_Advanced_medium,2030,Advanced,medium,0,E0301,backbone,SKh2E,IB-SKh2C,,NH3_cracked_to_H2,0.0,52560.0,0.0
S2030_Advanced_medium,S2030_Advanced_medium,2030,Advanced,medium,0,E0301,backbone,SKh2E,IB-SKh2C,,LOHC_to_H2,0.0,52560.0,0.0
S2030_Advanced_medium,S2030_Advanced_medium,2030,Advanced,medium,0,E0303,backbone,SKh2E,IB-SKh2E,,NH3_cracked_to_H2,0.0,52560.0,0.0
S2030_Advanced_medium,S2030_Advanced_medium,2030,Advanced,medium,0,E0303,backbone,SKh2E,IB-SKh2E,,LOHC_to_H2,0.0,52560.0,0.0
S2030_Advanced_medium,S2030_Advanced_medium,2030,Advanced,medium,0,E0305,backbone,SKh2W,IB-SKh2C,,NH3_cracked_to_H2,-0.0,52560.0,-0.0
S2030_Advanced_medium,S2030_Advanced_medium,2030,Advanced,medium,0,E0305,backbone,SKh2W,IB-SKh2C,,LOHC_to_H2,-0.0,52560.0,-0.0
S2030_Advanced_medium,S2030_Advanced_medium,2030,Advanced,medium,0,E0307,backbone,SKh2W,IB-SKh2W,,NH3_cracked_to_H2,-0.0,52560.0,-0.0
S2030_Advanced_medium,S2030_Advanced_medium,2030,Advanced,medium,0,E0307,backbone,SKh2W,IB-SKh2W,,LOHC_to_H2,-0.0,52560.0,-0.0
S2030_Advanced_medium,S2030_Advanced_medium,2030,Advanced,medium,0,E0319,backbone,ESh2,FRh2S,,NH3_cracked_to_H2,0.0,78840.0,0.0
S2030_Advanced_medium,S2030_Advanced_medium,2030,Advanced,medium,0,E0319,backbone,ESh2,FRh2S,,LOHC_to_H2,0.0,78840.0,0.0
S2030_Advanced_medium,S2030_Advanced_medium,2030,Advanced,medium,0,E0325,backbone,ESh2,PTh2,,NH3_cracked_to_H2,0.0,29565.0,0.0
S2030_Advanced_medium,S2030_Advanced_medium,2030,Advanced,medium,0,E0325,backbone,ESh2,PTh2,,LOHC_to_H2,0.0,29565.0,0.0
S2030_Advanced_medium,S2030_Advanced_medium,2030,Advanced,medium,0,E0327,backbone,SEh2,FIh2Al,,NH3_cracked_to_H2,-0.0,183960.0,-0.0
S2030_Advanced_medium,S2030_Advanced_medium,2030,Advanced,medium,0,E0327,backbone,SEh2,FIh2Al,,LOHC_to_H2,-0.0,183960.0,-0.0
S2030_Advanced_medium,S2030_Advanced_medium,2030,Advanced,medium,0,E0329,backbone,SEh2,FIh2N,,NH3_cracked_to_H2,0.0,59130.0,0.0
S2030_Advanced_medium,S2030_Advanced_medium,2030,Advanced,medium,0,E0329,backbone,SEh2,FIh2N,,LOHC_to_H2,0.0,59130.0,0.0
S2030_Advanced_high,S2030_Advanced_high,2030,Advanced,high,0,E0003,backbone,DZh2,ITh2,,NH3_cracked_to_H2,-0.0,163520.0,-0.0
S2030_Advanced_high,S2030_Advanced_high,2030,Advanced,high,0,E0003,backbone,DZh2,ITh2,,LOHC_to_H2,-0.0,163520.0,-0.0
S2030_Advanced_high,S2030_Advanced_high,2030,Advanced,high,0,E0005,backbone,ATh2,DEh2,,NH3_cracked_to_H2,0.0,54750.0,0.0
S2030_Advanced_high,S2030_Advanced_high,2030,Advanced,high,0,E0005,backbone,ATh2,DEh2,,LOHC_to_H2,0.0,54750.0,0.0
S2030_Advanced_high,S2030_Advanced_high,2030,Advanced,high,0,E0009,backbone,ATh2,IB-ITh2,,NH3_cracked_to_H2,15683.619283453674,45990.0,34.102238059259996
S2030_Advanced_high,S2030_Advanced_high,2030,Advanced,high,0,E0009,backbone,ATh2,IB-ITh2,,LOHC_to_H2,58.4,45990.0,0.12698412698412698
S2030_Advanced_high,S2030_Advanced_high,2030,Advanced,high,0,E0011,backbone,ATh2,IB-SKh2W,,NH3_cracked_to_H2,-0.0,52560.0,-0.0
S2030_Advanced_high,S2030_Advanced_high,2030,Advanced,high,0,E0011,backbone,ATh2,IB-SKh2W,,LOHC_to_H2,-0.0,52560.0,-0.0
S2030_Advanced_high,S2030_Advanced_high,2030,Advanced,high,0,E0019,terminal_backbone,LH2_Tk_BE,BEh2,LH2_Tk_BE|BEh2,NH3_cracked_to_H2,21644.5,21644.5,100.0
S2030_Advanced_high,S2030_Advanced_high,2030,Advanced,high,0,E0025,backbone,BEH2Mo,FRh2Va,,NH3_cracked_to_H2,-0.0,8760.0,-0.0
S2030_Advanced_high,S2030_Advanced_high,2030,Advanced,high,0,E0025,backbone,BEH2Mo,FRh2Va,,LOHC_to_H2,-0.0,8760.0,-0.0
S2030_Advanced_high,S2030_Advanced_high,2030,Advanced,high,0,E0027,backbone,BEh2,DEh2,,NH3_cracked_to_H2,21644.5,33288.0,65.0219298245614
S2030_Advanced_high,S2030_Advanced_high,2030,Advanced,high,0,E0027,backbone,BEh2,DEh2,,LOHC_to_H2,-0.0,33288.0,-0.0
S2030_Advanced_high,S2030_Advanced_high,2030,Advanced,high,0,E0031,backbone,BEh2,NLh2,,NH3_cracked_to_H2,0.0,13140.0,0.0
S2030_Advanced_high,S2030_Advanced_high,2030,Advanced,high,0,E0031,backbone,BEh2,NLh2,,LOHC_to_H2,0.0,13140.0,0.0
S2030_Advanced_high,S2030_Advanced_high,2030,Advanced,high,0,E0035,backbone,BAh2,HRh2,,NH3_cracked_to_H2,-0.0,41975.0,-0.0
S2030_Advanced_high,S2030_Advanced_high,2030,Advanced,high,0,E0035,backbone,BAh2,HRh2,,LOHC_to_H2,-0.0,41975.0,-0.0
S2030_Advanced_high,S2030_Advanced_high,2030,Advanced,high,0,E0037,backbone,BGh2,GRh2,,NH3_cracked_to_H2,-0.0,29200.0,-0.0
S2030_Advanced_high,S2030_Advanced_high,2030,Advanced,high,0,E0037,backbone,BGh2,GRh2,,LOHC_to_H2,-0.0,29200.0,-0.0
S2030_Advanced_high,S2030_Advanced_high,2030,Advanced,high,0,E0045,backbone,HRh2,BAh2,,NH3_cracked_to_H2,0.0,41975.0,0.0
S2030_Advanced_high,S2030_Advanced_high,2030,Advanced,high,0,E0045,backbone,HRh2,BAh2,,LOHC_to_H2,0.0,41975.0,0.0
S2030_Advanced_high,S2030_Advanced_high,2030,Advanced,high,0,E0057,backbone,CZh2,DEh2,,NH3_cracked_to_H2,-0.0,105120.0,-0.0
S2030_Advanced_high,S2030_Advanced_high,2030,Advanced,high,0,E0057,backbone,CZh2,DEh2,,LOHC_to_H2,-0.0,105120.0,-0.0
S2030_Advanced_high,S2030_Advanced_high,2030,Advanced,high,0,E0063,backbone,DKh2,DEh2,,NH3_cracked_to_H2,-0.0,37668.0,-0.0
S2030_Advanced_high,S2030_Advanced_high,2030,Advanced,high,0,E0063,backbone,DKh2,DEh2,,LOHC_to_H2,-0.0,37668.0,-0.0
S2030_Advanced_high,S2030_Advanced_high,2030,Advanced,high,0,E0069,backbone,EEh2,FIh2S,,NH3_cracked_to_H2,0.0,36500.0,0.0
S2030_Advanced_high,S2030_Advanced_high,2030,Advanced,high,0,E0069,backbone,EEh2,FIh2S,,LOHC_to_H2,0.0,36500.0,0.0
S2030_Advanced_high,S2030_Advanced_high,2030,Advanced,high,0,E0071,backbone,EEh2,LVh2,,NH3_cracked_to_H2,-0.0,73000.0,-0.0
S2030_Advanced_high,S2030_Advanced_high,2030,Advanced,high,0,E0071,backbone,EEh2,LVh2,,LOHC_to_H2,-0.0,73000.0,-0.0
S2030_Advanced_high,S2030_Advanced_high,2030,Advanced,high,0,E0073,backbone,FIh2S,EEh2,,NH3_cracked_to_H2,-0.0,73000.0,-0.0
S2030_Advanced_high,S2030_Advanced_high,2030,Advanced,high,0,E0073,backbone,FIh2S,EEh2,,LOHC_to_H2,0.0,73000.0,0.0
S2030_Advanced_high,S2030_Advanced_high,2030,Advanced,high,0,E0075,backbone,FIh2,FIh2Al,,NH3_cracked_to_H2,-0.0,183960.0,-0.0
S2030_Advanced_high,S2030_Advanced_high,2030,Advanced,high,0,E0075,backbone,FIh2,FIh2Al,,LOHC_to_H2,-0.0,183960.0,-0.0
S2030_Advanced_high,S2030_Advanced_high,2030,Advanced,high,0,E0077,backbone,FIh2,FIh2N,,NH3_cracked_to_H2,0.0,3649635.0,0.0
S2030_Advanced_high,S2030_Advanced_high,2030,Advanced,high,0,E0077,backbone,FIh2,FIh2N,,LOHC_to_H2,0.0,3649635.0,0.0
S2030_Advanced_high,S2030_Advanced_high,2030,Advanced,high,0,E0079,backbone,FIh2,FIh2S,,NH3_cracked_to_H2,0.0,3649635.0,0.0
S2030_Advanced_high,S2030_Advanced_high,2030,Advanced,high,0,E0079,backbone,FIh2,FIh2S,,LOHC_to_H2,0.0,3649635.0,0.0
S2030_Advanced_high,S2030_Advanced_high,2030,Advanced,high,0,E0081,backbone,FIh2Al,FIh2,,NH3_cracked_to_H2,0.0,183960.0,0.0
S2030_Advanced_high,S2030_Advanced_high,2030,Advanced,high,0,E0081,backbone,FIh2Al,FIh2,,LOHC_to_H2,0.0,183960.0,0.0
S2030_Advanced_high,S2030_Advanced_high,2030,Advanced,high,0,E0083,backbone,FIh2N,FIh2,,NH3_cracked_to_H2,0.0,3649635.0,0.0
S2030_Advanced_high,S2030_Advanced_high,2030,Advanced,high,0,E0083,backbone,FIh2N,FIh2,,LOHC_to_H2,-0.0,3649635.0,-0.0
S2030_Advanced_high,S2030_Advanced_high,2030,Advanced,high,0,E0085,backbone,FIh2S,FIh2,,NH3_cracked_to_H2,0.0,3649635.0,0.0
S2030_Advanced_high,S2030_Advanced_high,2030,Advanced,high,0,E0085,backbone,FIh2S,FIh2,,LOHC_to_H2,-0.0,3649635.0,-0.0
S2030_Advanced_high,S2030_Advanced_high,2030,Advanced,high,0,E0087,backbone,FIh2Al,DEh2,,NH3_cracked_to_H2,-0.0,95630.0,-0.0
S2030_Advanced_high,S2030_Advanced_high,2030,Advanced,high,0,E0087,backbone,FIh2Al,DEh2,,LOHC_to_H2,-0.0,95630.0,-0.0
S2030_Advanced_high,S2030_Advanced_high,2030,Advanced,high,0,E0091,backbone,FIh2Al,SEh2,,NH3_cracked_to_H2,0.0,183960.0,0.0
S2030_Advanced_high,S2030_Advanced_high,2030,Advanced,high,0,E0091,backbone,FIh2Al,SEh2,,LOHC_to_H2,0.0,183960.0,0.0
S2030_Advanced_high,S2030_Advanced_high,2030,Advanced,high,0,E0093,backbone,FIh2N,SEh2,,NH3_cracked_to_H2,-0.0,59130.0,-0.0
S2030_Advanced_high,S2030_Advanced_high,2030,Advanced,high,0,E0093,backbone,FIh2N,SEh2,,LOHC_to_H2,0.0,59130.0,0.0
S2030_Advanced_high,S2030_Advanced_high,2030,Advanced,high,0,E0099,backbone,FRh2Va,BEH2Mo,,NH3_cracked_to_H2,0.0,8760.0,0.0
S2030_Advanced_high,S2030_Advanced_high,2030,Advanced,high,0,E0099,backbone,FRh2Va,BEH2Mo,,LOHC_to_H2,0.0,8760.0,0.0
S2030_Advanced_high,S2030_Advanced_high,2030,Advanced,high,0,E0103,backbone,FRh2,FRh2S,,NH3_cracked_to_H2,0.0,70080.0,0.0
S2030_Advanced_high,S2030_Advanced_high,2030,Advanced,high,0,E0103,backbone,FRh2,FRh2S,,LOHC_to_H2,-0.0,70080.0,-0.0
S2030_Advanced_high,S2030_Advanced_high,2030,Advanced,high,0,E0107,backbone,FRh2,FRh2Va,,NH3_cracked_to_H2,8760.0,8760.0,100.0
S2030_Advanced_high,S2030_Advanced_high,2030,Advanced,high,0,E0107,backbone,FRh2,FRh2Va,,LOHC_to_H2,-0.0,8760.0,-0.0
S2030_Advanced_high,S2030_Advanced_high,2030,Advanced,high,0,E0111,backbone,FRh2S,FRh2,,NH3_cracked_to_H2,0.0,70080.0,0.0
S2030_Advanced_high,S2030_Advanced_high,2030,Advanced,high,0,E0111,backbone,FRh2S,FRh2,,LOHC_to_H2,0.0,70080.0,0.0
S2030_Advanced_high,S2030_Advanced_high,2030,Advanced,high,0,E0119,backbone,FRh2Va,FRh2,,NH3_cracked_to_H2,0.0,8760.0,0.0
S2030_Advanced_high,S2030_Advanced_high,2030,Advanced,high,0,E0119,backbone,FRh2Va,FRh2,,LOHC_to_H2,0.0,8760.0,0.0
S2030_Advanced_high,S2030_Advanced_high,2030,Advanced,high,0,E0127,backbone,FRh2,DEh2,,NH3_cracked_to_H2,0.0,76467.5,0.0
S2030_Advanced_high,S2030_Advanced_high,2030,Advanced,high,0,E0127,backbone,FRh2,DEh2,,LOHC_to_H2,0.0,76467.5,0.0
S2030_Advanced_high,S2030_Advanced_high,2030,Advanced,high,0,E0131,backbone,FRh2S,ESh2,,NH3_cracked_to_H2,-0.0,78840.0,-0.0
S2030_Advanced_high,S2030_Advanced_high,2030,Advanced,high,0,E0131,backbone,FRh2S,ESh2,,LOHC_to_H2,-0.0,78840.0,-0.0
S2030_Advanced_high,S2030_Advanced_high,2030,Advanced,high,0,E0137,backbone,DEh2,ATh2,,NH3_cracked_to_H2,15683.619283453674,54750.0,28.6458799697784
S2030_Advanced_high,S2030_Advanced_high,2030,Advanced,high,0,E0137,backbone,DEh2,ATh2,,LOHC_to_H2,58.4,54750.0,0.10666666666666667
S2030_Advanced_high,S2030_Advanced_high,2030,Advanced,high,0,E0139,backbone,DEh2,BEh2,,NH3_cracked_to_H2,0.0,33288.0,0.0
S2030_Advanced_high,S2030_Advanced_high,2030,Advanced,high,0,E0139,backbone,DEh2,BEh2,,LOHC_to_H2,0.0,33288.0,0.0
S2030_Advanced_high,S2030_Advanced_high,2030,Advanced,high,0,E0141,backbone,DEh2,CZh2,,NH3_cracked_to_H2,0.0,105120.0,0.0
S2030_Advanced_high,S2030_Advanced_high,2030,Advanced,high,0,E0141,backbone,DEh2,CZh2,,LOHC_to_H2,0.0,105120.0,0.0
S2030_Advanced_high,S2030_Advanced_high,2030,Advanced,high,0,E0143,backbone,DEh2,DKh2,,NH3_cracked_to_H2,0.0,37668.0,0.0
S2030_Advanced_high,S2030_Advanced_high,2030,Advanced,high,0,E0143,backbone,DEh2,DKh2,,LOHC_to_H2,0.0,37668.0,0.0
S2030_Advanced_high,S2030_Advanced_high,2030,Advanced,high,0,E0145,backbone,DEh2,FRh2,,NH3_cracked_to_H2,12265.81112765688,70408.5,17.420923791384393
S2030_Advanced_high,S2030_Advanced_high,2030,Advanced,high,0,E0145,backbone,DEh2,FRh2,,LOHC_to_H2,0.0,70408.5,0.0
S2030_Advanced_high,S2030_Advanced_high,2030,Advanced,high,0,E0147,backbone,DEh2ba,DEh2,,NH3_cracked_to_H2,-0.0,15695.0,-0.0
S2030_Advanced_high,S2030_Advanced_high,2030,Advanced,high,0,E0147,backbone,DEh2ba,DEh2,,LOHC_to_H2,-0.0,15695.0,-0.0
S2030_Advanced_high,S2030_Advanced_high,2030,Advanced,high,0,E0149,backbone,DEh2bp,DEh2,,NH3_cracked_to_H2,-0.0,4745.0,-0.0
S2030_Advanced_high,S2030_Advanced_high,2030,Advanced,high,0,E0149,backbone,DEh2bp,DEh2,,LOHC_to_H2,-0.0,4745.0,-0.0
S2030_Advanced_high,S2030_Advanced_high,2030,Advanced,high,0,E0151,backbone,DEh2bp,DEh2ba,,NH3_cracked_to_H2,0.0,15695.0,0.0
S2030_Advanced_high,S2030_Advanced_high,2030,Advanced,high,0,E0151,backbone,DEh2bp,DEh2ba,,LOHC_to_H2,0.0,15695.0,0.0
S2030_Advanced_high,S2030_Advanced_high,2030,Advanced,high,0,E0153,terminal_backbone,LH2_Tk_DE,DEh2,LH2_Tk_DE|DEh2,LOHC_to_H2,58.4,11388.0,0.5128205128205128
S2030_Advanced_high,S2030_Advanced_high,2030,Advanced,high,0,E0153,terminal_backbone,LH2_Tk_DE,DEh2,LH2_Tk_DE|DEh2,NH3_cracked_to_H2,11329.6,11388.0,99.48717948717949
S2030_Advanced_high,S2030_Advanced_high,2030,Advanced,high,0,E0157,backbone,DEh2,NLh2,,NH3_cracked_to_H2,0.0,108879.5,0.0
S2030_Advanced_high,S2030_Advanced_high,2030,Advanced,high,0,E0157,backbone,DEh2,NLh2,,LOHC_to_H2,0.0,108879.5,0.0
S2030_Advanced_high,S2030_Advanced_high,2030,Advanced,high,0,E0161,backbone,DEh2,PLh2N,,NH3_cracked_to_H2,6398.974243534685,7008.0,91.30956397737849
S2030_Advanced_high,S2030_Advanced_high,2030,Advanced,high,0,E0161,backbone,DEh2,PLh2N,,LOHC_to_H2,0.0,7008.0,0.0
S2030_Advanced_high,S2030_Advanced_high,2030,Advanced,high,0,E0163,backbone,DEh2,PLh2nbc,,NH3_cracked_to_H2,7906.167670770188,36500.0,21.66073334457586
S2030_Advanced_high,S2030_Advanced_high,2030,Advanced,high,0,E0163,backbone,DEh2,PLh2nbc,,LOHC_to_H2,0.0,36500.0,0.0
S2030_Advanced_high,S2030_Advanced_high,2030,Advanced,high,0,E0167,backbone,GRh2,BGh2,,NH3_cracked_to_H2,0.0,29200.0,0.0
S2030_Advanced_high,S2030_Advanced_high,2030,Advanced,high,0,E0167,backbone,GRh2,BGh2,,LOHC_to_H2,0.0,29200.0,0.0
S2030_Advanced_high,S2030_Advanced_high,2030,Advanced,high,0,E0179,backbone,HUh2,ROh2,,NH3_cracked_to_H2,-0.0,28032.0,-0.0
S2030_Advanced_high,S2030_Advanced_high,2030,Advanced,high,0,E0179,backbone,HUh2,ROh2,,LOHC_to_H2,-0.0,28032.0,-0.0
S2030_Advanced_high,S2030_Advanced_high,2030,Advanced,high,0,E0183,backbone,HUh2,IB-SKh2C,,NH3_cracked_to_H2,0.0,36500.0,0.0
S2030_Advanced_high,S2030_Advanced_high,2030,Advanced,high,0,E0183,backbone,HUh2,IB-SKh2C,,LOHC_to_H2,0.0,36500.0,0.0
S2030_Advanced_high,S2030_Advanced_high,2030,Advanced,high,0,E0193,backbone,IB-ITh2,ATh2,,NH3_cracked_to_H2,0.0,61320.0,0.0
S2030_Advanced_high,S2030_Advanced_high,2030,Advanced,high,0,E0193,backbone,IB-ITh2,ATh2,,LOHC_to_H2,0.0,61320.0,0.0
S2030_Advanced_high,S2030_Advanced_high,2030,Advanced,high,0,E0197,backbone,ITh2,IB-ITh2,,NH3_cracked_to_H2,-0.0,73000.0,-0.0
S2030_Advanced_high,S2030_Advanced_high,2030,Advanced,high,0,E0197,backbone,ITh2,IB-ITh2,,LOHC_to_H2,-0.0,73000.0,-0.0
S2030_Advanced_high,S2030_Advanced_high,2030,Advanced,high,0,E0207,backbone,LVh2,EEh2,,NH3_cracked_to_H2,0.0,36500.0,0.0
S2030_Advanced_high,S2030_Advanced_high,2030,Advanced,high,0,E0207,backbone,LVh2,EEh2,,LOHC_to_H2,0.0,36500.0,0.0
S2030_Advanced_high,S2030_Advanced_high,2030,Advanced,high,0,E0209,backbone,LVh2,LTh2,,NH3_cracked_to_H2,-0.0,73000.0,-0.0
S2030_Advanced_high,S2030_Advanced_high,2030,Advanced,high,0,E0209,backbone,LVh2,LTh2,,LOHC_to_H2,-0.0,73000.0,-0.0
S2030_Advanced_high,S2030_Advanced_high,2030,Advanced,high,0,E0211,backbone,LTh2,LVh2,,NH3_cracked_to_H2,0.0,36500.0,0.0
S2030_Advanced_high,S2030_Advanced_high,2030,Advanced,high,0,E0211,backbone,LTh2,LVh2,,LOHC_to_H2,0.0,36500.0,0.0
S2030_Advanced_high,S2030_Advanced_high,2030,Advanced,high,0,E0213,backbone,LTh2,PLh2nbc,,NH3_cracked_to_H2,-0.0,73000.0,-0.0
S2030_Advanced_high,S2030_Advanced_high,2030,Advanced,high,0,E0213,backbone,LTh2,PLh2nbc,,LOHC_to_H2,-0.0,73000.0,-0.0
S2030_Advanced_high,S2030_Advanced_high,2030,Advanced,high,0,E0223,backbone,NLh2,BEh2,,NH3_cracked_to_H2,0.0,13140.0,0.0
S2030_Advanced_high,S2030_Advanced_high,2030,Advanced,high,0,E0223,backbone,NLh2,BEh2,,LOHC_to_H2,0.0,13140.0,0.0
S2030_Advanced_high,S2030_Advanced_high,2030,Advanced,high,0,E0225,backbone,NLh2,DEh2,,NH3_cracked_to_H2,9280.47232541543,102492.0,9.054826060000225
S2030_Advanced_high,S2030_Advanced_high,2030,Advanced,high,0,E0225,backbone,NLh2,DEh2,,LOHC_to_H2,-0.0,102492.0,-0.0
S2030_Advanced_high,S2030_Advanced_high,2030,Advanced,high,0,E0227,terminal_backbone,LH2_Tk_NL,NLh2,LH2_Tk_NL|NLh2,NH3_cracked_to_H2,49749.50000000001,49749.50000000001,100.0
S2030_Advanced_high,S2030_Advanced_high,2030,Advanced,high,0,E0243,backbone,PLh2N,DEh2,,NH3_cracked_to_H2,0.0,7008.0,0.0
S2030_Advanced_high,S2030_Advanced_high,2030,Advanced,high,0,E0243,backbone,PLh2N,DEh2,,LOHC_to_H2,0.0,7008.0,0.0
S2030_Advanced_high,S2030_Advanced_high,2030,Advanced,high,0,E0245,backbone,PLh2nbc,DEh2,,NH3_cracked_to_H2,0.0,73000.0,0.0
S2030_Advanced_high,S2030_Advanced_high,2030,Advanced,high,0,E0245,backbone,PLh2nbc,DEh2,,LOHC_to_H2,0.0,73000.0,0.0
S2030_Advanced_high,S2030_Advanced_high,2030,Advanced,high,0,E0247,backbone,PLh2nbc,LTh2,,NH3_cracked_to_H2,0.0,36500.0,0.0
S2030_Advanced_high,S2030_Advanced_high,2030,Advanced,high,0,E0247,backbone,PLh2nbc,LTh2,,LOHC_to_H2,0.0,36500.0,0.0
S2030_Advanced_high,S2030_Advanced_high,2030,Advanced,high,0,E0253,backbone,PLh2nbc,PLh2N,,NH3_cracked_to_H2,0.0,54750.0,0.0
S2030_Advanced_high,S2030_Advanced_high,2030,Advanced,high,0,E0253,backbone,PLh2nbc,PLh2N,,LOHC_to_H2,0.0,54750.0,0.0
S2030_Advanced_high,S2030_Advanced_high,2030,Advanced,high,0,E0267,backbone,PTh2,ESh2,,NH3_cracked_to_H2,-0.0,29565.0,-0.0
S2030_Advanced_high,S2030_Advanced_high,2030,Advanced,high,0,E0267,backbone,PTh2,ESh2,,LOHC_to_H2,-0.0,29565.0,-0.0
S2030_Advanced_high,S2030_Advanced_high,2030,Advanced,high,0,E0271,backbone,ROh2,HUh2,,NH3_cracked_to_H2,0.0,36500.0,0.0
S2030_Advanced_high,S2030_Advanced_high,2030,Advanced,high,0,E0271,backbone,ROh2,HUh2,,LOHC_to_H2,0.0,36500.0,0.0
S2030_Advanced_high,S2030_Advanced_high,2030,Advanced,high,0,E0285,backbone,IB-SKh2W,ATh2,,NH3_cracked_to_H2,0.0,52560.0,0.0
S2030_Advanced_high,S2030_Advanced_high,2030,Advanced,high,0,E0285,backbone,IB-SKh2W,ATh2,,LOHC_to_H2,0.0,52560.0,0.0
S2030_Advanced_high,S2030_Advanced_high,2030,Advanced,high,0,E0287,backbone,IB-SKh2W,CZh2,,NH3_cracked_to_H2,0.0,52560.0,0.0
S2030_Advanced_high,S2030_Advanced_high,2030,Advanced,high,0,E0287,backbone,IB-SKh2W,CZh2,,LOHC_to_H2,0.0,52560.0,0.0
S2030_Advanced_high,S2030_Advanced_high,2030,Advanced,high,0,E0289,backbone,IB-SKh2C,HUh2,,NH3_cracked_to_H2,-0.0,36500.0,-0.0
S2030_Advanced_high,S2030_Advanced_high,2030,Advanced,high,0,E0289,backbone,IB-SKh2C,HUh2,,LOHC_to_H2,-0.0,36500.0,-0.0
S2030_Advanced_high,S2030_Advanced_high,2030,Advanced,high,0,E0293,backbone,IB-SKh2C,SKh2E,,NH3_cracked_to_H2,-0.0,52560.0,-0.0
S2030_Advanced_high,S2030_Advanced_high,2030,Advanced,high,0,E0293,backbone,IB-SKh2C,SKh2E,,LOHC_to_H2,-0.0,52560.0,-0.0
S2030_Advanced_high,S2030_Advanced_high,2030,Advanced,high,0,E0295,backbone,IB-SKh2C,SKh2W,,NH3_cracked_to_H2,0.0,52560.0,0.0
S2030_Advanced_high,S2030_Advanced_high,2030,Advanced,high,0,E0295,backbone,IB-SKh2C,SKh2W,,LOHC_to_H2,0.0,52560.0,0.0
S2030_Advanced_high,S2030_Advanced_high,2030,Advanced,high,0,E0297,backbone,IB-SKh2E,SKh2E,,NH3_cracked_to_H2,-0.0,52560.0,-0.0
S2030_Advanced_high,S2030_Advanced_high,2030,Advanced,high,0,E0297,backbone,IB-SKh2E,SKh2E,,LOHC_to_H2,-0.0,52560.0,-0.0
S2030_Advanced_high,S2030_Advanced_high,2030,Advanced,high,0,E0299,backbone,IB-SKh2W,SKh2W,,NH3_cracked_to_H2,0.0,52560.0,0.0
S2030_Advanced_high,S2030_Advanced_high,2030,Advanced,high,0,E0299,backbone,IB-SKh2W,SKh2W,,LOHC_to_H2,0.0,52560.0,0.0
S2030_Advanced_high,S2030_Advanced_high,2030,Advanced,high,0,E0301,backbone,SKh2E,IB-SKh2C,,NH3_cracked_to_H2,0.0,52560.0,0.0
S2030_Advanced_high,S2030_Advanced_high,2030,Advanced,high,0,E0301,backbone,SKh2E,IB-SKh2C,,LOHC_to_H2,0.0,52560.0,0.0
S2030_Advanced_high,S2030_Advanced_high,2030,Advanced,high,0,E0303,backbone,SKh2E,IB-SKh2E,,NH3_cracked_to_H2,0.0,52560.0,0.0
S2030_Advanced_high,S2030_Advanced_high,2030,Advanced,high,0,E0303,backbone,SKh2E,IB-SKh2E,,LOHC_to_H2,0.0,52560.0,0.0
S2030_Advanced_high,S2030_Advanced_high,2030,Advanced,high,0,E0305,backbone,SKh2W,IB-SKh2C,,NH3_cracked_to_H2,-0.0,52560.0,-0.0
S2030_Advanced_high,S2030_Advanced_high,2030,Advanced,high,0,E0305,backbone,SKh2W,IB-SKh2C,,LOHC_to_H2,-0.0,52560.0,-0.0
S2030_Advanced_high,S2030_Advanced_high,2030,Advanced,high,0,E0307,backbone,SKh2W,IB-SKh2W,,NH3_cracked_to_H2,-0.0,52560.0,-0.0
S2030_Advanced_high,S2030_Advanced_high,2030,Advanced,high,0,E0307,backbone,SKh2W,IB-SKh2W,,LOHC_to_H2,-0.0,52560.0,-0.0
S2030_Advanced_high,S2030_Advanced_high,2030,Advanced,high,0,E0319,backbone,ESh2,FRh2S,,NH3_cracked_to_H2,0.0,78840.0,0.0
S2030_Advanced_high,S2030_Advanced_high,2030,Advanced,high,0,E0319,backbone,ESh2,FRh2S,,LOHC_to_H2,0.0,78840.0,0.0
S2030_Advanced_high,S2030_Advanced_high,2030,Advanced,high,0,E0325,backbone,ESh2,PTh2,,NH3_cracked_to_H2,0.0,29565.0,0.0
S2030_Advanced_high,S2030_Advanced_high,2030,Advanced,high,0,E0325,backbone,ESh2,PTh2,,LOHC_to_H2,0.0,29565.0,0.0
S2030_Advanced_high,S2030_Advanced_high,2030,Advanced,high,0,E0327,backbone,SEh2,FIh2Al,,NH3_cracked_to_H2,-0.0,183960.0,-0.0
S2030_Advanced_high,S2030_Advanced_high,2030,Advanced,high,0,E0327,backbone,SEh2,FIh2Al,,LOHC_to_H2,-0.0,183960.0,-0.0
S2030_Advanced_high,S2030_Advanced_high,2030,Advanced,high,0,E0329,backbone,SEh2,FIh2N,,NH3_cracked_to_H2,0.0,59130.0,0.0
S2030_Advanced_high,S2030_Advanced_high,2030,Advanced,high,0,E0329,backbone,SEh2,FIh2N,,LOHC_to_H2,0.0,59130.0,0.0
S2040_PCIPMI_low,S2040_PCIPMI_low,2040,PCI/PMI,low,0,E0004,backbone,DZh2,ITh2,,NH3_cracked_to_H2,0.0,163520.0,0.0
S2040_PCIPMI_low,S2040_PCIPMI_low,2040,PCI/PMI,low,0,E0004,backbone,DZh2,ITh2,,LOHC_to_H2,0.0,163520.0,0.0
S2040_PCIPMI_low,S2040_PCIPMI_low,2040,PCI/PMI,low,0,E0006,backbone,ATh2,DEh2,,NH3_cracked_to_H2,0.0,54750.0,0.0
S2040_PCIPMI_low,S2040_PCIPMI_low,2040,PCI/PMI,low,0,E0006,backbone,ATh2,DEh2,,LOHC_to_H2,0.0,54750.0,0.0
S2040_PCIPMI_low,S2040_PCIPMI_low,2040,PCI/PMI,low,0,E0010,backbone,ATh2,IB-ITh2,,NH3_cracked_to_H2,24667.371652729304,45990.0,53.6363810670348
S2040_PCIPMI_low,S2040_PCIPMI_low,2040,PCI/PMI,low,0,E0010,backbone,ATh2,IB-ITh2,,LOHC_to_H2,58.4,45990.0,0.12698412698412698
S2040_PCIPMI_low,S2040_PCIPMI_low,2040,PCI/PMI,low,0,E0012,backbone,ATh2,IB-SKh2W,,NH3_cracked_to_H2,-0.0,52560.0,-0.0
S2040_PCIPMI_low,S2040_PCIPMI_low,2040,PCI/PMI,low,0,E0012,backbone,ATh2,IB-SKh2W,,LOHC_to_H2,-0.0,52560.0,-0.0
S2040_PCIPMI_low,S2040_PCIPMI_low,2040,PCI/PMI,low,0,E0020,terminal_backbone,LH2_Tk_BE,BEh2,LH2_Tk_BE|BEh2,NH3_cracked_to_H2,40816.04276304263,70664.0,57.760730729993526
S2040_PCIPMI_low,S2040_PCIPMI_low,2040,PCI/PMI,low,0,E0022,backbone,BEh2,FRh2,,NH3_cracked_to_H2,13140.0,13140.0,100.0
S2040_PCIPMI_low,S2040_PCIPMI_low,2040,PCI/PMI,low,0,E0022,backbone,BEh2,FRh2,,LOHC_to_H2,0.0,13140.0,0.0
S2040_PCIPMI_low,S2040_PCIPMI_low,2040,PCI/PMI,low,0,E0024,backbone,BEh2,FRh2N,,NH3_cracked_to_H2,4849.276178301789,17520.0,27.678516999439434
S2040_PCIPMI_low,S2040_PCIPMI_low,2040,PCI/PMI,low,0,E0024,backbone,BEh2,FRh2N,,LOHC_to_H2,-0.0,17520.0,-0.0
S2040_PCIPMI_low,S2040_PCIPMI_low,2040,PCI/PMI,low,0,E0026,backbone,BEH2Mo,FRh2Va,,NH3_cracked_to_H2,-0.0,8760.0,-0.0
S2040_PCIPMI_low,S2040_PCIPMI_low,2040,PCI/PMI,low,0,E0026,backbone,BEH2Mo,FRh2Va,,LOHC_to_H2,-0.0,8760.0,-0.0
S2040_PCIPMI_low,S2040_PCIPMI_low,2040,PCI/PMI,low,0,E0028,backbone,BEh2,DEh2,,NH3_cracked_to_H2,22826.766584740835,33288.0,68.57355979554444
S2040_PCIPMI_low,S2040_PCIPMI_low,2040,PCI/PMI,low,0,E0028,backbone,BEh2,DEh2,,LOHC_to_H2,0.0,33288.0,0.0
S2040_PCIPMI_low,S2040_PCIPMI_low,2040,PCI/PMI,low,0,E0032,backbone,BEh2,NLh2,,NH3_cracked_to_H2,0.0,43800.0,0.0
S2040_PCIPMI_low,S2040_PCIPMI_low,2040,PCI/PMI,low,0,E0032,backbone,BEh2,NLh2,,LOHC_to_H2,0.0,43800.0,0.0
S2040_PCIPMI_low,S2040_PCIPMI_low,2040,PCI/PMI,low,0,E0038,backbone,BGh2,GRh2,,NH3_cracked_to_H2,-0.0,29200.0,-0.0
S2040_PCIPMI_low,S2040_PCIPMI_low,2040,PCI/PMI,low,0,E0038,backbone,BGh2,GRh2,,LOHC_to_H2,-0.0,29200.0,-0.0
S2040_PCIPMI_low,S2040_PCIPMI_low,2040,PCI/PMI,low,0,E0058,backbone,CZh2,DEh2,,NH3_cracked_to_H2,-0.0,105120.0,-0.0
S2040_PCIPMI_low,S2040_PCIPMI_low,2040,PCI/PMI,low,0,E0058,backbone,CZh2,DEh2,,LOHC_to_H2,-0.0,105120.0,-0.0
S2040_PCIPMI_low,S2040_PCIPMI_low,2040,PCI/PMI,low,0,E0064,backbone,DKh2,DEh2,,NH3_cracked_to_H2,-0.0,37668.0,-0.0
S2040_PCIPMI_low,S2040_PCIPMI_low,2040,PCI/PMI,low,0,E0064,backbone,DKh2,DEh2,,LOHC_to_H2,-0.0,37668.0,-0.0
S2040_PCIPMI_low,S2040_PCIPMI_low,2040,PCI/PMI,low,0,E0070,backbone,EEh2,FIh2S,,NH3_cracked_to_H2,0.0,36500.0,0.0
S2040_PCIPMI_low,S2040_PCIPMI_low,2040,PCI/PMI,low,0,E0070,backbone,EEh2,FIh2S,,LOHC_to_H2,0.0,36500.0,0.0
S2040_PCIPMI_low,S2040_PCIPMI_low,2040,PCI/PMI,low,0,E0072,backbone,EEh2,LVh2,,NH3_cracked_to_H2,0.0,73000.0,0.0
S2040_PCIPMI_low,S2040_PCIPMI_low,2040,PCI/PMI,low,0,E0072,backbone,EEh2,LVh2,,LOHC_to_H2,-0.0,73000.0,-0.0
S2040_PCIPMI_low,S2040_PCIPMI_low,2040,PCI/PMI,low,0,E0074,backbone,FIh2S,EEh2,,NH3_cracked_to_H2,0.0,73000.0,0.0
S2040_PCIPMI_low,S2040_PCIPMI_low,2040,PCI/PMI,low,0,E0074,backbone,FIh2S,EEh2,,LOHC_to_H2,0.0,73000.0,0.0
S2040_PCIPMI_low,S2040_PCIPMI_low,2040,PCI/PMI,low,0,E0076,backbone,FIh2,FIh2Al,,NH3_cracked_to_H2,0.0,183960.0,0.0
S2040_PCIPMI_low,S2040_PCIPMI_low,2040,PCI/PMI,low,0,E0076,backbone,FIh2,FIh2Al,,LOHC_to_H2,-0.0,183960.0,-0.0
S2040_PCIPMI_low,S2040_PCIPMI_low,2040,PCI/PMI,low,0,E0078,backbone,FIh2,FIh2N,,NH3_cracked_to_H2,0.0,3649635.0,0.0
S2040_PCIPMI_low,S2040_PCIPMI_low,2040,PCI/PMI,low,0,E0078,backbone,FIh2,FIh2N,,LOHC_to_H2,0.0,3649635.0,0.0
S2040_PCIPMI_low,S2040_PCIPMI_low,2040,PCI/PMI,low,0,E0080,backbone,FIh2,FIh2S,,NH3_cracked_to_H2,0.0,3649635.0,0.0
S2040_PCIPMI_low,S2040_PCIPMI_low,2040,PCI/PMI,low,0,E0080,backbone,FIh2,FIh2S,,LOHC_to_H2,0.0,3649635.0,0.0
S2040_PCIPMI_low,S2040_PCIPMI_low,2040,PCI/PMI,low,0,E0082,backbone,FIh2Al,FIh2,,NH3_cracked_to_H2,0.0,183960.0,0.0
S2040_PCIPMI_low,S2040_PCIPMI_low,2040,PCI/PMI,low,0,E0082,backbone,FIh2Al,FIh2,,LOHC_to_H2,0.0,183960.0,0.0
S2040_PCIPMI_low,S2040_PCIPMI_low,2040,PCI/PMI,low,0,E0084,backbone,FIh2N,FIh2,,NH3_cracked_to_H2,0.0,3649635.0,0.0
S2040_PCIPMI_low,S2040_PCIPMI_low,2040,PCI/PMI,low,0,E0084,backbone,FIh2N,FIh2,,LOHC_to_H2,0.0,3649635.0,0.0
S2040_PCIPMI_low,S2040_PCIPMI_low,2040,PCI/PMI,low,0,E0086,backbone,FIh2S,FIh2,,NH3_cracked_to_H2,0.0,3649635.0,0.0
S2040_PCIPMI_low,S2040_PCIPMI_low,2040,PCI/PMI,low,0,E0086,backbone,FIh2S,FIh2,,LOHC_to_H2,-0.0,3649635.0,-0.0
S2040_PCIPMI_low,S2040_PCIPMI_low,2040,PCI/PMI,low,0,E0088,backbone,FIh2Al,DEh2,,NH3_cracked_to_H2,-0.0,95630.0,-0.0
S2040_PCIPMI_low,S2040_PCIPMI_low,2040,PCI/PMI,low,0,E0088,backbone,FIh2Al,DEh2,,LOHC_to_H2,-0.0,95630.0,-0.0
S2040_PCIPMI_low,S2040_PCIPMI_low,2040,PCI/PMI,low,0,E0092,backbone,FIh2Al,SEh2,,NH3_cracked_to_H2,0.0,183960.0,0.0
S2040_PCIPMI_low,S2040_PCIPMI_low,2040,PCI/PMI,low,0,E0092,backbone,FIh2Al,SEh2,,LOHC_to_H2,0.0,183960.0,0.0
S2040_PCIPMI_low,S2040_PCIPMI_low,2040,PCI/PMI,low,0,E0094,backbone,FIh2N,SEh2,,NH3_cracked_to_H2,0.0,59130.0,0.0
S2040_PCIPMI_low,S2040_PCIPMI_low,2040,PCI/PMI,low,0,E0094,backbone,FIh2N,SEh2,,LOHC_to_H2,0.0,59130.0,0.0
S2040_PCIPMI_low,S2040_PCIPMI_low,2040,PCI/PMI,low,0,E0096,backbone,FRh2,BEh2,,NH3_cracked_to_H2,0.0,13140.0,0.0
S2040_PCIPMI_low,S2040_PCIPMI_low,2040,PCI/PMI,low,0,E0096,backbone,FRh2,BEh2,,LOHC_to_H2,0.0,13140.0,0.0
S2040_PCIPMI_low,S2040_PCIPMI_low,2040,PCI/PMI,low,0,E0098,backbone,FRh2N,BEh2,,NH3_cracked_to_H2,0.0,17520.0,0.0
S2040_PCIPMI_low,S2040_PCIPMI_low,2040,PCI/PMI,low,0,E0098,backbone,FRh2N,BEh2,,LOHC_to_H2,0.0,17520.0,0.0
S2040_PCIPMI_low,S2040_PCIPMI_low,2040,PCI/PMI,low,0,E0100,backbone,FRh2Va,BEH2Mo,,NH3_cracked_to_H2,0.0,8760.0,0.0
S2040_PCIPMI_low,S2040_PCIPMI_low,2040,PCI/PMI,low,0,E0100,backbone,FRh2Va,BEH2Mo,,LOHC_to_H2,0.0,8760.0,0.0
S2040_PCIPMI_low,S2040_PCIPMI_low,2040,PCI/PMI,low,0,E0104,backbone,FRh2,FRh2S,,NH3_cracked_to_H2,25032.68020736468,70080.0,35.72014869772357
S2040_PCIPMI_low,S2040_PCIPMI_low,2040,PCI/PMI,low,0,E0104,backbone,FRh2,FRh2S,,LOHC_to_H2,-0.0,70080.0,-0.0
S2040_PCIPMI_low,S2040_PCIPMI_low,2040,PCI/PMI,low,0,E0108,backbone,FRh2,FRh2Va,,NH3_cracked_to_H2,-0.0,8760.0,-0.0
S2040_PCIPMI_low,S2040_PCIPMI_low,2040,PCI/PMI,low,0,E0108,backbone,FRh2,FRh2Va,,LOHC_to_H2,-0.0,8760.0,-0.0
S2040_PCIPMI_low,S2040_PCIPMI_low,2040,PCI/PMI,low,0,E0112,backbone,FRh2S,FRh2,,NH3_cracked_to_H2,0.0,70080.0,0.0
S2040_PCIPMI_low,S2040_PCIPMI_low,2040,PCI/PMI,low,0,E0112,backbone,FRh2S,FRh2,,LOHC_to_H2,0.0,70080.0,0.0
S2040_PCIPMI_low,S2040_PCIPMI_low,2040,PCI/PMI,low,0,E0120,backbone,FRh2Va,FRh2,,NH3_cracked_to_H2,0.0,8760.0,0.0
S2040_PCIPMI_low,S2040_PCIPMI_low,2040,PCI/PMI,low,0,E0120,backbone,FRh2Va,FRh2,,LOHC_to_H2,0.0,8760.0,0.0
S2040_PCIPMI_low,S2040_PCIPMI_low,2040,PCI/PMI,low,0,E0122,terminal_backbone,LH2_Tk_FRn,FRh2N,LH2_Tk_FRn|FRh2N,NH3_cracked_to_H2,17520.0,17520.0,100.0
S2040_PCIPMI_low,S2040_PCIPMI_low,2040,PCI/PMI,low,0,E0128,backbone,FRh2,DEh2,,NH3_cracked_to_H2,0.0,76467.5,0.0
S2040_PCIPMI_low,S2040_PCIPMI_low,2040,PCI/PMI,low,0,E0128,backbone,FRh2,DEh2,,LOHC_to_H2,0.0,76467.5,0.0
S2040_PCIPMI_low,S2040_PCIPMI_low,2040,PCI/PMI,low,0,E0132,backbone,FRh2S,ESh2,,NH3_cracked_to_H2,25032.68020736468,78840.0,31.7512432868654
S2040_PCIPMI_low,S2040_PCIPMI_low,2040,PCI/PMI,low,0,E0132,backbone,FRh2S,ESh2,,LOHC_to_H2,-0.0,78840.0,-0.0
S2040_PCIPMI_low,S2040_PCIPMI_low,2040,PCI/PMI,low,0,E0138,backbone,DEh2,ATh2,,NH3_cracked_to_H2,24667.371652729304,54750.0,45.054560096309224
S2040_PCIPMI_low,S2040_PCIPMI_low,2040,PCI/PMI,low,0,E0138,backbone,DEh2,ATh2,,LOHC_to_H2,58.4,54750.0,0.10666666666666667
S2040_PCIPMI_low,S2040_PCIPMI_low,2040,PCI/PMI,low,0,E0140,backbone,DEh2,BEh2,,NH3_cracked_to_H2,0.0,33288.0,0.0
S2040_PCIPMI_low,S2040_PCIPMI_low,2040,PCI/PMI,low,0,E0140,backbone,DEh2,BEh2,,LOHC_to_H2,0.0,33288.0,0.0
S2040_PCIPMI_low,S2040_PCIPMI_low,2040,PCI/PMI,low,0,E0142,backbone,DEh2,CZh2,,NH3_cracked_to_H2,0.0,105120.0,0.0
S2040_PCIPMI_low,S2040_PCIPMI_low,2040,PCI/PMI,low,0,E0142,backbone,DEh2,CZh2,,LOHC_to_H2,0.0,105120.0,0.0
S2040_PCIPMI_low,S2040_PCIPMI_low,2040,PCI/PMI,low,0,E0144,backbone,DEh2,DKh2,,NH3_cracked_to_H2,0.0,37668.0,0.0
S2040_PCIPMI_low,S2040_PCIPMI_low,2040,PCI/PMI,low,0,E0144,backbone,DEh2,DKh2,,LOHC_to_H2,0.0,37668.0,0.0
S2040_PCIPMI_low,S2040_PCIPMI_low,2040,PCI/PMI,low,0,E0146,backbone,DEh2,FRh2,,NH3_cracked_to_H2,11892.68020736468,70408.5,16.890972265230307
S2040_PCIPMI_low,S2040_PCIPMI_low,2040,PCI/PMI,low,0,E0146,backbone,DEh2,FRh2,,LOHC_to_H2,0.0,70408.5,0.0
S2040_PCIPMI_low,S2040_PCIPMI_low,2040,PCI/PMI,low,0,E0154,terminal_backbone,LH2_Tk_DE,DEh2,LH2_Tk_DE|DEh2,LOHC_to_H2,58.4,19965.5,0.29250457038391225
S2040_PCIPMI_low,S2040_PCIPMI_low,2040,PCI/PMI,low,0,E0154,terminal_backbone,LH2_Tk_DE,DEh2,LH2_Tk_DE|DEh2,NH3_cracked_to_H2,19907.1,19965.5,99.70749542961607
S2040_PCIPMI_low,S2040_PCIPMI_low,2040,PCI/PMI,low,0,E0158,backbone,DEh2,NLh2,,NH3_cracked_to_H2,0.0,63072.00000000001,0.0
S2040_PCIPMI_low,S2040_PCIPMI_low,2040,PCI/PMI,low,0,E0158,backbone,DEh2,NLh2,,LOHC_to_H2,0.0,63072.00000000001,0.0
S2040_PCIPMI_low,S2040_PCIPMI_low,2040,PCI/PMI,low,0,E0164,backbone,DEh2,PLh2nbc,,NH3_cracked_to_H2,32103.70762067406,36500.0,87.95536334431249
S2040_PCIPMI_low,S2040_PCIPMI_low,2040,PCI/PMI,low,0,E0164,backbone,DEh2,PLh2nbc,,LOHC_to_H2,0.0,36500.0,0.0
S2040_PCIPMI_low,S2040_PCIPMI_low,2040,PCI/PMI,low,0,E0168,backbone,GRh2,BGh2,,NH3_cracked_to_H2,0.0,29200.0,0.0
S2040_PCIPMI_low,S2040_PCIPMI_low,2040,PCI/PMI,low,0,E0168,backbone,GRh2,BGh2,,LOHC_to_H2,0.0,29200.0,0.0
S2040_PCIPMI_low,S2040_PCIPMI_low,2040,PCI/PMI,low,0,E0194,backbone,IB-ITh2,ATh2,,NH3_cracked_to_H2,0.0,61320.0,0.0
S2040_PCIPMI_low,S2040_PCIPMI_low,2040,PCI/PMI,low,0,E0194,backbone,IB-ITh2,ATh2,,LOHC_to_H2,0.0,61320.0,0.0
S2040_PCIPMI_low,S2040_PCIPMI_low,2040,PCI/PMI,low,0,E0198,backbone,ITh2,IB-ITh2,,NH3_cracked_to_H2,0.0,73000.0,0.0
S2040_PCIPMI_low,S2040_PCIPMI_low,2040,PCI/PMI,low,0,E0198,backbone,ITh2,IB-ITh2,,LOHC_to_H2,0.0,73000.0,0.0
S2040_PCIPMI_low,S2040_PCIPMI_low,2040,PCI/PMI,low,0,E0208,backbone,LVh2,EEh2,,NH3_cracked_to_H2,0.0,36500.0,0.0
S2040_PCIPMI_low,S2040_PCIPMI_low,2040,PCI/PMI,low,0,E0208,backbone,LVh2,EEh2,,LOHC_to_H2,0.0,36500.0,0.0
S2040_PCIPMI_low,S2040_PCIPMI_low,2040,PCI/PMI,low,0,E0210,backbone,LVh2,LTh2,,NH3_cracked_to_H2,-0.0,73000.0,-0.0
S2040_PCIPMI_low,S2040_PCIPMI_low,2040,PCI/PMI,low,0,E0210,backbone,LVh2,LTh2,,LOHC_to_H2,-0.0,73000.0,-0.0
S2040_PCIPMI_low,S2040_PCIPMI_low,2040,PCI/PMI,low,0,E0212,backbone,LTh2,LVh2,,NH3_cracked_to_H2,0.0,36500.0,0.0
S2040_PCIPMI_low,S2040_PCIPMI_low,2040,PCI/PMI,low,0,E0212,backbone,LTh2,LVh2,,LOHC_to_H2,0.0,36500.0,0.0
S2040_PCIPMI_low,S2040_PCIPMI_low,2040,PCI/PMI,low,0,E0214,backbone,LTh2,PLh2nbc,,NH3_cracked_to_H2,-0.0,73000.0,-0.0
S2040_PCIPMI_low,S2040_PCIPMI_low,2040,PCI/PMI,low,0,E0214,backbone,LTh2,PLh2nbc,,LOHC_to_H2,-0.0,73000.0,-0.0
S2040_PCIPMI_low,S2040_PCIPMI_low,2040,PCI/PMI,low,0,E0222,backbone,MAh2,ESh2,,NH3_cracked_to_H2,0.0,38690.0,0.0
S2040_PCIPMI_low,S2040_PCIPMI_low,2040,PCI/PMI,low,0,E0222,backbone,MAh2,ESh2,,LOHC_to_H2,0.0,38690.0,0.0
S2040_PCIPMI_low,S2040_PCIPMI_low,2040,PCI/PMI,low,0,E0224,backbone,NLh2,BEh2,,NH3_cracked_to_H2,0.0,43800.0,0.0
S2040_PCIPMI_low,S2040_PCIPMI_low,2040,PCI/PMI,low,0,E0224,backbone,NLh2,BEh2,,LOHC_to_H2,0.0,43800.0,0.0
S2040_PCIPMI_low,S2040_PCIPMI_low,2040,PCI/PMI,low,0,E0226,backbone,NLh2,DEh2,,NH3_cracked_to_H2,25929.89289602721,74460.0,34.823922771994646
S2040_PCIPMI_low,S2040_PCIPMI_low,2040,PCI/PMI,low,0,E0226,backbone,NLh2,DEh2,,LOHC_to_H2,-0.0,74460.0,-0.0
S2040_PCIPMI_low,S2040_PCIPMI_low,2040,PCI/PMI,low,0,E0228,terminal_backbone,LH2_Tk_NL,NLh2,LH2_Tk_NL|NLh2,NH3_cracked_to_H2,64641.5,64641.5,100.0
S2040_PCIPMI_low,S2040_PCIPMI_low,2040,PCI/PMI,low,0,E0234,backbone,Y-NOh2,DEh2,,NH3_cracked_to_H2,0.0,157680.0,0.0
S2040_PCIPMI_low,S2040_PCIPMI_low,2040,PCI/PMI,low,0,E0234,backbone,Y-NOh2,DEh2,,LOHC_to_H2,0.0,157680.0,0.0
S2040_PCIPMI_low,S2040_PCIPMI_low,2040,PCI/PMI,low,0,E0236,backbone,NOh2,Y-NOh2,,NH3_cracked_to_H2,0.0,157680.0,0.0
S2040_PCIPMI_low,S2040_PCIPMI_low,2040,PCI/PMI,low,0,E0236,backbone,NOh2,Y-NOh2,,LOHC_to_H2,0.0,157680.0,0.0
S2040_PCIPMI_low,S2040_PCIPMI_low,2040,PCI/PMI,low,0,E0246,backbone,PLh2nbc,DEh2,,NH3_cracked_to_H2,0.0,73000.0,0.0
S2040_PCIPMI_low,S2040_PCIPMI_low,2040,PCI/PMI,low,0,E0246,backbone,PLh2nbc,DEh2,,LOHC_to_H2,0.0,73000.0,0.0
S2040_PCIPMI_low,S2040_PCIPMI_low,2040,PCI/PMI,low,0,E0248,backbone,PLh2nbc,LTh2,,NH3_cracked_to_H2,0.0,36500.0,0.0
S2040_PCIPMI_low,S2040_PCIPMI_low,2040,PCI/PMI,low,0,E0248,backbone,PLh2nbc,LTh2,,LOHC_to_H2,0.0,36500.0,0.0
S2040_PCIPMI_low,S2040_PCIPMI_low,2040,PCI/PMI,low,0,E0254,backbone,PLh2nbc,PLh2N,,NH3_cracked_to_H2,12822.684517812833,36500.0,35.13064251455571
S2040_PCIPMI_low,S2040_PCIPMI_low,2040,PCI/PMI,low,0,E0254,backbone,PLh2nbc,PLh2N,,LOHC_to_H2,-0.0,36500.0,-0.0
S2040_PCIPMI_low,S2040_PCIPMI_low,2040,PCI/PMI,low,0,E0260,backbone,PLh2S,PLh2nbc,,NH3_cracked_to_H2,0.0,18250.0,0.0
S2040_PCIPMI_low,S2040_PCIPMI_low,2040,PCI/PMI,low,0,E0260,backbone,PLh2S,PLh2nbc,,LOHC_to_H2,0.0,18250.0,0.0
S2040_PCIPMI_low,S2040_PCIPMI_low,2040,PCI/PMI,low,0,E0268,backbone,PTh2,ESh2,,NH3_cracked_to_H2,-0.0,29565.0,-0.0
S2040_PCIPMI_low,S2040_PCIPMI_low,2040,PCI/PMI,low,0,E0268,backbone,PTh2,ESh2,,LOHC_to_H2,-0.0,29565.0,-0.0
S2040_PCIPMI_low,S2040_PCIPMI_low,2040,PCI/PMI,low,0,E0286,backbone,IB-SKh2W,ATh2,,NH3_cracked_to_H2,0.0,52560.0,0.0
S2040_PCIPMI_low,S2040_PCIPMI_low,2040,PCI/PMI,low,0,E0286,backbone,IB-SKh2W,ATh2,,LOHC_to_H2,0.0,52560.0,0.0
S2040_PCIPMI_low,S2040_PCIPMI_low,2040,PCI/PMI,low,0,E0288,backbone,IB-SKh2W,CZh2,,NH3_cracked_to_H2,0.0,52560.0,0.0
S2040_PCIPMI_low,S2040_PCIPMI_low,2040,PCI/PMI,low,0,E0288,backbone,IB-SKh2W,CZh2,,LOHC_to_H2,0.0,52560.0,0.0
S2040_PCIPMI_low,S2040_PCIPMI_low,2040,PCI/PMI,low,0,E0294,backbone,IB-SKh2C,SKh2E,,NH3_cracked_to_H2,-0.0,52560.0,-0.0
S2040_PCIPMI_low,S2040_PCIPMI_low,2040,PCI/PMI,low,0,E0294,backbone,IB-SKh2C,SKh2E,,LOHC_to_H2,-0.0,52560.0,-0.0
S2040_PCIPMI_low,S2040_PCIPMI_low,2040,PCI/PMI,low,0,E0296,backbone,IB-SKh2C,SKh2W,,NH3_cracked_to_H2,0.0,52560.0,0.0
S2040_PCIPMI_low,S2040_PCIPMI_low,2040,PCI/PMI,low,0,E0296,backbone,IB-SKh2C,SKh2W,,LOHC_to_H2,0.0,52560.0,0.0
S2040_PCIPMI_low,S2040_PCIPMI_low,2040,PCI/PMI,low,0,E0298,backbone,IB-SKh2E,SKh2E,,NH3_cracked_to_H2,-0.0,52560.0,-0.0
S2040_PCIPMI_low,S2040_PCIPMI_low,2040,PCI/PMI,low,0,E0298,backbone,IB-SKh2E,SKh2E,,LOHC_to_H2,-0.0,52560.0,-0.0
S2040_PCIPMI_low,S2040_PCIPMI_low,2040,PCI/PMI,low,0,E0300,backbone,IB-SKh2W,SKh2W,,NH3_cracked_to_H2,0.0,52560.0,0.0
S2040_PCIPMI_low,S2040_PCIPMI_low,2040,PCI/PMI,low,0,E0300,backbone,IB-SKh2W,SKh2W,,LOHC_to_H2,0.0,52560.0,0.0
S2040_PCIPMI_low,S2040_PCIPMI_low,2040,PCI/PMI,low,0,E0302,backbone,SKh2E,IB-SKh2C,,NH3_cracked_to_H2,0.0,52560.0,0.0
S2040_PCIPMI_low,S2040_PCIPMI_low,2040,PCI/PMI,low,0,E0302,backbone,SKh2E,IB-SKh2C,,LOHC_to_H2,0.0,52560.0,0.0
S2040_PCIPMI_low,S2040_PCIPMI_low,2040,PCI/PMI,low,0,E0304,backbone,SKh2E,IB-SKh2E,,NH3_cracked_to_H2,0.0,52560.0,0.0
S2040_PCIPMI_low,S2040_PCIPMI_low,2040,PCI/PMI,low,0,E0304,backbone,SKh2E,IB-SKh2E,,LOHC_to_H2,0.0,52560.0,0.0
S2040_PCIPMI_low,S2040_PCIPMI_low,2040,PCI/PMI,low,0,E0306,backbone,SKh2W,IB-SKh2C,,NH3_cracked_to_H2,-0.0,52560.0,-0.0
S2040_PCIPMI_low,S2040_PCIPMI_low,2040,PCI/PMI,low,0,E0306,backbone,SKh2W,IB-SKh2C,,LOHC_to_H2,-0.0,52560.0,-0.0
S2040_PCIPMI_low,S2040_PCIPMI_low,2040,PCI/PMI,low,0,E0308,backbone,SKh2W,IB-SKh2W,,NH3_cracked_to_H2,-0.0,52560.0,-0.0
S2040_PCIPMI_low,S2040_PCIPMI_low,2040,PCI/PMI,low,0,E0308,backbone,SKh2W,IB-SKh2W,,LOHC_to_H2,-0.0,52560.0,-0.0
S2040_PCIPMI_low,S2040_PCIPMI_low,2040,PCI/PMI,low,0,E0320,backbone,ESh2,FRh2S,,NH3_cracked_to_H2,0.0,78840.0,0.0
S2040_PCIPMI_low,S2040_PCIPMI_low,2040,PCI/PMI,low,0,E0320,backbone,ESh2,FRh2S,,LOHC_to_H2,0.0,78840.0,0.0
S2040_PCIPMI_low,S2040_PCIPMI_low,2040,PCI/PMI,low,0,E0326,backbone,ESh2,PTh2,,NH3_cracked_to_H2,0.0,29565.0,0.0
S2040_PCIPMI_low,S2040_PCIPMI_low,2040,PCI/PMI,low,0,E0326,backbone,ESh2,PTh2,,LOHC_to_H2,0.0,29565.0,0.0
S2040_PCIPMI_low,S2040_PCIPMI_low,2040,PCI/PMI,low,0,E0328,backbone,SEh2,FIh2Al,,NH3_cracked_to_H2,0.0,183960.0,0.0
S2040_PCIPMI_low,S2040_PCIPMI_low,2040,PCI/PMI,low,0,E0328,backbone,SEh2,FIh2Al,,LOHC_to_H2,-0.0,183960.0,-0.0
S2040_PCIPMI_low,S2040_PCIPMI_low,2040,PCI/PMI,low,0,E0330,backbone,SEh2,FIh2N,,NH3_cracked_to_H2,0.0,59130.0,0.0
S2040_PCIPMI_low,S2040_PCIPMI_low,2040,PCI/PMI,low,0,E0330,backbone,SEh2,FIh2N,,LOHC_to_H2,0.0,59130.0,0.0
S2040_PCIPMI_low,S2040_PCIPMI_low,2040,PCI/PMI,low,0,E0346,backbone,UAh2,IB-SKh2E,,NH3_cracked_to_H2,0.0,52560.0,0.0
S2040_PCIPMI_low,S2040_PCIPMI_low,2040,PCI/PMI,low,0,E0346,backbone,UAh2,IB-SKh2E,,LOHC_to_H2,0.0,52560.0,0.0
S2040_PCIPMI_medium,S2040_PCIPMI_medium,2040,PCI/PMI,medium,0,E0004,backbone,DZh2,ITh2,,NH3_cracked_to_H2,-0.0,163520.0,-0.0
S2040_PCIPMI_medium,S2040_PCIPMI_medium,2040,PCI/PMI,medium,0,E0004,backbone,DZh2,ITh2,,LOHC_to_H2,-0.0,163520.0,-0.0
S2040_PCIPMI_medium,S2040_PCIPMI_medium,2040,PCI/PMI,medium,0,E0006,backbone,ATh2,DEh2,,NH3_cracked_to_H2,0.0,54750.0,0.0
S2040_PCIPMI_medium,S2040_PCIPMI_medium,2040,PCI/PMI,medium,0,E0006,backbone,ATh2,DEh2,,LOHC_to_H2,0.0,54750.0,0.0
S2040_PCIPMI_medium,S2040_PCIPMI_medium,2040,PCI/PMI,medium,0,E0010,backbone,ATh2,IB-ITh2,,NH3_cracked_to_H2,33460.54613666269,45990.0,72.75613423931874
S2040_PCIPMI_medium,S2040_PCIPMI_medium,2040,PCI/PMI,medium,0,E0010,backbone,ATh2,IB-ITh2,,LOHC_to_H2,-0.0,45990.0,-0.0
S2040_PCIPMI_medium,S2040_PCIPMI_medium,2040,PCI/PMI,medium,0,E0012,backbone,ATh2,IB-SKh2W,,NH3_cracked_to_H2,-0.0,52560.0,-0.0
S2040_PCIPMI_medium,S2040_PCIPMI_medium,2040,PCI/PMI,medium,0,E0012,backbone,ATh2,IB-SKh2W,,LOHC_to_H2,-0.0,52560.0,-0.0
S2040_PCIPMI_medium,S2040_PCIPMI_medium,2040,PCI/PMI,medium,0,E0020,terminal_backbone,LH2_Tk_BE,BEh2,LH2_Tk_BE|BEh2,NH3_cracked_to_H2,70664.0,70664.0,100.0
S2040_PCIPMI_medium,S2040_PCIPMI_medium,2040,PCI/PMI,medium,0,E0022,backbone,BEh2,FRh2,,NH3_cracked_to_H2,13140.0,13140.0,100.0
S2040_PCIPMI_medium,S2040_PCIPMI_medium,2040,PCI/PMI,medium,0,E0022,backbone,BEh2,FRh2,,LOHC_to_H2,0.0,13140.0,0.0
S2040_PCIPMI_medium,S2040_PCIPMI_medium,2040,PCI/PMI,medium,0,E0024,backbone,BEh2,FRh2N,,NH3_cracked_to_H2,12751.580928605576,17520.0,72.78299616784004
S2040_PCIPMI_medium,S2040_PCIPMI_medium,2040,PCI/PMI,medium,0,E0024,backbone,BEh2,FRh2N,,LOHC_to_H2,-0.0,17520.0,-0.0
S2040_PCIPMI_medium,S2040_PCIPMI_medium,2040,PCI/PMI,medium,0,E0026,backbone,BEH2Mo,FRh2Va,,NH3_cracked_to_H2,-0.0,8760.0,-0.0
S2040_PCIPMI_medium,S2040_PCIPMI_medium,2040,PCI/PMI,medium,0,E0026,backbone,BEH2Mo,FRh2Va,,LOHC_to_H2,-0.0,8760.0,-0.0
S2040_PCIPMI_medium,S2040_PCIPMI_medium,2040,PCI/PMI,medium,0,E0028,backbone,BEh2,DEh2,,NH3_cracked_to_H2,33288.0,33288.0,100.0
S2040_PCIPMI_medium,S2040_PCIPMI_medium,2040,PCI/PMI,medium,0,E0028,backbone,BEh2,DEh2,,LOHC_to_H2,0.0,33288.0,0.0
S2040_PCIPMI_medium,S2040_PCIPMI_medium,2040,PCI/PMI,medium,0,E0032,backbone,BEh2,NLh2,,NH3_cracked_to_H2,11484.419071394424,43800.0,26.220134866197316
S2040_PCIPMI_medium,S2040_PCIPMI_medium,2040,PCI/PMI,medium,0,E0032,backbone,BEh2,NLh2,,LOHC_to_H2,-0.0,43800.0,-0.0
S2040_PCIPMI_medium,S2040_PCIPMI_medium,2040,PCI/PMI,medium,0,E0038,backbone,BGh2,GRh2,,NH3_cracked_to_H2,-0.0,29200.0,-0.0
S2040_PCIPMI_medium,S2040_PCIPMI_medium,2040,PCI/PMI,medium,0,E0038,backbone,BGh2,GRh2,,LOHC_to_H2,-0.0,29200.0,-0.0
S2040_PCIPMI_medium,S2040_PCIPMI_medium,2040,PCI/PMI,medium,0,E0058,backbone,CZh2,DEh2,,NH3_cracked_to_H2,-0.0,105120.0,-0.0
S2040_PCIPMI_medium,S2040_PCIPMI_medium,2040,PCI/PMI,medium,0,E0058,backbone,CZh2,DEh2,,LOHC_to_H2,-0.0,105120.0,-0.0
S2040_PCIPMI_medium,S2040_PCIPMI_medium,2040,PCI/PMI,medium,0,E0064,backbone,DKh2,DEh2,,NH3_cracked_to_H2,-0.0,37668.0,-0.0
S2040_PCIPMI_medium,S2040_PCIPMI_medium,2040,PCI/PMI,medium,0,E0064,backbone,DKh2,DEh2,,LOHC_to_H2,-0.0,37668.0,-0.0
S2040_PCIPMI_medium,S2040_PCIPMI_medium,2040,PCI/PMI,medium,0,E0070,backbone,EEh2,FIh2S,,NH3_cracked_to_H2,0.0,36500.0,0.0
S2040_PCIPMI_medium,S2040_PCIPMI_medium,2040,PCI/PMI,medium,0,E0070,backbone,EEh2,FIh2S,,LOHC_to_H2,0.0,36500.0,0.0
S2040_PCIPMI_medium,S2040_PCIPMI_medium,2040,PCI/PMI,medium,0,E0072,backbone,EEh2,LVh2,,NH3_cracked_to_H2,-0.0,73000.0,-0.0
S2040_PCIPMI_medium,S2040_PCIPMI_medium,2040,PCI/PMI,medium,0,E0072,backbone,EEh2,LVh2,,LOHC_to_H2,-0.0,73000.0,-0.0
S2040_PCIPMI_medium,S2040_PCIPMI_medium,2040,PCI/PMI,medium,0,E0074,backbone,FIh2S,EEh2,,NH3_cracked_to_H2,-0.0,73000.0,-0.0
S2040_PCIPMI_medium,S2040_PCIPMI_medium,2040,PCI/PMI,medium,0,E0074,backbone,FIh2S,EEh2,,LOHC_to_H2,-0.0,73000.0,-0.0
S2040_PCIPMI_medium,S2040_PCIPMI_medium,2040,PCI/PMI,medium,0,E0076,backbone,FIh2,FIh2Al,,NH3_cracked_to_H2,-0.0,183960.0,-0.0
S2040_PCIPMI_medium,S2040_PCIPMI_medium,2040,PCI/PMI,medium,0,E0076,backbone,FIh2,FIh2Al,,LOHC_to_H2,-0.0,183960.0,-0.0
S2040_PCIPMI_medium,S2040_PCIPMI_medium,2040,PCI/PMI,medium,0,E0078,backbone,FIh2,FIh2N,,NH3_cracked_to_H2,0.0,3649635.0,0.0
S2040_PCIPMI_medium,S2040_PCIPMI_medium,2040,PCI/PMI,medium,0,E0078,backbone,FIh2,FIh2N,,LOHC_to_H2,0.0,3649635.0,0.0
S2040_PCIPMI_medium,S2040_PCIPMI_medium,2040,PCI/PMI,medium,0,E0080,backbone,FIh2,FIh2S,,NH3_cracked_to_H2,0.0,3649635.0,0.0
S2040_PCIPMI_medium,S2040_PCIPMI_medium,2040,PCI/PMI,medium,0,E0080,backbone,FIh2,FIh2S,,LOHC_to_H2,0.0,3649635.0,0.0
S2040_PCIPMI_medium,S2040_PCIPMI_medium,2040,PCI/PMI,medium,0,E0082,backbone,FIh2Al,FIh2,,NH3_cracked_to_H2,0.0,183960.0,0.0
S2040_PCIPMI_medium,S2040_PCIPMI_medium,2040,PCI/PMI,medium,0,E0082,backbone,FIh2Al,FIh2,,LOHC_to_H2,0.0,183960.0,0.0
S2040_PCIPMI_medium,S2040_PCIPMI_medium,2040,PCI/PMI,medium,0,E0084,backbone,FIh2N,FIh2,,NH3_cracked_to_H2,0.0,3649635.0,0.0
S2040_PCIPMI_medium,S2040_PCIPMI_medium,2040,PCI/PMI,medium,0,E0084,backbone,FIh2N,FIh2,,LOHC_to_H2,0.0,3649635.0,0.0
S2040_PCIPMI_medium,S2040_PCIPMI_medium,2040,PCI/PMI,medium,0,E0086,backbone,FIh2S,FIh2,,NH3_cracked_to_H2,0.0,3649635.0,0.0
S2040_PCIPMI_medium,S2040_PCIPMI_medium,2040,PCI/PMI,medium,0,E0086,backbone,FIh2S,FIh2,,LOHC_to_H2,0.0,3649635.0,0.0
S2040_PCIPMI_medium,S2040_PCIPMI_medium,2040,PCI/PMI,medium,0,E0088,backbone,FIh2Al,DEh2,,NH3_cracked_to_H2,-0.0,95630.0,-0.0
S2040_PCIPMI_medium,S2040_PCIPMI_medium,2040,PCI/PMI,medium,0,E0088,backbone,FIh2Al,DEh2,,LOHC_to_H2,-0.0,95630.0,-0.0
S2040_PCIPMI_medium,S2040_PCIPMI_medium,2040,PCI/PMI,medium,0,E0092,backbone,FIh2Al,SEh2,,NH3_cracked_to_H2,0.0,183960.0,0.0
S2040_PCIPMI_medium,S2040_PCIPMI_medium,2040,PCI/PMI,medium,0,E0092,backbone,FIh2Al,SEh2,,LOHC_to_H2,0.0,183960.0,0.0
S2040_PCIPMI_medium,S2040_PCIPMI_medium,2040,PCI/PMI,medium,0,E0094,backbone,FIh2N,SEh2,,NH3_cracked_to_H2,-0.0,59130.0,-0.0
S2040_PCIPMI_medium,S2040_PCIPMI_medium,2040,PCI/PMI,medium,0,E0094,backbone,FIh2N,SEh2,,LOHC_to_H2,-0.0,59130.0,-0.0
S2040_PCIPMI_medium,S2040_PCIPMI_medium,2040,PCI/PMI,medium,0,E0096,backbone,FRh2,BEh2,,NH3_cracked_to_H2,0.0,13140.0,0.0
S2040_PCIPMI_medium,S2040_PCIPMI_medium,2040,PCI/PMI,medium,0,E0096,backbone,FRh2,BEh2,,LOHC_to_H2,0.0,13140.0,0.0
S2040_PCIPMI_medium,S2040_PCIPMI_medium,2040,PCI/PMI,medium,0,E0098,backbone,FRh2N,BEh2,,NH3_cracked_to_H2,0.0,17520.0,0.0
S2040_PCIPMI_medium,S2040_PCIPMI_medium,2040,PCI/PMI,medium,0,E0098,backbone,FRh2N,BEh2,,LOHC_to_H2,0.0,17520.0,0.0
S2040_PCIPMI_medium,S2040_PCIPMI_medium,2040,PCI/PMI,medium,0,E0100,backbone,FRh2Va,BEH2Mo,,NH3_cracked_to_H2,0.0,8760.0,0.0
S2040_PCIPMI_medium,S2040_PCIPMI_medium,2040,PCI/PMI,medium,0,E0100,backbone,FRh2Va,BEH2Mo,,LOHC_to_H2,0.0,8760.0,0.0
S2040_PCIPMI_medium,S2040_PCIPMI_medium,2040,PCI/PMI,medium,0,E0104,backbone,FRh2,FRh2S,,NH3_cracked_to_H2,20113.371180361995,70080.0,28.700586729968602
S2040_PCIPMI_medium,S2040_PCIPMI_medium,2040,PCI/PMI,medium,0,E0104,backbone,FRh2,FRh2S,,LOHC_to_H2,58.4,70080.0,0.08333333333333333
S2040_PCIPMI_medium,S2040_PCIPMI_medium,2040,PCI/PMI,medium,0,E0108,backbone,FRh2,FRh2Va,,NH3_cracked_to_H2,-0.0,8760.0,-0.0
S2040_PCIPMI_medium,S2040_PCIPMI_medium,2040,PCI/PMI,medium,0,E0108,backbone,FRh2,FRh2Va,,LOHC_to_H2,-0.0,8760.0,-0.0
S2040_PCIPMI_medium,S2040_PCIPMI_medium,2040,PCI/PMI,medium,0,E0112,backbone,FRh2S,FRh2,,NH3_cracked_to_H2,0.0,70080.0,0.0
S2040_PCIPMI_medium,S2040_PCIPMI_medium,2040,PCI/PMI,medium,0,E0112,backbone,FRh2S,FRh2,,LOHC_to_H2,0.0,70080.0,0.0
S2040_PCIPMI_medium,S2040_PCIPMI_medium,2040,PCI/PMI,medium,0,E0120,backbone,FRh2Va,FRh2,,NH3_cracked_to_H2,0.0,8760.0,0.0
S2040_PCIPMI_medium,S2040_PCIPMI_medium,2040,PCI/PMI,medium,0,E0120,backbone,FRh2Va,FRh2,,LOHC_to_H2,0.0,8760.0,0.0
S2040_PCIPMI_medium,S2040_PCIPMI_medium,2040,PCI/PMI,medium,0,E0122,terminal_backbone,LH2_Tk_FRn,FRh2N,LH2_Tk_FRn|FRh2N,NH3_cracked_to_H2,17520.0,17520.0,100.0
S2040_PCIPMI_medium,S2040_PCIPMI_medium,2040,PCI/PMI,medium,0,E0128,backbone,FRh2,DEh2,,NH3_cracked_to_H2,0.0,76467.5,0.0
S2040_PCIPMI_medium,S2040_PCIPMI_medium,2040,PCI/PMI,medium,0,E0128,backbone,FRh2,DEh2,,LOHC_to_H2,0.0,76467.5,0.0
S2040_PCIPMI_medium,S2040_PCIPMI_medium,2040,PCI/PMI,medium,0,E0132,backbone,FRh2S,ESh2,,NH3_cracked_to_H2,20113.371180361995,78840.0,25.511632648860978
S2040_PCIPMI_medium,S2040_PCIPMI_medium,2040,PCI/PMI,medium,0,E0132,backbone,FRh2S,ESh2,,LOHC_to_H2,58.4,78840.0,0.07407407407407407
S2040_PCIPMI_medium,S2040_PCIPMI_medium,2040,PCI/PMI,medium,0,E0138,backbone,DEh2,ATh2,,NH3_cracked_to_H2,33460.54613666269,54750.0,61.115152761027744
S2040_PCIPMI_medium,S2040_PCIPMI_medium,2040,PCI/PMI,medium,0,E0138,backbone,DEh2,ATh2,,LOHC_to_H2,0.0,54750.0,0.0
S2040_PCIPMI_medium,S2040_PCIPMI_medium,2040,PCI/PMI,medium,0,E0140,backbone,DEh2,BEh2,,NH3_cracked_to_H2,0.0,33288.0,0.0
S2040_PCIPMI_medium,S2040_PCIPMI_medium,2040,PCI/PMI,medium,0,E0140,backbone,DEh2,BEh2,,LOHC_to_H2,0.0,33288.0,0.0
S2040_PCIPMI_medium,S2040_PCIPMI_medium,2040,PCI/PMI,medium,0,E0142,backbone,DEh2,CZh2,,NH3_cracked_to_H2,0.0,105120.0,0.0
S2040_PCIPMI_medium,S2040_PCIPMI_medium,2040,PCI/PMI,medium,0,E0142,backbone,DEh2,CZh2,,LOHC_to_H2,0.0,105120.0,0.0
S2040_PCIPMI_medium,S2040_PCIPMI_medium,2040,PCI/PMI,medium,0,E0144,backbone,DEh2,DKh2,,NH3_cracked_to_H2,0.0,37668.0,0.0
S2040_PCIPMI_medium,S2040_PCIPMI_medium,2040,PCI/PMI,medium,0,E0144,backbone,DEh2,DKh2,,LOHC_to_H2,0.0,37668.0,0.0
S2040_PCIPMI_medium,S2040_PCIPMI_medium,2040,PCI/PMI,medium,0,E0146,backbone,DEh2,FRh2,,NH3_cracked_to_H2,6973.371180361995,70408.5,9.904160975396431
S2040_PCIPMI_medium,S2040_PCIPMI_medium,2040,PCI/PMI,medium,0,E0146,backbone,DEh2,FRh2,,LOHC_to_H2,58.4,70408.5,0.08294453084499741
S2040_PCIPMI_medium,S2040_PCIPMI_medium,2040,PCI/PMI,medium,0,E0154,terminal_backbone,LH2_Tk_DE,DEh2,LH2_Tk_DE|DEh2,LOHC_to_H2,58.4,19965.5,0.29250457038391225
S2040_PCIPMI_medium,S2040_PCIPMI_medium,2040,PCI/PMI,medium,0,E0154,terminal_backbone,LH2_Tk_DE,DEh2,LH2_Tk_DE|DEh2,NH3_cracked_to_H2,19907.1,19965.5,99.70749542961607
S2040_PCIPMI_medium,S2040_PCIPMI_medium,2040,PCI/PMI,medium,0,E0158,backbone,DEh2,NLh2,,NH3_cracked_to_H2,0.0,63072.00000000001,0.0
S2040_PCIPMI_medium,S2040_PCIPMI_medium,2040,PCI/PMI,medium,0,E0158,backbone,DEh2,NLh2,,LOHC_to_H2,0.0,63072.00000000001,0.0
S2040_PCIPMI_medium,S2040_PCIPMI_medium,2040,PCI/PMI,medium,0,E0164,backbone,DEh2,PLh2nbc,,NH3_cracked_to_H2,36500.0,36500.0,100.0
S2040_PCIPMI_medium,S2040_PCIPMI_medium,2040,PCI/PMI,medium,0,E0164,backbone,DEh2,PLh2nbc,,LOHC_to_H2,0.0,36500.0,0.0
S2040_PCIPMI_medium,S2040_PCIPMI_medium,2040,PCI/PMI,medium,0,E0168,backbone,GRh2,BGh2,,NH3_cracked_to_H2,0.0,29200.0,0.0
S2040_PCIPMI_medium,S2040_PCIPMI_medium,2040,PCI/PMI,medium,0,E0168,backbone,GRh2,BGh2,,LOHC_to_H2,0.0,29200.0,0.0
S2040_PCIPMI_medium,S2040_PCIPMI_medium,2040,PCI/PMI,medium,0,E0194,backbone,IB-ITh2,ATh2,,NH3_cracked_to_H2,0.0,61320.0,0.0
S2040_PCIPMI_medium,S2040_PCIPMI_medium,2040,PCI/PMI,medium,0,E0194,backbone,IB-ITh2,ATh2,,LOHC_to_H2,0.0,61320.0,0.0
S2040_PCIPMI_medium,S2040_PCIPMI_medium,2040,PCI/PMI,medium,0,E0198,backbone,ITh2,IB-ITh2,,NH3_cracked_to_H2,-0.0,73000.0,-0.0
S2040_PCIPMI_medium,S2040_PCIPMI_medium,2040,PCI/PMI,medium,0,E0198,backbone,ITh2,IB-ITh2,,LOHC_to_H2,-0.0,73000.0,-0.0
S2040_PCIPMI_medium,S2040_PCIPMI_medium,2040,PCI/PMI,medium,0,E0208,backbone,LVh2,EEh2,,NH3_cracked_to_H2,0.0,36500.0,0.0
S2040_PCIPMI_medium,S2040_PCIPMI_medium,2040,PCI/PMI,medium,0,E0208,backbone,LVh2,EEh2,,LOHC_to_H2,0.0,36500.0,0.0
S2040_PCIPMI_medium,S2040_PCIPMI_medium,2040,PCI/PMI,medium,0,E0210,backbone,LVh2,LTh2,,NH3_cracked_to_H2,-0.0,73000.0,-0.0
S2040_PCIPMI_medium,S2040_PCIPMI_medium,2040,PCI/PMI,medium,0,E0210,backbone,LVh2,LTh2,,LOHC_to_H2,-0.0,73000.0,-0.0
S2040_PCIPMI_medium,S2040_PCIPMI_medium,2040,PCI/PMI,medium,0,E0212,backbone,LTh2,LVh2,,NH3_cracked_to_H2,0.0,36500.0,0.0
S2040_PCIPMI_medium,S2040_PCIPMI_medium,2040,PCI/PMI,medium,0,E0212,backbone,LTh2,LVh2,,LOHC_to_H2,0.0,36500.0,0.0
S2040_PCIPMI_medium,S2040_PCIPMI_medium,2040,PCI/PMI,medium,0,E0214,backbone,LTh2,PLh2nbc,,NH3_cracked_to_H2,-0.0,73000.0,-0.0
S2040_PCIPMI_medium,S2040_PCIPMI_medium,2040,PCI/PMI,medium,0,E0214,backbone,LTh2,PLh2nbc,,LOHC_to_H2,-0.0,73000.0,-0.0
S2040_PCIPMI_medium,S2040_PCIPMI_medium,2040,PCI/PMI,medium,0,E0222,backbone,MAh2,ESh2,,NH3_cracked_to_H2,-0.0,38690.0,-0.0
S2040_PCIPMI_medium,S2040_PCIPMI_medium,2040,PCI/PMI,medium,0,E0222,backbone,MAh2,ESh2,,LOHC_to_H2,-0.0,38690.0,-0.0
S2040_PCIPMI_medium,S2040_PCIPMI_medium,2040,PCI/PMI,medium,0,E0224,backbone,NLh2,BEh2,,NH3_cracked_to_H2,0.0,43800.0,0.0
S2040_PCIPMI_medium,S2040_PCIPMI_medium,2040,PCI/PMI,medium,0,E0224,backbone,NLh2,BEh2,,LOHC_to_H2,0.0,43800.0,0.0
S2040_PCIPMI_medium,S2040_PCIPMI_medium,2040,PCI/PMI,medium,0,E0226,backbone,NLh2,DEh2,,NH3_cracked_to_H2,23738.81731702469,74460.0,31.881301795628108
S2040_PCIPMI_medium,S2040_PCIPMI_medium,2040,PCI/PMI,medium,0,E0226,backbone,NLh2,DEh2,,LOHC_to_H2,-0.0,74460.0,-0.0
S2040_PCIPMI_medium,S2040_PCIPMI_medium,2040,PCI/PMI,medium,0,E0228,terminal_backbone,LH2_Tk_NL,NLh2,LH2_Tk_NL|NLh2,NH3_cracked_to_H2,64641.5,64641.5,100.0
S2040_PCIPMI_medium,S2040_PCIPMI_medium,2040,PCI/PMI,medium,0,E0234,backbone,Y-NOh2,DEh2,,NH3_cracked_to_H2,-0.0,157680.0,-0.0
S2040_PCIPMI_medium,S2040_PCIPMI_medium,2040,PCI/PMI,medium,0,E0234,backbone,Y-NOh2,DEh2,,LOHC_to_H2,-0.0,157680.0,-0.0
S2040_PCIPMI_medium,S2040_PCIPMI_medium,2040,PCI/PMI,medium,0,E0236,backbone,NOh2,Y-NOh2,,NH3_cracked_to_H2,-0.0,157680.0,-0.0
S2040_PCIPMI_medium,S2040_PCIPMI_medium,2040,PCI/PMI,medium,0,E0236,backbone,NOh2,Y-NOh2,,LOHC_to_H2,-0.0,157680.0,-0.0
S2040_PCIPMI_medium,S2040_PCIPMI_medium,2040,PCI/PMI,medium,0,E0246,backbone,PLh2nbc,DEh2,,NH3_cracked_to_H2,0.0,73000.0,0.0
S2040_PCIPMI_medium,S2040_PCIPMI_medium,2040,PCI/PMI,medium,0,E0246,backbone,PLh2nbc,DEh2,,LOHC_to_H2,0.0,73000.0,0.0
S2040_PCIPMI_medium,S2040_PCIPMI_medium,2040,PCI/PMI,medium,0,E0248,backbone,PLh2nbc,LTh2,,NH3_cracked_to_H2,0.0,36500.0,0.0
S2040_PCIPMI_medium,S2040_PCIPMI_medium,2040,PCI/PMI,medium,0,E0248,backbone,PLh2nbc,LTh2,,LOHC_to_H2,0.0,36500.0,0.0
S2040_PCIPMI_medium,S2040_PCIPMI_medium,2040,PCI/PMI,medium,0,E0254,backbone,PLh2nbc,PLh2N,,NH3_cracked_to_H2,21158.752318584837,36500.0,57.969184434479
S2040_PCIPMI_medium,S2040_PCIPMI_medium,2040,PCI/PMI,medium,0,E0254,backbone,PLh2nbc,PLh2N,,LOHC_to_H2,-0.0,36500.0,-0.0
S2040_PCIPMI_medium,S2040_PCIPMI_medium,2040,PCI/PMI,medium,0,E0260,backbone,PLh2S,PLh2nbc,,NH3_cracked_to_H2,-0.0,18250.0,-0.0
S2040_PCIPMI_medium,S2040_PCIPMI_medium,2040,PCI/PMI,medium,0,E0260,backbone,PLh2S,PLh2nbc,,LOHC_to_H2,-0.0,18250.0,-0.0
S2040_PCIPMI_medium,S2040_PCIPMI_medium,2040,PCI/PMI,medium,0,E0268,backbone,PTh2,ESh2,,NH3_cracked_to_H2,-0.0,29565.0,-0.0
S2040_PCIPMI_medium,S2040_PCIPMI_medium,2040,PCI/PMI,medium,0,E0268,backbone,PTh2,ESh2,,LOHC_to_H2,-0.0,29565.0,-0.0
S2040_PCIPMI_medium,S2040_PCIPMI_medium,2040,PCI/PMI,medium,0,E0286,backbone,IB-SKh2W,ATh2,,NH3_cracked_to_H2,0.0,52560.0,0.0
S2040_PCIPMI_medium,S2040_PCIPMI_medium,2040,PCI/PMI,medium,0,E0286,backbone,IB-SKh2W,ATh2,,LOHC_to_H2,0.0,52560.0,0.0
S2040_PCIPMI_medium,S2040_PCIPMI_medium,2040,PCI/PMI,medium,0,E0288,backbone,IB-SKh2W,CZh2,,NH3_cracked_to_H2,0.0,52560.0,0.0
S2040_PCIPMI_medium,S2040_PCIPMI_medium,2040,PCI/PMI,medium,0,E0288,backbone,IB-SKh2W,CZh2,,LOHC_to_H2,0.0,52560.0,0.0
S2040_PCIPMI_medium,S2040_PCIPMI_medium,2040,PCI/PMI,medium,0,E0294,backbone,IB-SKh2C,SKh2E,,NH3_cracked_to_H2,-0.0,52560.0,-0.0
S2040_PCIPMI_medium,S2040_PCIPMI_medium,2040,PCI/PMI,medium,0,E0294,backbone,IB-SKh2C,SKh2E,,LOHC_to_H2,-0.0,52560.0,-0.0
S2040_PCIPMI_medium,S2040_PCIPMI_medium,2040,PCI/PMI,medium,0,E0296,backbone,IB-SKh2C,SKh2W,,NH3_cracked_to_H2,0.0,52560.0,0.0
S2040_PCIPMI_medium,S2040_PCIPMI_medium,2040,PCI/PMI,medium,0,E0296,backbone,IB-SKh2C,SKh2W,,LOHC_to_H2,0.0,52560.0,0.0
S2040_PCIPMI_medium,S2040_PCIPMI_medium,2040,PCI/PMI,medium,0,E0298,backbone,IB-SKh2E,SKh2E,,NH3_cracked_to_H2,-0.0,52560.0,-0.0
S2040_PCIPMI_medium,S2040_PCIPMI_medium,2040,PCI/PMI,medium,0,E0298,backbone,IB-SKh2E,SKh2E,,LOHC_to_H2,-0.0,52560.0,-0.0
S2040_PCIPMI_medium,S2040_PCIPMI_medium,2040,PCI/PMI,medium,0,E0300,backbone,IB-SKh2W,SKh2W,,NH3_cracked_to_H2,0.0,52560.0,0.0
S2040_PCIPMI_medium,S2040_PCIPMI_medium,2040,PCI/PMI,medium,0,E0300,backbone,IB-SKh2W,SKh2W,,LOHC_to_H2,0.0,52560.0,0.0
S2040_PCIPMI_medium,S2040_PCIPMI_medium,2040,PCI/PMI,medium,0,E0302,backbone,SKh2E,IB-SKh2C,,NH3_cracked_to_H2,0.0,52560.0,0.0
S2040_PCIPMI_medium,S2040_PCIPMI_medium,2040,PCI/PMI,medium,0,E0302,backbone,SKh2E,IB-SKh2C,,LOHC_to_H2,0.0,52560.0,0.0
S2040_PCIPMI_medium,S2040_PCIPMI_medium,2040,PCI/PMI,medium,0,E0304,backbone,SKh2E,IB-SKh2E,,NH3_cracked_to_H2,0.0,52560.0,0.0
S2040_PCIPMI_medium,S2040_PCIPMI_medium,2040,PCI/PMI,medium,0,E0304,backbone,SKh2E,IB-SKh2E,,LOHC_to_H2,0.0,52560.0,0.0
S2040_PCIPMI_medium,S2040_PCIPMI_medium,2040,PCI/PMI,medium,0,E0306,backbone,SKh2W,IB-SKh2C,,NH3_cracked_to_H2,-0.0,52560.0,-0.0
S2040_PCIPMI_medium,S2040_PCIPMI_medium,2040,PCI/PMI,medium,0,E0306,backbone,SKh2W,IB-SKh2C,,LOHC_to_H2,-0.0,52560.0,-0.0
S2040_PCIPMI_medium,S2040_PCIPMI_medium,2040,PCI/PMI,medium,0,E0308,backbone,SKh2W,IB-SKh2W,,NH3_cracked_to_H2,-0.0,52560.0,-0.0
S2040_PCIPMI_medium,S2040_PCIPMI_medium,2040,PCI/PMI,medium,0,E0308,backbone,SKh2W,IB-SKh2W,,LOHC_to_H2,-0.0,52560.0,-0.0
S2040_PCIPMI_medium,S2040_PCIPMI_medium,2040,PCI/PMI,medium,0,E0320,backbone,ESh2,FRh2S,,NH3_cracked_to_H2,0.0,78840.0,0.0
S2040_PCIPMI_medium,S2040_PCIPMI_medium,2040,PCI/PMI,medium,0,E0320,backbone,ESh2,FRh2S,,LOHC_to_H2,0.0,78840.0,0.0
S2040_PCIPMI_medium,S2040_PCIPMI_medium,2040,PCI/PMI,medium,0,E0326,backbone,ESh2,PTh2,,NH3_cracked_to_H2,0.0,29565.0,0.0
S2040_PCIPMI_medium,S2040_PCIPMI_medium,2040,PCI/PMI,medium,0,E0326,backbone,ESh2,PTh2,,LOHC_to_H2,0.0,29565.0,0.0
S2040_PCIPMI_medium,S2040_PCIPMI_medium,2040,PCI/PMI,medium,0,E0328,backbone,SEh2,FIh2Al,,NH3_cracked_to_H2,-0.0,183960.0,-0.0
S2040_PCIPMI_medium,S2040_PCIPMI_medium,2040,PCI/PMI,medium,0,E0328,backbone,SEh2,FIh2Al,,LOHC_to_H2,-0.0,183960.0,-0.0
S2040_PCIPMI_medium,S2040_PCIPMI_medium,2040,PCI/PMI,medium,0,E0330,backbone,SEh2,FIh2N,,NH3_cracked_to_H2,0.0,59130.0,0.0
S2040_PCIPMI_medium,S2040_PCIPMI_medium,2040,PCI/PMI,medium,0,E0330,backbone,SEh2,FIh2N,,LOHC_to_H2,0.0,59130.0,0.0
S2040_PCIPMI_medium,S2040_PCIPMI_medium,2040,PCI/PMI,medium,0,E0346,backbone,UAh2,IB-SKh2E,,NH3_cracked_to_H2,-0.0,52560.0,-0.0
S2040_PCIPMI_medium,S2040_PCIPMI_medium,2040,PCI/PMI,medium,0,E0346,backbone,UAh2,IB-SKh2E,,LOHC_to_H2,-0.0,52560.0,-0.0
S2040_PCIPMI_high,S2040_PCIPMI_high,2040,PCI/PMI,high,0,E0004,backbone,DZh2,ITh2,,NH3_cracked_to_H2,-0.0,163520.0,-0.0
S2040_PCIPMI_high,S2040_PCIPMI_high,2040,PCI/PMI,high,0,E0004,backbone,DZh2,ITh2,,LOHC_to_H2,-0.0,163520.0,-0.0
S2040_PCIPMI_high,S2040_PCIPMI_high,2040,PCI/PMI,high,0,E0006,backbone,ATh2,DEh2,,NH3_cracked_to_H2,0.0,54750.0,0.0
S2040_PCIPMI_high,S2040_PCIPMI_high,2040,PCI/PMI,high,0,E0006,backbone,ATh2,DEh2,,LOHC_to_H2,0.0,54750.0,0.0
S2040_PCIPMI_high,S2040_PCIPMI_high,2040,PCI/PMI,high,0,E0010,backbone,ATh2,IB-ITh2,,NH3_cracked_to_H2,32267.554247306205,45990.0,70.16210969190303
S2040_PCIPMI_high,S2040_PCIPMI_high,2040,PCI/PMI,high,0,E0010,backbone,ATh2,IB-ITh2,,LOHC_to_H2,-0.0,45990.0,-0.0
S2040_PCIPMI_high,S2040_PCIPMI_high,2040,PCI/PMI,high,0,E0012,backbone,ATh2,IB-SKh2W,,NH3_cracked_to_H2,-0.0,52560.0,-0.0
S2040_PCIPMI_high,S2040_PCIPMI_high,2040,PCI/PMI,high,0,E0012,backbone,ATh2,IB-SKh2W,,LOHC_to_H2,-0.0,52560.0,-0.0
S2040_PCIPMI_high,S2040_PCIPMI_high,2040,PCI/PMI,high,0,E0020,terminal_backbone,LH2_Tk_BE,BEh2,LH2_Tk_BE|BEh2,NH3_cracked_to_H2,70664.0,70664.0,100.0
S2040_PCIPMI_high,S2040_PCIPMI_high,2040,PCI/PMI,high,0,E0022,backbone,BEh2,FRh2,,NH3_cracked_to_H2,13140.0,13140.0,100.0
S2040_PCIPMI_high,S2040_PCIPMI_high,2040,PCI/PMI,high,0,E0022,backbone,BEh2,FRh2,,LOHC_to_H2,0.0,13140.0,0.0
S2040_PCIPMI_high,S2040_PCIPMI_high,2040,PCI/PMI,high,0,E0024,backbone,BEh2,FRh2N,,NH3_cracked_to_H2,15489.393821221767,17520.0,88.40978208459913
S2040_PCIPMI_high,S2040_PCIPMI_high,2040,PCI/PMI,high,0,E0024,backbone,BEh2,FRh2N,,LOHC_to_H2,-0.0,17520.0,-0.0
S2040_PCIPMI_high,S2040_PCIPMI_high,2040,PCI/PMI,high,0,E0026,backbone,BEH2Mo,FRh2Va,,NH3_cracked_to_H2,-0.0,8760.0,-0.0
S2040_PCIPMI_high,S2040_PCIPMI_high,2040,PCI/PMI,high,0,E0026,backbone,BEH2Mo,FRh2Va,,LOHC_to_H2,-0.0,8760.0,-0.0
S2040_PCIPMI_high,S2040_PCIPMI_high,2040,PCI/PMI,high,0,E0028,backbone,BEh2,DEh2,,NH3_cracked_to_H2,33288.0,33288.0,100.0
S2040_PCIPMI_high,S2040_PCIPMI_high,2040,PCI/PMI,high,0,E0028,backbone,BEh2,DEh2,,LOHC_to_H2,0.0,33288.0,0.0
S2040_PCIPMI_high,S2040_PCIPMI_high,2040,PCI/PMI,high,0,E0032,backbone,BEh2,NLh2,,NH3_cracked_to_H2,8746.606178778233,43800.0,19.969420499493683
S2040_PCIPMI_high,S2040_PCIPMI_high,2040,PCI/PMI,high,0,E0032,backbone,BEh2,NLh2,,LOHC_to_H2,0.0,43800.0,0.0
S2040_PCIPMI_high,S2040_PCIPMI_high,2040,PCI/PMI,high,0,E0038,backbone,BGh2,GRh2,,NH3_cracked_to_H2,-0.0,29200.0,-0.0
S2040_PCIPMI_high,S2040_PCIPMI_high,2040,PCI/PMI,high,0,E0038,backbone,BGh2,GRh2,,LOHC_to_H2,-0.0,29200.0,-0.0
S2040_PCIPMI_high,S2040_PCIPMI_high,2040,PCI/PMI,high,0,E0058,backbone,CZh2,DEh2,,NH3_cracked_to_H2,-0.0,105120.0,-0.0
S2040_PCIPMI_high,S2040_PCIPMI_high,2040,PCI/PMI,high,0,E0058,backbone,CZh2,DEh2,,LOHC_to_H2,-0.0,105120.0,-0.0
S2040_PCIPMI_high,S2040_PCIPMI_high,2040,PCI/PMI,high,0,E0064,backbone,DKh2,DEh2,,NH3_cracked_to_H2,-0.0,37668.0,-0.0
S2040_PCIPMI_high,S2040_PCIPMI_high,2040,PCI/PMI,high,0,E0064,backbone,DKh2,DEh2,,LOHC_to_H2,-0.0,37668.0,-0.0
S2040_PCIPMI_high,S2040_PCIPMI_high,2040,PCI/PMI,high,0,E0070,backbone,EEh2,FIh2S,,NH3_cracked_to_H2,0.0,36500.0,0.0
S2040_PCIPMI_high,S2040_PCIPMI_high,2040,PCI/PMI,high,0,E0070,backbone,EEh2,FIh2S,,LOHC_to_H2,0.0,36500.0,0.0
S2040_PCIPMI_high,S2040_PCIPMI_high,2040,PCI/PMI,high,0,E0072,backbone,EEh2,LVh2,,NH3_cracked_to_H2,-0.0,73000.0,-0.0
S2040_PCIPMI_high,S2040_PCIPMI_high,2040,PCI/PMI,high,0,E0072,backbone,EEh2,LVh2,,LOHC_to_H2,-0.0,73000.0,-0.0
S2040_PCIPMI_high,S2040_PCIPMI_high,2040,PCI/PMI,high,0,E0074,backbone,FIh2S,EEh2,,NH3_cracked_to_H2,-0.0,73000.0,-0.0
S2040_PCIPMI_high,S2040_PCIPMI_high,2040,PCI/PMI,high,0,E0074,backbone,FIh2S,EEh2,,LOHC_to_H2,-0.0,73000.0,-0.0
S2040_PCIPMI_high,S2040_PCIPMI_high,2040,PCI/PMI,high,0,E0076,backbone,FIh2,FIh2Al,,NH3_cracked_to_H2,-0.0,183960.0,-0.0
S2040_PCIPMI_high,S2040_PCIPMI_high,2040,PCI/PMI,high,0,E0076,backbone,FIh2,FIh2Al,,LOHC_to_H2,-0.0,183960.0,-0.0
S2040_PCIPMI_high,S2040_PCIPMI_high,2040,PCI/PMI,high,0,E0078,backbone,FIh2,FIh2N,,NH3_cracked_to_H2,0.0,3649635.0,0.0
S2040_PCIPMI_high,S2040_PCIPMI_high,2040,PCI/PMI,high,0,E0078,backbone,FIh2,FIh2N,,LOHC_to_H2,0.0,3649635.0,0.0
S2040_PCIPMI_high,S2040_PCIPMI_high,2040,PCI/PMI,high,0,E0080,backbone,FIh2,FIh2S,,NH3_cracked_to_H2,0.0,3649635.0,0.0
S2040_PCIPMI_high,S2040_PCIPMI_high,2040,PCI/PMI,high,0,E0080,backbone,FIh2,FIh2S,,LOHC_to_H2,0.0,3649635.0,0.0
S2040_PCIPMI_high,S2040_PCIPMI_high,2040,PCI/PMI,high,0,E0082,backbone,FIh2Al,FIh2,,NH3_cracked_to_H2,0.0,183960.0,0.0
S2040_PCIPMI_high,S2040_PCIPMI_high,2040,PCI/PMI,high,0,E0082,backbone,FIh2Al,FIh2,,LOHC_to_H2,0.0,183960.0,0.0
S2040_PCIPMI_high,S2040_PCIPMI_high,2040,PCI/PMI,high,0,E0084,backbone,FIh2N,FIh2,,NH3_cracked_to_H2,-0.0,3649635.0,-0.0
S2040_PCIPMI_high,S2040_PCIPMI_high,2040,PCI/PMI,high,0,E0084,backbone,FIh2N,FIh2,,LOHC_to_H2,0.0,3649635.0,0.0
S2040_PCIPMI_high,S2040_PCIPMI_high,2040,PCI/PMI,high,0,E0086,backbone,FIh2S,FIh2,,NH3_cracked_to_H2,0.0,3649635.0,0.0
S2040_PCIPMI_high,S2040_PCIPMI_high,2040,PCI/PMI,high,0,E0086,backbone,FIh2S,FIh2,,LOHC_to_H2,0.0,3649635.0,0.0
S2040_PCIPMI_high,S2040_PCIPMI_high,2040,PCI/PMI,high,0,E0088,backbone,FIh2Al,DEh2,,NH3_cracked_to_H2,-0.0,95630.0,-0.0
S2040_PCIPMI_high,S2040_PCIPMI_high,2040,PCI/PMI,high,0,E0088,backbone,FIh2Al,DEh2,,LOHC_to_H2,-0.0,95630.0,-0.0
S2040_PCIPMI_high,S2040_PCIPMI_high,2040,PCI/PMI,high,0,E0092,backbone,FIh2Al,SEh2,,NH3_cracked_to_H2,0.0,183960.0,0.0
S2040_PCIPMI_high,S2040_PCIPMI_high,2040,PCI/PMI,high,0,E0092,backbone,FIh2Al,SEh2,,LOHC_to_H2,0.0,183960.0,0.0
S2040_PCIPMI_high,S2040_PCIPMI_high,2040,PCI/PMI,high,0,E0094,backbone,FIh2N,SEh2,,NH3_cracked_to_H2,0.0,59130.0,0.0
S2040_PCIPMI_high,S2040_PCIPMI_high,2040,PCI/PMI,high,0,E0094,backbone,FIh2N,SEh2,,LOHC_to_H2,-0.0,59130.0,-0.0
S2040_PCIPMI_high,S2040_PCIPMI_high,2040,PCI/PMI,high,0,E0096,backbone,FRh2,BEh2,,NH3_cracked_to_H2,0.0,13140.0,0.0
S2040_PCIPMI_high,S2040_PCIPMI_high,2040,PCI/PMI,high,0,E0096,backbone,FRh2,BEh2,,LOHC_to_H2,0.0,13140.0,0.0
S2040_PCIPMI_high,S2040_PCIPMI_high,2040,PCI/PMI,high,0,E0098,backbone,FRh2N,BEh2,,NH3_cracked_to_H2,0.0,17520.0,0.0
S2040_PCIPMI_high,S2040_PCIPMI_high,2040,PCI/PMI,high,0,E0098,backbone,FRh2N,BEh2,,LOHC_to_H2,0.0,17520.0,0.0
S2040_PCIPMI_high,S2040_PCIPMI_high,2040,PCI/PMI,high,0,E0100,backbone,FRh2Va,BEH2Mo,,NH3_cracked_to_H2,0.0,8760.0,0.0
S2040_PCIPMI_high,S2040_PCIPMI_high,2040,PCI/PMI,high,0,E0100,backbone,FRh2Va,BEH2Mo,,LOHC_to_H2,0.0,8760.0,0.0
S2040_PCIPMI_high,S2040_PCIPMI_high,2040,PCI/PMI,high,0,E0104,backbone,FRh2,FRh2S,,NH3_cracked_to_H2,13888.972239042989,70080.0,19.81873892557504
S2040_PCIPMI_high,S2040_PCIPMI_high,2040,PCI/PMI,high,0,E0104,backbone,FRh2,FRh2S,,LOHC_to_H2,-0.0,70080.0,-0.0
S2040_PCIPMI_high,S2040_PCIPMI_high,2040,PCI/PMI,high,0,E0108,backbone,FRh2,FRh2Va,,NH3_cracked_to_H2,-0.0,8760.0,-0.0
S2040_PCIPMI_high,S2040_PCIPMI_high,2040,PCI/PMI,high,0,E0108,backbone,FRh2,FRh2Va,,LOHC_to_H2,-0.0,8760.0,-0.0
S2040_PCIPMI_high,S2040_PCIPMI_high,2040,PCI/PMI,high,0,E0112,backbone,FRh2S,FRh2,,NH3_cracked_to_H2,0.0,70080.0,0.0
S2040_PCIPMI_high,S2040_PCIPMI_high,2040,PCI/PMI,high,0,E0112,backbone,FRh2S,FRh2,,LOHC_to_H2,0.0,70080.0,0.0
S2040_PCIPMI_high,S2040_PCIPMI_high,2040,PCI/PMI,high,0,E0120,backbone,FRh2Va,FRh2,,NH3_cracked_to_H2,0.0,8760.0,0.0
S2040_PCIPMI_high,S2040_PCIPMI_high,2040,PCI/PMI,high,0,E0120,backbone,FRh2Va,FRh2,,LOHC_to_H2,0.0,8760.0,0.0
S2040_PCIPMI_high,S2040_PCIPMI_high,2040,PCI/PMI,high,0,E0122,terminal_backbone,LH2_Tk_FRn,FRh2N,LH2_Tk_FRn|FRh2N,NH3_cracked_to_H2,17520.0,17520.0,100.0
S2040_PCIPMI_high,S2040_PCIPMI_high,2040,PCI/PMI,high,0,E0128,backbone,FRh2,DEh2,,NH3_cracked_to_H2,0.0,76467.5,0.0
S2040_PCIPMI_high,S2040_PCIPMI_high,2040,PCI/PMI,high,0,E0128,backbone,FRh2,DEh2,,LOHC_to_H2,0.0,76467.5,0.0
S2040_PCIPMI_high,S2040_PCIPMI_high,2040,PCI/PMI,high,0,E0132,backbone,FRh2S,ESh2,,NH3_cracked_to_H2,13888.972239042989,78840.0,17.61665682273337
S2040_PCIPMI_high,S2040_PCIPMI_high,2040,PCI/PMI,high,0,E0132,backbone,FRh2S,ESh2,,LOHC_to_H2,-0.0,78840.0,-0.0
S2040_PCIPMI_high,S2040_PCIPMI_high,2040,PCI/PMI,high,0,E0138,backbone,DEh2,ATh2,,NH3_cracked_to_H2,32267.554247306205,54750.0,58.93617214119855
S2040_PCIPMI_high,S2040_PCIPMI_high,2040,PCI/PMI,high,0,E0138,backbone,DEh2,ATh2,,LOHC_to_H2,0.0,54750.0,0.0
S2040_PCIPMI_high,S2040_PCIPMI_high,2040,PCI/PMI,high,0,E0140,backbone,DEh2,BEh2,,NH3_cracked_to_H2,0.0,33288.0,0.0
S2040_PCIPMI_high,S2040_PCIPMI_high,2040,PCI/PMI,high,0,E0140,backbone,DEh2,BEh2,,LOHC_to_H2,0.0,33288.0,0.0
S2040_PCIPMI_high,S2040_PCIPMI_high,2040,PCI/PMI,high,0,E0142,backbone,DEh2,CZh2,,NH3_cracked_to_H2,0.0,105120.0,0.0
S2040_PCIPMI_high,S2040_PCIPMI_high,2040,PCI/PMI,high,0,E0142,backbone,DEh2,CZh2,,LOHC_to_H2,0.0,105120.0,0.0
S2040_PCIPMI_high,S2040_PCIPMI_high,2040,PCI/PMI,high,0,E0144,backbone,DEh2,DKh2,,NH3_cracked_to_H2,0.0,37668.0,0.0
S2040_PCIPMI_high,S2040_PCIPMI_high,2040,PCI/PMI,high,0,E0144,backbone,DEh2,DKh2,,LOHC_to_H2,0.0,37668.0,0.0
S2040_PCIPMI_high,S2040_PCIPMI_high,2040,PCI/PMI,high,0,E0146,backbone,DEh2,FRh2,,NH3_cracked_to_H2,748.9722390429888,70408.5,1.0637525853313006
S2040_PCIPMI_high,S2040_PCIPMI_high,2040,PCI/PMI,high,0,E0146,backbone,DEh2,FRh2,,LOHC_to_H2,0.0,70408.5,0.0
S2040_PCIPMI_high,S2040_PCIPMI_high,2040,PCI/PMI,high,0,E0154,terminal_backbone,LH2_Tk_DE,DEh2,LH2_Tk_DE|DEh2,LOHC_to_H2,58.4,19965.5,0.29250457038391225
S2040_PCIPMI_high,S2040_PCIPMI_high,2040,PCI/PMI,high,0,E0154,terminal_backbone,LH2_Tk_DE,DEh2,LH2_Tk_DE|DEh2,NH3_cracked_to_H2,19907.1,19965.5,99.70749542961607
S2040_PCIPMI_high,S2040_PCIPMI_high,2040,PCI/PMI,high,0,E0158,backbone,DEh2,NLh2,,NH3_cracked_to_H2,0.0,63072.00000000001,0.0
S2040_PCIPMI_high,S2040_PCIPMI_high,2040,PCI/PMI,high,0,E0158,backbone,DEh2,NLh2,,LOHC_to_H2,0.0,63072.00000000001,0.0
S2040_PCIPMI_high,S2040_PCIPMI_high,2040,PCI/PMI,high,0,E0164,backbone,DEh2,PLh2nbc,,NH3_cracked_to_H2,36441.6,36500.0,99.84
S2040_PCIPMI_high,S2040_PCIPMI_high,2040,PCI/PMI,high,0,E0164,backbone,DEh2,PLh2nbc,,LOHC_to_H2,58.4,36500.0,0.16
S2040_PCIPMI_high,S2040_PCIPMI_high,2040,PCI/PMI,high,0,E0168,backbone,GRh2,BGh2,,NH3_cracked_to_H2,0.0,29200.0,0.0
S2040_PCIPMI_high,S2040_PCIPMI_high,2040,PCI/PMI,high,0,E0168,backbone,GRh2,BGh2,,LOHC_to_H2,0.0,29200.0,0.0
S2040_PCIPMI_high,S2040_PCIPMI_high,2040,PCI/PMI,high,0,E0194,backbone,IB-ITh2,ATh2,,NH3_cracked_to_H2,0.0,61320.0,0.0
S2040_PCIPMI_high,S2040_PCIPMI_high,2040,PCI/PMI,high,0,E0194,backbone,IB-ITh2,ATh2,,LOHC_to_H2,0.0,61320.0,0.0
S2040_PCIPMI_high,S2040_PCIPMI_high,2040,PCI/PMI,high,0,E0198,backbone,ITh2,IB-ITh2,,NH3_cracked_to_H2,-0.0,73000.0,-0.0
S2040_PCIPMI_high,S2040_PCIPMI_high,2040,PCI/PMI,high,0,E0198,backbone,ITh2,IB-ITh2,,LOHC_to_H2,-0.0,73000.0,-0.0
S2040_PCIPMI_high,S2040_PCIPMI_high,2040,PCI/PMI,high,0,E0208,backbone,LVh2,EEh2,,NH3_cracked_to_H2,0.0,36500.0,0.0
S2040_PCIPMI_high,S2040_PCIPMI_high,2040,PCI/PMI,high,0,E0208,backbone,LVh2,EEh2,,LOHC_to_H2,0.0,36500.0,0.0
S2040_PCIPMI_high,S2040_PCIPMI_high,2040,PCI/PMI,high,0,E0210,backbone,LVh2,LTh2,,NH3_cracked_to_H2,-0.0,73000.0,-0.0
S2040_PCIPMI_high,S2040_PCIPMI_high,2040,PCI/PMI,high,0,E0210,backbone,LVh2,LTh2,,LOHC_to_H2,-0.0,73000.0,-0.0
S2040_PCIPMI_high,S2040_PCIPMI_high,2040,PCI/PMI,high,0,E0212,backbone,LTh2,LVh2,,NH3_cracked_to_H2,0.0,36500.0,0.0
S2040_PCIPMI_high,S2040_PCIPMI_high,2040,PCI/PMI,high,0,E0212,backbone,LTh2,LVh2,,LOHC_to_H2,0.0,36500.0,0.0
S2040_PCIPMI_high,S2040_PCIPMI_high,2040,PCI/PMI,high,0,E0214,backbone,LTh2,PLh2nbc,,NH3_cracked_to_H2,-0.0,73000.0,-0.0
S2040_PCIPMI_high,S2040_PCIPMI_high,2040,PCI/PMI,high,0,E0214,backbone,LTh2,PLh2nbc,,LOHC_to_H2,-0.0,73000.0,-0.0
S2040_PCIPMI_high,S2040_PCIPMI_high,2040,PCI/PMI,high,0,E0222,backbone,MAh2,ESh2,,NH3_cracked_to_H2,-0.0,38690.0,-0.0
S2040_PCIPMI_high,S2040_PCIPMI_high,2040,PCI/PMI,high,0,E0222,backbone,MAh2,ESh2,,LOHC_to_H2,-0.0,38690.0,-0.0
S2040_PCIPMI_high,S2040_PCIPMI_high,2040,PCI/PMI,high,0,E0224,backbone,NLh2,BEh2,,NH3_cracked_to_H2,0.0,43800.0,0.0
S2040_PCIPMI_high,S2040_PCIPMI_high,2040,PCI/PMI,high,0,E0224,backbone,NLh2,BEh2,,LOHC_to_H2,0.0,43800.0,0.0
S2040_PCIPMI_high,S2040_PCIPMI_high,2040,PCI/PMI,high,0,E0226,backbone,NLh2,DEh2,,NH3_cracked_to_H2,16263.026486349201,74460.0,21.841292622010744
S2040_PCIPMI_high,S2040_PCIPMI_high,2040,PCI/PMI,high,0,E0226,backbone,NLh2,DEh2,,LOHC_to_H2,-0.0,74460.0,-0.0
S2040_PCIPMI_high,S2040_PCIPMI_high,2040,PCI/PMI,high,0,E0228,terminal_backbone,LH2_Tk_NL,NLh2,LH2_Tk_NL|NLh2,NH3_cracked_to_H2,64641.5,64641.5,100.0
S2040_PCIPMI_high,S2040_PCIPMI_high,2040,PCI/PMI,high,0,E0234,backbone,Y-NOh2,DEh2,,NH3_cracked_to_H2,-0.0,157680.0,-0.0
S2040_PCIPMI_high,S2040_PCIPMI_high,2040,PCI/PMI,high,0,E0234,backbone,Y-NOh2,DEh2,,LOHC_to_H2,-0.0,157680.0,-0.0
S2040_PCIPMI_high,S2040_PCIPMI_high,2040,PCI/PMI,high,0,E0236,backbone,NOh2,Y-NOh2,,NH3_cracked_to_H2,-0.0,157680.0,-0.0
S2040_PCIPMI_high,S2040_PCIPMI_high,2040,PCI/PMI,high,0,E0236,backbone,NOh2,Y-NOh2,,LOHC_to_H2,-0.0,157680.0,-0.0
S2040_PCIPMI_high,S2040_PCIPMI_high,2040,PCI/PMI,high,0,E0246,backbone,PLh2nbc,DEh2,,NH3_cracked_to_H2,0.0,73000.0,0.0
S2040_PCIPMI_high,S2040_PCIPMI_high,2040,PCI/PMI,high,0,E0246,backbone,PLh2nbc,DEh2,,LOHC_to_H2,0.0,73000.0,0.0
S2040_PCIPMI_high,S2040_PCIPMI_high,2040,PCI/PMI,high,0,E0248,backbone,PLh2nbc,LTh2,,NH3_cracked_to_H2,0.0,36500.0,0.0
S2040_PCIPMI_high,S2040_PCIPMI_high,2040,PCI/PMI,high,0,E0248,backbone,PLh2nbc,LTh2,,LOHC_to_H2,0.0,36500.0,0.0
S2040_PCIPMI_high,S2040_PCIPMI_high,2040,PCI/PMI,high,0,E0254,backbone,PLh2nbc,PLh2N,,NH3_cracked_to_H2,28898.065775165913,36500.0,79.17278294566003
S2040_PCIPMI_high,S2040_PCIPMI_high,2040,PCI/PMI,high,0,E0254,backbone,PLh2nbc,PLh2N,,LOHC_to_H2,-0.0,36500.0,-0.0
S2040_PCIPMI_high,S2040_PCIPMI_high,2040,PCI/PMI,high,0,E0260,backbone,PLh2S,PLh2nbc,,NH3_cracked_to_H2,-0.0,18250.0,-0.0
S2040_PCIPMI_high,S2040_PCIPMI_high,2040,PCI/PMI,high,0,E0260,backbone,PLh2S,PLh2nbc,,LOHC_to_H2,-0.0,18250.0,-0.0
S2040_PCIPMI_high,S2040_PCIPMI_high,2040,PCI/PMI,high,0,E0268,backbone,PTh2,ESh2,,NH3_cracked_to_H2,-0.0,29565.0,-0.0
S2040_PCIPMI_high,S2040_PCIPMI_high,2040,PCI/PMI,high,0,E0268,backbone,PTh2,ESh2,,LOHC_to_H2,-0.0,29565.0,-0.0
S2040_PCIPMI_high,S2040_PCIPMI_high,2040,PCI/PMI,high,0,E0286,backbone,IB-SKh2W,ATh2,,NH3_cracked_to_H2,0.0,52560.0,0.0
S2040_PCIPMI_high,S2040_PCIPMI_high,2040,PCI/PMI,high,0,E0286,backbone,IB-SKh2W,ATh2,,LOHC_to_H2,0.0,52560.0,0.0
S2040_PCIPMI_high,S2040_PCIPMI_high,2040,PCI/PMI,high,0,E0288,backbone,IB-SKh2W,CZh2,,NH3_cracked_to_H2,0.0,52560.0,0.0
S2040_PCIPMI_high,S2040_PCIPMI_high,2040,PCI/PMI,high,0,E0288,backbone,IB-SKh2W,CZh2,,LOHC_to_H2,0.0,52560.0,0.0
S2040_PCIPMI_high,S2040_PCIPMI_high,2040,PCI/PMI,high,0,E0294,backbone,IB-SKh2C,SKh2E,,NH3_cracked_to_H2,-0.0,52560.0,-0.0
S2040_PCIPMI_high,S2040_PCIPMI_high,2040,PCI/PMI,high,0,E0294,backbone,IB-SKh2C,SKh2E,,LOHC_to_H2,-0.0,52560.0,-0.0
S2040_PCIPMI_high,S2040_PCIPMI_high,2040,PCI/PMI,high,0,E0296,backbone,IB-SKh2C,SKh2W,,NH3_cracked_to_H2,0.0,52560.0,0.0
S2040_PCIPMI_high,S2040_PCIPMI_high,2040,PCI/PMI,high,0,E0296,backbone,IB-SKh2C,SKh2W,,LOHC_to_H2,0.0,52560.0,0.0
S2040_PCIPMI_high,S2040_PCIPMI_high,2040,PCI/PMI,high,0,E0298,backbone,IB-SKh2E,SKh2E,,NH3_cracked_to_H2,-0.0,52560.0,-0.0
S2040_PCIPMI_high,S2040_PCIPMI_high,2040,PCI/PMI,high,0,E0298,backbone,IB-SKh2E,SKh2E,,LOHC_to_H2,-0.0,52560.0,-0.0
S2040_PCIPMI_high,S2040_PCIPMI_high,2040,PCI/PMI,high,0,E0300,backbone,IB-SKh2W,SKh2W,,NH3_cracked_to_H2,0.0,52560.0,0.0
S2040_PCIPMI_high,S2040_PCIPMI_high,2040,PCI/PMI,high,0,E0300,backbone,IB-SKh2W,SKh2W,,LOHC_to_H2,0.0,52560.0,0.0
S2040_PCIPMI_high,S2040_PCIPMI_high,2040,PCI/PMI,high,0,E0302,backbone,SKh2E,IB-SKh2C,,NH3_cracked_to_H2,0.0,52560.0,0.0
S2040_PCIPMI_high,S2040_PCIPMI_high,2040,PCI/PMI,high,0,E0302,backbone,SKh2E,IB-SKh2C,,LOHC_to_H2,0.0,52560.0,0.0
S2040_PCIPMI_high,S2040_PCIPMI_high,2040,PCI/PMI,high,0,E0304,backbone,SKh2E,IB-SKh2E,,NH3_cracked_to_H2,0.0,52560.0,0.0
S2040_PCIPMI_high,S2040_PCIPMI_high,2040,PCI/PMI,high,0,E0304,backbone,SKh2E,IB-SKh2E,,LOHC_to_H2,0.0,52560.0,0.0
S2040_PCIPMI_high,S2040_PCIPMI_high,2040,PCI/PMI,high,0,E0306,backbone,SKh2W,IB-SKh2C,,NH3_cracked_to_H2,-0.0,52560.0,-0.0
S2040_PCIPMI_high,S2040_PCIPMI_high,2040,PCI/PMI,high,0,E0306,backbone,SKh2W,IB-SKh2C,,LOHC_to_H2,-0.0,52560.0,-0.0
S2040_PCIPMI_high,S2040_PCIPMI_high,2040,PCI/PMI,high,0,E0308,backbone,SKh2W,IB-SKh2W,,NH3_cracked_to_H2,-0.0,52560.0,-0.0
S2040_PCIPMI_high,S2040_PCIPMI_high,2040,PCI/PMI,high,0,E0308,backbone,SKh2W,IB-SKh2W,,LOHC_to_H2,-0.0,52560.0,-0.0
S2040_PCIPMI_high,S2040_PCIPMI_high,2040,PCI/PMI,high,0,E0320,backbone,ESh2,FRh2S,,NH3_cracked_to_H2,0.0,78840.0,0.0
S2040_PCIPMI_high,S2040_PCIPMI_high,2040,PCI/PMI,high,0,E0320,backbone,ESh2,FRh2S,,LOHC_to_H2,0.0,78840.0,0.0
S2040_PCIPMI_high,S2040_PCIPMI_high,2040,PCI/PMI,high,0,E0326,backbone,ESh2,PTh2,,NH3_cracked_to_H2,0.0,29565.0,0.0
S2040_PCIPMI_high,S2040_PCIPMI_high,2040,PCI/PMI,high,0,E0326,backbone,ESh2,PTh2,,LOHC_to_H2,0.0,29565.0,0.0
S2040_PCIPMI_high,S2040_PCIPMI_high,2040,PCI/PMI,high,0,E0328,backbone,SEh2,FIh2Al,,NH3_cracked_to_H2,-0.0,183960.0,-0.0
S2040_PCIPMI_high,S2040_PCIPMI_high,2040,PCI/PMI,high,0,E0328,backbone,SEh2,FIh2Al,,LOHC_to_H2,-0.0,183960.0,-0.0
S2040_PCIPMI_high,S2040_PCIPMI_high,2040,PCI/PMI,high,0,E0330,backbone,SEh2,FIh2N,,NH3_cracked_to_H2,0.0,59130.0,0.0
S2040_PCIPMI_high,S2040_PCIPMI_high,2040,PCI/PMI,high,0,E0330,backbone,SEh2,FIh2N,,LOHC_to_H2,0.0,59130.0,0.0
S2040_PCIPMI_high,S2040_PCIPMI_high,2040,PCI/PMI,high,0,E0346,backbone,UAh2,IB-SKh2E,,NH3_cracked_to_H2,-0.0,52560.0,-0.0
S2040_PCIPMI_high,S2040_PCIPMI_high,2040,PCI/PMI,high,0,E0346,backbone,UAh2,IB-SKh2E,,LOHC_to_H2,-0.0,52560.0,-0.0
S2040_Advanced_low,S2040_Advanced_low,2040,Advanced,low,0,E0004,backbone,DZh2,ITh2,,NH3_cracked_to_H2,0.0,163520.0,0.0
S2040_Advanced_low,S2040_Advanced_low,2040,Advanced,low,0,E0004,backbone,DZh2,ITh2,,LOHC_to_H2,0.0,163520.0,0.0
S2040_Advanced_low,S2040_Advanced_low,2040,Advanced,low,0,E0006,backbone,ATh2,DEh2,,NH3_cracked_to_H2,0.0,54750.0,0.0
S2040_Advanced_low,S2040_Advanced_low,2040,Advanced,low,0,E0006,backbone,ATh2,DEh2,,LOHC_to_H2,0.0,54750.0,0.0
S2040_Advanced_low,S2040_Advanced_low,2040,Advanced,low,0,E0010,backbone,ATh2,IB-ITh2,,NH3_cracked_to_H2,24667.371652729304,45990.0,53.6363810670348
S2040_Advanced_low,S2040_Advanced_low,2040,Advanced,low,0,E0010,backbone,ATh2,IB-ITh2,,LOHC_to_H2,58.4,45990.0,0.12698412698412698
S2040_Advanced_low,S2040_Advanced_low,2040,Advanced,low,0,E0012,backbone,ATh2,IB-SKh2W,,NH3_cracked_to_H2,-0.0,52560.0,-0.0
S2040_Advanced_low,S2040_Advanced_low,2040,Advanced,low,0,E0012,backbone,ATh2,IB-SKh2W,,LOHC_to_H2,-0.0,52560.0,-0.0
S2040_Advanced_low,S2040_Advanced_low,2040,Advanced,low,0,E0020,terminal_backbone,LH2_Tk_BE,BEh2,LH2_Tk_BE|BEh2,NH3_cracked_to_H2,51277.27617830179,70664.0,72.56492157010896
S2040_Advanced_low,S2040_Advanced_low,2040,Advanced,low,0,E0022,backbone,BEh2,FRh2,,NH3_cracked_to_H2,13140.0,13140.0,100.0
S2040_Advanced_low,S2040_Advanced_low,2040,Advanced,low,0,E0022,backbone,BEh2,FRh2,,LOHC_to_H2,0.0,13140.0,0.0
S2040_Advanced_low,S2040_Advanced_low,2040,Advanced,low,0,E0024,backbone,BEh2,FRh2N,,NH3_cracked_to_H2,4849.276178301789,17520.0,27.678516999439434
S2040_Advanced_low,S2040_Advanced_low,2040,Advanced,low,0,E0024,backbone,BEh2,FRh2N,,LOHC_to_H2,-0.0,17520.0,-0.0
S2040_Advanced_low,S2040_Advanced_low,2040,Advanced,low,0,E0026,backbone,BEH2Mo,FRh2Va,,NH3_cracked_to_H2,-0.0,8760.0,-0.0
S2040_Advanced_low,S2040_Advanced_low,2040,Advanced,low,0,E0026,backbone,BEH2Mo,FRh2Va,,LOHC_to_H2,-0.0,8760.0,-0.0
S2040_Advanced_low,S2040_Advanced_low,2040,Advanced,low,0,E0028,backbone,BEh2,DEh2,,NH3_cracked_to_H2,33288.0,33288.0,100.0
S2040_Advanced_low,S2040_Advanced_low,2040,Advanced,low,0,E0028,backbone,BEh2,DEh2,,LOHC_to_H2,0.0,33288.0,0.0
S2040_Advanced_low,S2040_Advanced_low,2040,Advanced,low,0,E0032,backbone,BEh2,NLh2,,NH3_cracked_to_H2,0.0,43800.0,0.0
S2040_Advanced_low,S2040_Advanced_low,2040,Advanced,low,0,E0032,backbone,BEh2,NLh2,,LOHC_to_H2,0.0,43800.0,0.0
S2040_Advanced_low,S2040_Advanced_low,2040,Advanced,low,0,E0036,backbone,BAh2,HRh2,,NH3_cracked_to_H2,-0.0,41975.0,-0.0
S2040_Advanced_low,S2040_Advanced_low,2040,Advanced,low,0,E0036,backbone,BAh2,HRh2,,LOHC_to_H2,-0.0,41975.0,-0.0
S2040_Advanced_low,S2040_Advanced_low,2040,Advanced,low,0,E0038,backbone,BGh2,GRh2,,NH3_cracked_to_H2,-0.0,29200.0,-0.0
S2040_Advanced_low,S2040_Advanced_low,2040,Advanced,low,0,E0038,backbone,BGh2,GRh2,,LOHC_to_H2,-0.0,29200.0,-0.0
S2040_Advanced_low,S2040_Advanced_low,2040,Advanced,low,0,E0046,backbone,HRh2,BAh2,,NH3_cracked_to_H2,0.0,41975.0,0.0
S2040_Advanced_low,S2040_Advanced_low,2040,Advanced,low,0,E0046,backbone,HRh2,BAh2,,LOHC_to_H2,0.0,41975.0,0.0
S2040_Advanced_low,S2040_Advanced_low,2040,Advanced,low,0,E0058,backbone,CZh2,DEh2,,NH3_cracked_to_H2,-0.0,105120.0,-0.0
S2040_Advanced_low,S2040_Advanced_low,2040,Advanced,low,0,E0058,backbone,CZh2,DEh2,,LOHC_to_H2,-0.0,105120.0,-0.0
S2040_Advanced_low,S2040_Advanced_low,2040,Advanced,low,0,E0064,backbone,DKh2,DEh2,,NH3_cracked_to_H2,-0.0,37668.0,-0.0
S2040_Advanced_low,S2040_Advanced_low,2040,Advanced,low,0,E0064,backbone,DKh2,DEh2,,LOHC_to_H2,-0.0,37668.0,-0.0
S2040_Advanced_low,S2040_Advanced_low,2040,Advanced,low,0,E0070,backbone,EEh2,FIh2S,,NH3_cracked_to_H2,0.0,36500.0,0.0
S2040_Advanced_low,S2040_Advanced_low,2040,Advanced,low,0,E0070,backbone,EEh2,FIh2S,,LOHC_to_H2,0.0,36500.0,0.0
S2040_Advanced_low,S2040_Advanced_low,2040,Advanced,low,0,E0072,backbone,EEh2,LVh2,,NH3_cracked_to_H2,-0.0,73000.0,-0.0
S2040_Advanced_low,S2040_Advanced_low,2040,Advanced,low,0,E0072,backbone,EEh2,LVh2,,LOHC_to_H2,-0.0,73000.0,-0.0
S2040_Advanced_low,S2040_Advanced_low,2040,Advanced,low,0,E0074,backbone,FIh2S,EEh2,,NH3_cracked_to_H2,0.0,73000.0,0.0
S2040_Advanced_low,S2040_Advanced_low,2040,Advanced,low,0,E0074,backbone,FIh2S,EEh2,,LOHC_to_H2,0.0,73000.0,0.0
S2040_Advanced_low,S2040_Advanced_low,2040,Advanced,low,0,E0076,backbone,FIh2,FIh2Al,,NH3_cracked_to_H2,-0.0,183960.0,-0.0
S2040_Advanced_low,S2040_Advanced_low,2040,Advanced,low,0,E0076,backbone,FIh2,FIh2Al,,LOHC_to_H2,-0.0,183960.0,-0.0
S2040_Advanced_low,S2040_Advanced_low,2040,Advanced,low,0,E0078,backbone,FIh2,FIh2N,,NH3_cracked_to_H2,0.0,3649635.0,0.0
S2040_Advanced_low,S2040_Advanced_low,2040,Advanced,low,0,E0078,backbone,FIh2,FIh2N,,LOHC_to_H2,0.0,3649635.0,0.0
S2040_Advanced_low,S2040_Advanced_low,2040,Advanced,low,0,E0080,backbone,FIh2,FIh2S,,NH3_cracked_to_H2,0.0,3649635.0,0.0
S2040_Advanced_low,S2040_Advanced_low,2040,Advanced,low,0,E0080,backbone,FIh2,FIh2S,,LOHC_to_H2,0.0,3649635.0,0.0
S2040_Advanced_low,S2040_Advanced_low,2040,Advanced,low,0,E0082,backbone,FIh2Al,FIh2,,NH3_cracked_to_H2,0.0,183960.0,0.0
S2040_Advanced_low,S2040_Advanced_low,2040,Advanced,low,0,E0082,backbone,FIh2Al,FIh2,,LOHC_to_H2,0.0,183960.0,0.0
S2040_Advanced_low,S2040_Advanced_low,2040,Advanced,low,0,E0084,backbone,FIh2N,FIh2,,NH3_cracked_to_H2,0.0,3649635.0,0.0
S2040_Advanced_low,S2040_Advanced_low,2040,Advanced,low,0,E0084,backbone,FIh2N,FIh2,,LOHC_to_H2,0.0,3649635.0,0.0
S2040_Advanced_low,S2040_Advanced_low,2040,Advanced,low,0,E0086,backbone,FIh2S,FIh2,,NH3_cracked_to_H2,0.0,3649635.0,0.0
S2040_Advanced_low,S2040_Advanced_low,2040,Advanced,low,0,E0086,backbone,FIh2S,FIh2,,LOHC_to_H2,0.0,3649635.0,0.0
S2040_Advanced_low,S2040_Advanced_low,2040,Advanced,low,0,E0088,backbone,FIh2Al,DEh2,,NH3_cracked_to_H2,-0.0,95630.0,-0.0
S2040_Advanced_low,S2040_Advanced_low,2040,Advanced,low,0,E0088,backbone,FIh2Al,DEh2,,LOHC_to_H2,-0.0,95630.0,-0.0
S2040_Advanced_low,S2040_Advanced_low,2040,Advanced,low,0,E0092,backbone,FIh2Al,SEh2,,NH3_cracked_to_H2,0.0,183960.0,0.0
S2040_Advanced_low,S2040_Advanced_low,2040,Advanced,low,0,E0092,backbone,FIh2Al,SEh2,,LOHC_to_H2,0.0,183960.0,0.0
S2040_Advanced_low,S2040_Advanced_low,2040,Advanced,low,0,E0094,backbone,FIh2N,SEh2,,NH3_cracked_to_H2,0.0,59130.0,0.0
S2040_Advanced_low,S2040_Advanced_low,2040,Advanced,low,0,E0094,backbone,FIh2N,SEh2,,LOHC_to_H2,0.0,59130.0,0.0
S2040_Advanced_low,S2040_Advanced_low,2040,Advanced,low,0,E0096,backbone,FRh2,BEh2,,NH3_cracked_to_H2,0.0,13140.0,0.0
S2040_Advanced_low,S2040_Advanced_low,2040,Advanced,low,0,E0096,backbone,FRh2,BEh2,,LOHC_to_H2,0.0,13140.0,0.0
S2040_Advanced_low,S2040_Advanced_low,2040,Advanced,low,0,E0098,backbone,FRh2N,BEh2,,NH3_cracked_to_H2,0.0,17520.0,0.0
S2040_Advanced_low,S2040_Advanced_low,2040,Advanced,low,0,E0098,backbone,FRh2N,BEh2,,LOHC_to_H2,0.0,17520.0,0.0
S2040_Advanced_low,S2040_Advanced_low,2040,Advanced,low,0,E0100,backbone,FRh2Va,BEH2Mo,,NH3_cracked_to_H2,0.0,8760.0,0.0
S2040_Advanced_low,S2040_Advanced_low,2040,Advanced,low,0,E0100,backbone,FRh2Va,BEH2Mo,,LOHC_to_H2,0.0,8760.0,0.0
S2040_Advanced_low,S2040_Advanced_low,2040,Advanced,low,0,E0104,backbone,FRh2,FRh2S,,NH3_cracked_to_H2,25032.68020736468,70080.0,35.72014869772357
S2040_Advanced_low,S2040_Advanced_low,2040,Advanced,low,0,E0104,backbone,FRh2,FRh2S,,LOHC_to_H2,-0.0,70080.0,-0.0
S2040_Advanced_low,S2040_Advanced_low,2040,Advanced,low,0,E0108,backbone,FRh2,FRh2Va,,NH3_cracked_to_H2,-0.0,8760.0,-0.0
S2040_Advanced_low,S2040_Advanced_low,2040,Advanced,low,0,E0108,backbone,FRh2,FRh2Va,,LOHC_to_H2,-0.0,8760.0,-0.0
S2040_Advanced_low,S2040_Advanced_low,2040,Advanced,low,0,E0112,backbone,FRh2S,FRh2,,NH3_cracked_to_H2,0.0,70080.0,0.0
S2040_Advanced_low,S2040_Advanced_low,2040,Advanced,low,0,E0112,backbone,FRh2S,FRh2,,LOHC_to_H2,0.0,70080.0,0.0
S2040_Advanced_low,S2040_Advanced_low,2040,Advanced,low,0,E0120,backbone,FRh2Va,FRh2,,NH3_cracked_to_H2,0.0,8760.0,0.0
S2040_Advanced_low,S2040_Advanced_low,2040,Advanced,low,0,E0120,backbone,FRh2Va,FRh2,,LOHC_to_H2,0.0,8760.0,0.0
S2040_Advanced_low,S2040_Advanced_low,2040,Advanced,low,0,E0122,terminal_backbone,LH2_Tk_FRn,FRh2N,LH2_Tk_FRn|FRh2N,NH3_cracked_to_H2,17520.0,17520.0,100.0
S2040_Advanced_low,S2040_Advanced_low,2040,Advanced,low,0,E0128,backbone,FRh2,DEh2,,NH3_cracked_to_H2,0.0,76467.5,0.0
S2040_Advanced_low,S2040_Advanced_low,2040,Advanced,low,0,E0128,backbone,FRh2,DEh2,,LOHC_to_H2,0.0,76467.5,0.0
S2040_Advanced_low,S2040_Advanced_low,2040,Advanced,low,0,E0132,backbone,FRh2S,ESh2,,NH3_cracked_to_H2,25032.68020736468,78840.0,31.7512432868654
S2040_Advanced_low,S2040_Advanced_low,2040,Advanced,low,0,E0132,backbone,FRh2S,ESh2,,LOHC_to_H2,-0.0,78840.0,-0.0
S2040_Advanced_low,S2040_Advanced_low,2040,Advanced,low,0,E0138,backbone,DEh2,ATh2,,NH3_cracked_to_H2,24667.371652729304,54750.0,45.054560096309224
S2040_Advanced_low,S2040_Advanced_low,2040,Advanced,low,0,E0138,backbone,DEh2,ATh2,,LOHC_to_H2,58.4,54750.0,0.10666666666666667
S2040_Advanced_low,S2040_Advanced_low,2040,Advanced,low,0,E0140,backbone,DEh2,BEh2,,NH3_cracked_to_H2,0.0,33288.0,0.0
S2040_Advanced_low,S2040_Advanced_low,2040,Advanced,low,0,E0140,backbone,DEh2,BEh2,,LOHC_to_H2,0.0,33288.0,0.0
S2040_Advanced_low,S2040_Advanced_low,2040,Advanced,low,0,E0142,backbone,DEh2,CZh2,,NH3_cracked_to_H2,0.0,105120.0,0.0
S2040_Advanced_low,S2040_Advanced_low,2040,Advanced,low,0,E0142,backbone,DEh2,CZh2,,LOHC_to_H2,0.0,105120.0,0.0
S2040_Advanced_low,S2040_Advanced_low,2040,Advanced,low,0,E0144,backbone,DEh2,DKh2,,NH3_cracked_to_H2,0.0,37668.0,0.0
S2040_Advanced_low,S2040_Advanced_low,2040,Advanced,low,0,E0144,backbone,DEh2,DKh2,,LOHC_to_H2,0.0,37668.0,0.0
S2040_Advanced_low,S2040_Advanced_low,2040,Advanced,low,0,E0146,backbone,DEh2,FRh2,,NH3_cracked_to_H2,11892.68020736468,70408.5,16.890972265230307
S2040_Advanced_low,S2040_Advanced_low,2040,Advanced,low,0,E0146,backbone,DEh2,FRh2,,LOHC_to_H2,0.0,70408.5,0.0
S2040_Advanced_low,S2040_Advanced_low,2040,Advanced,low,0,E0148,backbone,DEh2ba,DEh2,,NH3_cracked_to_H2,-0.0,15695.0,-0.0
S2040_Advanced_low,S2040_Advanced_low,2040,Advanced,low,0,E0148,backbone,DEh2ba,DEh2,,LOHC_to_H2,-0.0,15695.0,-0.0
S2040_Advanced_low,S2040_Advanced_low,2040,Advanced,low,0,E0150,backbone,DEh2bp,DEh2,,NH3_cracked_to_H2,-0.0,4745.0,-0.0
S2040_Advanced_low,S2040_Advanced_low,2040,Advanced,low,0,E0150,backbone,DEh2bp,DEh2,,LOHC_to_H2,-0.0,4745.0,-0.0
S2040_Advanced_low,S2040_Advanced_low,2040,Advanced,low,0,E0152,backbone,DEh2bp,DEh2ba,,NH3_cracked_to_H2,0.0,15695.0,0.0
S2040_Advanced_low,S2040_Advanced_low,2040,Advanced,low,0,E0152,backbone,DEh2bp,DEh2ba,,LOHC_to_H2,0.0,15695.0,0.0
S2040_Advanced_low,S2040_Advanced_low,2040,Advanced,low,0,E0154,terminal_backbone,LH2_Tk_DE,DEh2,LH2_Tk_DE|DEh2,LOHC_to_H2,58.4,19965.5,0.29250457038391225
S2040_Advanced_low,S2040_Advanced_low,2040,Advanced,low,0,E0154,terminal_backbone,LH2_Tk_DE,DEh2,LH2_Tk_DE|DEh2,NH3_cracked_to_H2,19907.1,19965.5,99.70749542961607
S2040_Advanced_low,S2040_Advanced_low,2040,Advanced,low,0,E0158,backbone,DEh2,NLh2,,NH3_cracked_to_H2,0.0,108879.5,0.0
S2040_Advanced_low,S2040_Advanced_low,2040,Advanced,low,0,E0158,backbone,DEh2,NLh2,,LOHC_to_H2,0.0,108879.5,0.0
S2040_Advanced_low,S2040_Advanced_low,2040,Advanced,low,0,E0162,backbone,DEh2,PLh2N,,NH3_cracked_to_H2,7008.0,7008.0,100.0
S2040_Advanced_low,S2040_Advanced_low,2040,Advanced,low,0,E0162,backbone,DEh2,PLh2N,,LOHC_to_H2,0.0,7008.0,0.0
S2040_Advanced_low,S2040_Advanced_low,2040,Advanced,low,0,E0164,backbone,DEh2,PLh2nbc,,NH3_cracked_to_H2,25095.707620674064,36500.0,68.7553633443125
S2040_Advanced_low,S2040_Advanced_low,2040,Advanced,low,0,E0164,backbone,DEh2,PLh2nbc,,LOHC_to_H2,0.0,36500.0,0.0
S2040_Advanced_low,S2040_Advanced_low,2040,Advanced,low,0,E0168,backbone,GRh2,BGh2,,NH3_cracked_to_H2,0.0,29200.0,0.0
S2040_Advanced_low,S2040_Advanced_low,2040,Advanced,low,0,E0168,backbone,GRh2,BGh2,,LOHC_to_H2,0.0,29200.0,0.0
S2040_Advanced_low,S2040_Advanced_low,2040,Advanced,low,0,E0180,backbone,HUh2,ROh2,,NH3_cracked_to_H2,-0.0,28032.0,-0.0
S2040_Advanced_low,S2040_Advanced_low,2040,Advanced,low,0,E0180,backbone,HUh2,ROh2,,LOHC_to_H2,-0.0,28032.0,-0.0
S2040_Advanced_low,S2040_Advanced_low,2040,Advanced,low,0,E0184,backbone,HUh2,IB-SKh2C,,NH3_cracked_to_H2,0.0,36500.0,0.0
S2040_Advanced_low,S2040_Advanced_low,2040,Advanced,low,0,E0184,backbone,HUh2,IB-SKh2C,,LOHC_to_H2,0.0,36500.0,0.0
S2040_Advanced_low,S2040_Advanced_low,2040,Advanced,low,0,E0194,backbone,IB-ITh2,ATh2,,NH3_cracked_to_H2,0.0,61320.0,0.0
S2040_Advanced_low,S2040_Advanced_low,2040,Advanced,low,0,E0194,backbone,IB-ITh2,ATh2,,LOHC_to_H2,0.0,61320.0,0.0
S2040_Advanced_low,S2040_Advanced_low,2040,Advanced,low,0,E0198,backbone,ITh2,IB-ITh2,,NH3_cracked_to_H2,0.0,73000.0,0.0
S2040_Advanced_low,S2040_Advanced_low,2040,Advanced,low,0,E0198,backbone,ITh2,IB-ITh2,,LOHC_to_H2,0.0,73000.0,0.0
S2040_Advanced_low,S2040_Advanced_low,2040,Advanced,low,0,E0208,backbone,LVh2,EEh2,,NH3_cracked_to_H2,0.0,36500.0,0.0
S2040_Advanced_low,S2040_Advanced_low,2040,Advanced,low,0,E0208,backbone,LVh2,EEh2,,LOHC_to_H2,0.0,36500.0,0.0
S2040_Advanced_low,S2040_Advanced_low,2040,Advanced,low,0,E0210,backbone,LVh2,LTh2,,NH3_cracked_to_H2,-0.0,73000.0,-0.0
S2040_Advanced_low,S2040_Advanced_low,2040,Advanced,low,0,E0210,backbone,LVh2,LTh2,,LOHC_to_H2,-0.0,73000.0,-0.0
S2040_Advanced_low,S2040_Advanced_low,2040,Advanced,low,0,E0212,backbone,LTh2,LVh2,,NH3_cracked_to_H2,0.0,36500.0,0.0
S2040_Advanced_low,S2040_Advanced_low,2040,Advanced,low,0,E0212,backbone,LTh2,LVh2,,LOHC_to_H2,0.0,36500.0,0.0
S2040_Advanced_low,S2040_Advanced_low,2040,Advanced,low,0,E0214,backbone,LTh2,PLh2nbc,,NH3_cracked_to_H2,-0.0,73000.0,-0.0
S2040_Advanced_low,S2040_Advanced_low,2040,Advanced,low,0,E0214,backbone,LTh2,PLh2nbc,,LOHC_to_H2,-0.0,73000.0,-0.0
S2040_Advanced_low,S2040_Advanced_low,2040,Advanced,low,0,E0222,backbone,MAh2,ESh2,,NH3_cracked_to_H2,0.0,38690.0,0.0
S2040_Advanced_low,S2040_Advanced_low,2040,Advanced,low,0,E0222,backbone,MAh2,ESh2,,LOHC_to_H2,0.0,38690.0,0.0
S2040_Advanced_low,S2040_Advanced_low,2040,Advanced,low,0,E0224,backbone,NLh2,BEh2,,NH3_cracked_to_H2,0.0,43800.0,0.0
S2040_Advanced_low,S2040_Advanced_low,2040,Advanced,low,0,E0224,backbone,NLh2,BEh2,,LOHC_to_H2,-0.0,43800.0,-0.0
S2040_Advanced_low,S2040_Advanced_low,2040,Advanced,low,0,E0226,backbone,NLh2,DEh2,,NH3_cracked_to_H2,15468.659480768049,102492.0,15.092553058549008
S2040_Advanced_low,S2040_Advanced_low,2040,Advanced,low,0,E0226,backbone,NLh2,DEh2,,LOHC_to_H2,0.0,102492.0,0.0
S2040_Advanced_low,S2040_Advanced_low,2040,Advanced,low,0,E0228,terminal_backbone,LH2_Tk_NL,NLh2,LH2_Tk_NL|NLh2,NH3_cracked_to_H2,54180.26658474082,81249.0,66.68422575630571
S2040_Advanced_low,S2040_Advanced_low,2040,Advanced,low,0,E0234,backbone,Y-NOh2,DEh2,,NH3_cracked_to_H2,0.0,157680.0,0.0
S2040_Advanced_low,S2040_Advanced_low,2040,Advanced,low,0,E0234,backbone,Y-NOh2,DEh2,,LOHC_to_H2,0.0,157680.0,0.0
S2040_Advanced_low,S2040_Advanced_low,2040,Advanced,low,0,E0236,backbone,NOh2,Y-NOh2,,NH3_cracked_to_H2,0.0,157680.0,0.0
S2040_Advanced_low,S2040_Advanced_low,2040,Advanced,low,0,E0236,backbone,NOh2,Y-NOh2,,LOHC_to_H2,0.0,157680.0,0.0
S2040_Advanced_low,S2040_Advanced_low,2040,Advanced,low,0,E0244,backbone,PLh2N,DEh2,,NH3_cracked_to_H2,0.0,7008.0,0.0
S2040_Advanced_low,S2040_Advanced_low,2040,Advanced,low,0,E0244,backbone,PLh2N,DEh2,,LOHC_to_H2,0.0,7008.0,0.0
S2040_Advanced_low,S2040_Advanced_low,2040,Advanced,low,0,E0246,backbone,PLh2nbc,DEh2,,NH3_cracked_to_H2,0.0,73000.0,0.0
S2040_Advanced_low,S2040_Advanced_low,2040,Advanced,low,0,E0246,backbone,PLh2nbc,DEh2,,LOHC_to_H2,0.0,73000.0,0.0
S2040_Advanced_low,S2040_Advanced_low,2040,Advanced,low,0,E0248,backbone,PLh2nbc,LTh2,,NH3_cracked_to_H2,0.0,36500.0,0.0
S2040_Advanced_low,S2040_Advanced_low,2040,Advanced,low,0,E0248,backbone,PLh2nbc,LTh2,,LOHC_to_H2,0.0,36500.0,0.0
S2040_Advanced_low,S2040_Advanced_low,2040,Advanced,low,0,E0252,backbone,PLh2N,PLh2S,,NH3_cracked_to_H2,6976.314212323237,36500.0,19.11318962280339
S2040_Advanced_low,S2040_Advanced_low,2040,Advanced,low,0,E0252,backbone,PLh2N,PLh2S,,LOHC_to_H2,-0.0,36500.0,-0.0
S2040_Advanced_low,S2040_Advanced_low,2040,Advanced,low,0,E0254,backbone,PLh2nbc,PLh2N,,NH3_cracked_to_H2,0.0,54750.0,0.0
S2040_Advanced_low,S2040_Advanced_low,2040,Advanced,low,0,E0254,backbone,PLh2nbc,PLh2N,,LOHC_to_H2,0.0,54750.0,0.0
S2040_Advanced_low,S2040_Advanced_low,2040,Advanced,low,0,E0260,backbone,PLh2S,PLh2nbc,,NH3_cracked_to_H2,0.0,18250.0,0.0
S2040_Advanced_low,S2040_Advanced_low,2040,Advanced,low,0,E0260,backbone,PLh2S,PLh2nbc,,LOHC_to_H2,0.0,18250.0,0.0
S2040_Advanced_low,S2040_Advanced_low,2040,Advanced,low,0,E0268,backbone,PTh2,ESh2,,NH3_cracked_to_H2,-0.0,29565.0,-0.0
S2040_Advanced_low,S2040_Advanced_low,2040,Advanced,low,0,E0268,backbone,PTh2,ESh2,,LOHC_to_H2,-0.0,29565.0,-0.0
S2040_Advanced_low,S2040_Advanced_low,2040,Advanced,low,0,E0272,backbone,ROh2,HUh2,,NH3_cracked_to_H2,0.0,36500.0,0.0
S2040_Advanced_low,S2040_Advanced_low,2040,Advanced,low,0,E0272,backbone,ROh2,HUh2,,LOHC_to_H2,0.0,36500.0,0.0
S2040_Advanced_low,S2040_Advanced_low,2040,Advanced,low,0,E0286,backbone,IB-SKh2W,ATh2,,NH3_cracked_to_H2,0.0,52560.0,0.0
S2040_Advanced_low,S2040_Advanced_low,2040,Advanced,low,0,E0286,backbone,IB-SKh2W,ATh2,,LOHC_to_H2,0.0,52560.0,0.0
S2040_Advanced_low,S2040_Advanced_low,2040,Advanced,low,0,E0288,backbone,IB-SKh2W,CZh2,,NH3_cracked_to_H2,0.0,52560.0,0.0
S2040_Advanced_low,S2040_Advanced_low,2040,Advanced,low,0,E0288,backbone,IB-SKh2W,CZh2,,LOHC_to_H2,0.0,52560.0,0.0
S2040_Advanced_low,S2040_Advanced_low,2040,Advanced,low,0,E0290,backbone,IB-SKh2C,HUh2,,NH3_cracked_to_H2,-0.0,36500.0,-0.0
S2040_Advanced_low,S2040_Advanced_low,2040,Advanced,low,0,E0290,backbone,IB-SKh2C,HUh2,,LOHC_to_H2,-0.0,36500.0,-0.0
S2040_Advanced_low,S2040_Advanced_low,2040,Advanced,low,0,E0294,backbone,IB-SKh2C,SKh2E,,NH3_cracked_to_H2,-0.0,105120.0,-0.0
S2040_Advanced_low,S2040_Advanced_low,2040,Advanced,low,0,E0294,backbone,IB-SKh2C,SKh2E,,LOHC_to_H2,-0.0,105120.0,-0.0
S2040_Advanced_low,S2040_Advanced_low,2040,Advanced,low,0,E0296,backbone,IB-SKh2C,SKh2W,,NH3_cracked_to_H2,0.0,105120.0,0.0
S2040_Advanced_low,S2040_Advanced_low,2040,Advanced,low,0,E0296,backbone,IB-SKh2C,SKh2W,,LOHC_to_H2,0.0,105120.0,0.0
S2040_Advanced_low,S2040_Advanced_low,2040,Advanced,low,0,E0298,backbone,IB-SKh2E,SKh2E,,NH3_cracked_to_H2,-0.0,105120.0,-0.0
S2040_Advanced_low,S2040_Advanced_low,2040,Advanced,low,0,E0298,backbone,IB-SKh2E,SKh2E,,LOHC_to_H2,-0.0,105120.0,-0.0
S2040_Advanced_low,S2040_Advanced_low,2040,Advanced,low,0,E0300,backbone,IB-SKh2W,SKh2W,,NH3_cracked_to_H2,0.0,105120.0,0.0
S2040_Advanced_low,S2040_Advanced_low,2040,Advanced,low,0,E0300,backbone,IB-SKh2W,SKh2W,,LOHC_to_H2,0.0,105120.0,0.0
S2040_Advanced_low,S2040_Advanced_low,2040,Advanced,low,0,E0302,backbone,SKh2E,IB-SKh2C,,NH3_cracked_to_H2,0.0,105120.0,0.0
S2040_Advanced_low,S2040_Advanced_low,2040,Advanced,low,0,E0302,backbone,SKh2E,IB-SKh2C,,LOHC_to_H2,0.0,105120.0,0.0
S2040_Advanced_low,S2040_Advanced_low,2040,Advanced,low,0,E0304,backbone,SKh2E,IB-SKh2E,,NH3_cracked_to_H2,0.0,105120.0,0.0
S2040_Advanced_low,S2040_Advanced_low,2040,Advanced,low,0,E0304,backbone,SKh2E,IB-SKh2E,,LOHC_to_H2,0.0,105120.0,0.0
S2040_Advanced_low,S2040_Advanced_low,2040,Advanced,low,0,E0306,backbone,SKh2W,IB-SKh2C,,NH3_cracked_to_H2,-0.0,105120.0,-0.0
S2040_Advanced_low,S2040_Advanced_low,2040,Advanced,low,0,E0306,backbone,SKh2W,IB-SKh2C,,LOHC_to_H2,-0.0,105120.0,-0.0
S2040_Advanced_low,S2040_Advanced_low,2040,Advanced,low,0,E0308,backbone,SKh2W,IB-SKh2W,,NH3_cracked_to_H2,-0.0,105120.0,-0.0
S2040_Advanced_low,S2040_Advanced_low,2040,Advanced,low,0,E0308,backbone,SKh2W,IB-SKh2W,,LOHC_to_H2,-0.0,105120.0,-0.0
S2040_Advanced_low,S2040_Advanced_low,2040,Advanced,low,0,E0320,backbone,ESh2,FRh2S,,NH3_cracked_to_H2,0.0,78840.0,0.0
S2040_Advanced_low,S2040_Advanced_low,2040,Advanced,low,0,E0320,backbone,ESh2,FRh2S,,LOHC_to_H2,0.0,78840.0,0.0
S2040_Advanced_low,S2040_Advanced_low,2040,Advanced,low,0,E0326,backbone,ESh2,PTh2,,NH3_cracked_to_H2,0.0,29565.0,0.0
S2040_Advanced_low,S2040_Advanced_low,2040,Advanced,low,0,E0326,backbone,ESh2,PTh2,,LOHC_to_H2,0.0,29565.0,0.0
S2040_Advanced_low,S2040_Advanced_low,2040,Advanced,low,0,E0328,backbone,SEh2,FIh2Al,,NH3_cracked_to_H2,-0.0,183960.0,-0.0
S2040_Advanced_low,S2040_Advanced_low,2040,Advanced,low,0,E0328,backbone,SEh2,FIh2Al,,LOHC_to_H2,-0.0,183960.0,-0.0
S2040_Advanced_low,S2040_Advanced_low,2040,Advanced,low,0,E0330,backbone,SEh2,FIh2N,,NH3_cracked_to_H2,0.0,59130.0,0.0
S2040_Advanced_low,S2040_Advanced_low,2040,Advanced,low,0,E0330,backbone,SEh2,FIh2N,,LOHC_to_H2,0.0,59130.0,0.0
S2040_Advanced_low,S2040_Advanced_low,2040,Advanced,low,0,E0346,backbone,UAh2,IB-SKh2E,,NH3_cracked_to_H2,0.0,52560.0,0.0
S2040_Advanced_low,S2040_Advanced_low,2040,Advanced,low,0,E0346,backbone,UAh2,IB-SKh2E,,LOHC_to_H2,0.0,52560.0,0.0
S2040_Advanced_medium,S2040_Advanced_medium,2040,Advanced,medium,0,E0004,backbone,DZh2,ITh2,,NH3_cracked_to_H2,-0.0,163520.0,-0.0
S2040_Advanced_medium,S2040_Advanced_medium,2040,Advanced,medium,0,E0004,backbone,DZh2,ITh2,,LOHC_to_H2,-0.0,163520.0,-0.0
S2040_Advanced_medium,S2040_Advanced_medium,2040,Advanced,medium,0,E0006,backbone,ATh2,DEh2,,NH3_cracked_to_H2,0.0,54750.0,0.0
S2040_Advanced_medium,S2040_Advanced_medium,2040,Advanced,medium,0,E0006,backbone,ATh2,DEh2,,LOHC_to_H2,0.0,54750.0,0.0
S2040_Advanced_medium,S2040_Advanced_medium,2040,Advanced,medium,0,E0010,backbone,ATh2,IB-ITh2,,NH3_cracked_to_H2,33402.1461366627,45990.0,72.62915011233464
S2040_Advanced_medium,S2040_Advanced_medium,2040,Advanced,medium,0,E0010,backbone,ATh2,IB-ITh2,,LOHC_to_H2,58.4,45990.0,0.12698412698412698
S2040_Advanced_medium,S2040_Advanced_medium,2040,Advanced,medium,0,E0012,backbone,ATh2,IB-SKh2W,,NH3_cracked_to_H2,-0.0,52560.0,-0.0
S2040_Advanced_medium,S2040_Advanced_medium,2040,Advanced,medium,0,E0012,backbone,ATh2,IB-SKh2W,,LOHC_to_H2,-0.0,52560.0,-0.0
S2040_Advanced_medium,S2040_Advanced_medium,2040,Advanced,medium,0,E0020,terminal_backbone,LH2_Tk_BE,BEh2,LH2_Tk_BE|BEh2,NH3_cracked_to_H2,70664.0,70664.0,100.0
S2040_Advanced_medium,S2040_Advanced_medium,2040,Advanced,medium,0,E0022,backbone,BEh2,FRh2,,NH3_cracked_to_H2,13140.0,13140.0,100.0
S2040_Advanced_medium,S2040_Advanced_medium,2040,Advanced,medium,0,E0022,backbone,BEh2,FRh2,,LOHC_to_H2,0.0,13140.0,0.0
S2040_Advanced_medium,S2040_Advanced_medium,2040,Advanced,medium,0,E0024,backbone,BEh2,FRh2N,,NH3_cracked_to_H2,12751.580928605577,17520.0,72.78299616784005
S2040_Advanced_medium,S2040_Advanced_medium,2040,Advanced,medium,0,E0024,backbone,BEh2,FRh2N,,LOHC_to_H2,-0.0,17520.0,-0.0
S2040_Advanced_medium,S2040_Advanced_medium,2040,Advanced,medium,0,E0026,backbone,BEH2Mo,FRh2Va,,NH3_cracked_to_H2,-0.0,8760.0,-0.0
S2040_Advanced_medium,S2040_Advanced_medium,2040,Advanced,medium,0,E0026,backbone,BEH2Mo,FRh2Va,,LOHC_to_H2,-0.0,8760.0,-0.0
S2040_Advanced_medium,S2040_Advanced_medium,2040,Advanced,medium,0,E0028,backbone,BEh2,DEh2,,NH3_cracked_to_H2,33288.0,33288.0,100.0
S2040_Advanced_medium,S2040_Advanced_medium,2040,Advanced,medium,0,E0028,backbone,BEh2,DEh2,,LOHC_to_H2,0.0,33288.0,0.0
S2040_Advanced_medium,S2040_Advanced_medium,2040,Advanced,medium,0,E0032,backbone,BEh2,NLh2,,NH3_cracked_to_H2,11484.419071394423,43800.0,26.22013486619731
S2040_Advanced_medium,S2040_Advanced_medium,2040,Advanced,medium,0,E0032,backbone,BEh2,NLh2,,LOHC_to_H2,0.0,43800.0,0.0
S2040_Advanced_medium,S2040_Advanced_medium,2040,Advanced,medium,0,E0036,backbone,BAh2,HRh2,,NH3_cracked_to_H2,-0.0,41975.0,-0.0
S2040_Advanced_medium,S2040_Advanced_medium,2040,Advanced,medium,0,E0036,backbone,BAh2,HRh2,,LOHC_to_H2,-0.0,41975.0,-0.0
S2040_Advanced_medium,S2040_Advanced_medium,2040,Advanced,medium,0,E0038,backbone,BGh2,GRh2,,NH3_cracked_to_H2,-0.0,29200.0,-0.0
S2040_Advanced_medium,S2040_Advanced_medium,2040,Advanced,medium,0,E0038,backbone,BGh2,GRh2,,LOHC_to_H2,-0.0,29200.0,-0.0
S2040_Advanced_medium,S2040_Advanced_medium,2040,Advanced,medium,0,E0046,backbone,HRh2,BAh2,,NH3_cracked_to_H2,0.0,41975.0,0.0
S2040_Advanced_medium,S2040_Advanced_medium,2040,Advanced,medium,0,E0046,backbone,HRh2,BAh2,,LOHC_to_H2,0.0,41975.0,0.0
S2040_Advanced_medium,S2040_Advanced_medium,2040,Advanced,medium,0,E0058,backbone,CZh2,DEh2,,NH3_cracked_to_H2,-0.0,105120.0,-0.0
S2040_Advanced_medium,S2040_Advanced_medium,2040,Advanced,medium,0,E0058,backbone,CZh2,DEh2,,LOHC_to_H2,-0.0,105120.0,-0.0
S2040_Advanced_medium,S2040_Advanced_medium,2040,Advanced,medium,0,E0064,backbone,DKh2,DEh2,,NH3_cracked_to_H2,-0.0,37668.0,-0.0
S2040_Advanced_medium,S2040_Advanced_medium,2040,Advanced,medium,0,E0064,backbone,DKh2,DEh2,,LOHC_to_H2,-0.0,37668.0,-0.0
S2040_Advanced_medium,S2040_Advanced_medium,2040,Advanced,medium,0,E0070,backbone,EEh2,FIh2S,,NH3_cracked_to_H2,0.0,36500.0,0.0
S2040_Advanced_medium,S2040_Advanced_medium,2040,Advanced,medium,0,E0070,backbone,EEh2,FIh2S,,LOHC_to_H2,0.0,36500.0,0.0
S2040_Advanced_medium,S2040_Advanced_medium,2040,Advanced,medium,0,E0072,backbone,EEh2,LVh2,,NH3_cracked_to_H2,-0.0,73000.0,-0.0
S2040_Advanced_medium,S2040_Advanced_medium,2040,Advanced,medium,0,E0072,backbone,EEh2,LVh2,,LOHC_to_H2,-0.0,73000.0,-0.0
S2040_Advanced_medium,S2040_Advanced_medium,2040,Advanced,medium,0,E0074,backbone,FIh2S,EEh2,,NH3_cracked_to_H2,-0.0,73000.0,-0.0
S2040_Advanced_medium,S2040_Advanced_medium,2040,Advanced,medium,0,E0074,backbone,FIh2S,EEh2,,LOHC_to_H2,0.0,73000.0,0.0
S2040_Advanced_medium,S2040_Advanced_medium,2040,Advanced,medium,0,E0076,backbone,FIh2,FIh2Al,,NH3_cracked_to_H2,-0.0,183960.0,-0.0
S2040_Advanced_medium,S2040_Advanced_medium,2040,Advanced,medium,0,E0076,backbone,FIh2,FIh2Al,,LOHC_to_H2,-0.0,183960.0,-0.0
S2040_Advanced_medium,S2040_Advanced_medium,2040,Advanced,medium,0,E0078,backbone,FIh2,FIh2N,,NH3_cracked_to_H2,0.0,3649635.0,0.0
S2040_Advanced_medium,S2040_Advanced_medium,2040,Advanced,medium,0,E0078,backbone,FIh2,FIh2N,,LOHC_to_H2,0.0,3649635.0,0.0
S2040_Advanced_medium,S2040_Advanced_medium,2040,Advanced,medium,0,E0080,backbone,FIh2,FIh2S,,NH3_cracked_to_H2,0.0,3649635.0,0.0
S2040_Advanced_medium,S2040_Advanced_medium,2040,Advanced,medium,0,E0080,backbone,FIh2,FIh2S,,LOHC_to_H2,0.0,3649635.0,0.0
S2040_Advanced_medium,S2040_Advanced_medium,2040,Advanced,medium,0,E0082,backbone,FIh2Al,FIh2,,NH3_cracked_to_H2,0.0,183960.0,0.0
S2040_Advanced_medium,S2040_Advanced_medium,2040,Advanced,medium,0,E0082,backbone,FIh2Al,FIh2,,LOHC_to_H2,0.0,183960.0,0.0
S2040_Advanced_medium,S2040_Advanced_medium,2040,Advanced,medium,0,E0084,backbone,FIh2N,FIh2,,NH3_cracked_to_H2,0.0,3649635.0,0.0
S2040_Advanced_medium,S2040_Advanced_medium,2040,Advanced,medium,0,E0084,backbone,FIh2N,FIh2,,LOHC_to_H2,0.0,3649635.0,0.0
S2040_Advanced_medium,S2040_Advanced_medium,2040,Advanced,medium,0,E0086,backbone,FIh2S,FIh2,,NH3_cracked_to_H2,0.0,3649635.0,0.0
S2040_Advanced_medium,S2040_Advanced_medium,2040,Advanced,medium,0,E0086,backbone,FIh2S,FIh2,,LOHC_to_H2,-0.0,3649635.0,-0.0
S2040_Advanced_medium,S2040_Advanced_medium,2040,Advanced,medium,0,E0088,backbone,FIh2Al,DEh2,,NH3_cracked_to_H2,-0.0,95630.0,-0.0
S2040_Advanced_medium,S2040_Advanced_medium,2040,Advanced,medium,0,E0088,backbone,FIh2Al,DEh2,,LOHC_to_H2,-0.0,95630.0,-0.0
S2040_Advanced_medium,S2040_Advanced_medium,2040,Advanced,medium,0,E0092,backbone,FIh2Al,SEh2,,NH3_cracked_to_H2,0.0,183960.0,0.0
S2040_Advanced_medium,S2040_Advanced_medium,2040,Advanced,medium,0,E0092,backbone,FIh2Al,SEh2,,LOHC_to_H2,0.0,183960.0,0.0
S2040_Advanced_medium,S2040_Advanced_medium,2040,Advanced,medium,0,E0094,backbone,FIh2N,SEh2,,NH3_cracked_to_H2,-0.0,59130.0,-0.0
S2040_Advanced_medium,S2040_Advanced_medium,2040,Advanced,medium,0,E0094,backbone,FIh2N,SEh2,,LOHC_to_H2,-0.0,59130.0,-0.0
S2040_Advanced_medium,S2040_Advanced_medium,2040,Advanced,medium,0,E0096,backbone,FRh2,BEh2,,NH3_cracked_to_H2,0.0,13140.0,0.0
S2040_Advanced_medium,S2040_Advanced_medium,2040,Advanced,medium,0,E0096,backbone,FRh2,BEh2,,LOHC_to_H2,0.0,13140.0,0.0
S2040_Advanced_medium,S2040_Advanced_medium,2040,Advanced,medium,0,E0098,backbone,FRh2N,BEh2,,NH3_cracked_to_H2,0.0,17520.0,0.0
S2040_Advanced_medium,S2040_Advanced_medium,2040,Advanced,medium,0,E0098,backbone,FRh2N,BEh2,,LOHC_to_H2,0.0,17520.0,0.0
S2040_Advanced_medium,S2040_Advanced_medium,2040,Advanced,medium,0,E0100,backbone,FRh2Va,BEH2Mo,,NH3_cracked_to_H2,0.0,8760.0,0.0
S2040_Advanced_medium,S2040_Advanced_medium,2040,Advanced,medium,0,E0100,backbone,FRh2Va,BEH2Mo,,LOHC_to_H2,0.0,8760.0,0.0
S2040_Advanced_medium,S2040_Advanced_medium,2040,Advanced,medium,0,E0104,backbone,FRh2,FRh2S,,NH3_cracked_to_H2,29834.415137581193,70080.0,42.57193940864896
S2040_Advanced_medium,S2040_Advanced_medium,2040,Advanced,medium,0,E0104,backbone,FRh2,FRh2S,,LOHC_to_H2,-0.0,70080.0,-0.0
S2040_Advanced_medium,S2040_Advanced_medium,2040,Advanced,medium,0,E0108,backbone,FRh2,FRh2Va,,NH3_cracked_to_H2,-0.0,8760.0,-0.0
S2040_Advanced_medium,S2040_Advanced_medium,2040,Advanced,medium,0,E0108,backbone,FRh2,FRh2Va,,LOHC_to_H2,-0.0,8760.0,-0.0
S2040_Advanced_medium,S2040_Advanced_medium,2040,Advanced,medium,0,E0112,backbone,FRh2S,FRh2,,NH3_cracked_to_H2,0.0,70080.0,0.0
S2040_Advanced_medium,S2040_Advanced_medium,2040,Advanced,medium,0,E0112,backbone,FRh2S,FRh2,,LOHC_to_H2,0.0,70080.0,0.0
S2040_Advanced_medium,S2040_Advanced_medium,2040,Advanced,medium,0,E0120,backbone,FRh2Va,FRh2,,NH3_cracked_to_H2,0.0,8760.0,0.0
S2040_Advanced_medium,S2040_Advanced_medium,2040,Advanced,medium,0,E0120,backbone,FRh2Va,FRh2,,LOHC_to_H2,0.0,8760.0,0.0
S2040_Advanced_medium,S2040_Advanced_medium,2040,Advanced,medium,0,E0122,terminal_backbone,LH2_Tk_FRn,FRh2N,LH2_Tk_FRn|FRh2N,NH3_cracked_to_H2,17520.0,17520.0,100.0
S2040_Advanced_medium,S2040_Advanced_medium,2040,Advanced,medium,0,E0128,backbone,FRh2,DEh2,,NH3_cracked_to_H2,0.0,76467.5,0.0
S2040_Advanced_medium,S2040_Advanced_medium,2040,Advanced,medium,0,E0128,backbone,FRh2,DEh2,,LOHC_to_H2,0.0,76467.5,0.0
S2040_Advanced_medium,S2040_Advanced_medium,2040,Advanced,medium,0,E0132,backbone,FRh2S,ESh2,,NH3_cracked_to_H2,29834.415137581193,78840.0,37.841723918799076
S2040_Advanced_medium,S2040_Advanced_medium,2040,Advanced,medium,0,E0132,backbone,FRh2S,ESh2,,LOHC_to_H2,-0.0,78840.0,-0.0
S2040_Advanced_medium,S2040_Advanced_medium,2040,Advanced,medium,0,E0138,backbone,DEh2,ATh2,,NH3_cracked_to_H2,33402.1461366627,54750.0,61.008486094361096
S2040_Advanced_medium,S2040_Advanced_medium,2040,Advanced,medium,0,E0138,backbone,DEh2,ATh2,,LOHC_to_H2,58.4,54750.0,0.10666666666666667
S2040_Advanced_medium,S2040_Advanced_medium,2040,Advanced,medium,0,E0140,backbone,DEh2,BEh2,,NH3_cracked_to_H2,0.0,33288.0,0.0
S2040_Advanced_medium,S2040_Advanced_medium,2040,Advanced,medium,0,E0140,backbone,DEh2,BEh2,,LOHC_to_H2,0.0,33288.0,0.0
S2040_Advanced_medium,S2040_Advanced_medium,2040,Advanced,medium,0,E0142,backbone,DEh2,CZh2,,NH3_cracked_to_H2,0.0,105120.0,0.0
S2040_Advanced_medium,S2040_Advanced_medium,2040,Advanced,medium,0,E0142,backbone,DEh2,CZh2,,LOHC_to_H2,0.0,105120.0,0.0
S2040_Advanced_medium,S2040_Advanced_medium,2040,Advanced,medium,0,E0144,backbone,DEh2,DKh2,,NH3_cracked_to_H2,0.0,37668.0,0.0
S2040_Advanced_medium,S2040_Advanced_medium,2040,Advanced,medium,0,E0144,backbone,DEh2,DKh2,,LOHC_to_H2,0.0,37668.0,0.0
S2040_Advanced_medium,S2040_Advanced_medium,2040,Advanced,medium,0,E0146,backbone,DEh2,FRh2,,NH3_cracked_to_H2,16694.415137581193,70408.5,23.710795056820118
S2040_Advanced_medium,S2040_Advanced_medium,2040,Advanced,medium,0,E0146,backbone,DEh2,FRh2,,LOHC_to_H2,0.0,70408.5,0.0
S2040_Advanced_medium,S2040_Advanced_medium,2040,Advanced,medium,0,E0148,backbone,DEh2ba,DEh2,,NH3_cracked_to_H2,-0.0,15695.0,-0.0
S2040_Advanced_medium,S2040_Advanced_medium,2040,Advanced,medium,0,E0148,backbone,DEh2ba,DEh2,,LOHC_to_H2,-0.0,15695.0,-0.0
S2040_Advanced_medium,S2040_Advanced_medium,2040,Advanced,medium,0,E0150,backbone,DEh2bp,DEh2,,NH3_cracked_to_H2,-0.0,4745.0,-0.0
S2040_Advanced_medium,S2040_Advanced_medium,2040,Advanced,medium,0,E0150,backbone,DEh2bp,DEh2,,LOHC_to_H2,-0.0,4745.0,-0.0
S2040_Advanced_medium,S2040_Advanced_medium,2040,Advanced,medium,0,E0152,backbone,DEh2bp,DEh2ba,,NH3_cracked_to_H2,0.0,15695.0,0.0
S2040_Advanced_medium,S2040_Advanced_medium,2040,Advanced,medium,0,E0152,backbone,DEh2bp,DEh2ba,,LOHC_to_H2,0.0,15695.0,0.0
S2040_Advanced_medium,S2040_Advanced_medium,2040,Advanced,medium,0,E0154,terminal_backbone,LH2_Tk_DE,DEh2,LH2_Tk_DE|DEh2,LOHC_to_H2,58.4,19965.5,0.29250457038391225
S2040_Advanced_medium,S2040_Advanced_medium,2040,Advanced,medium,0,E0154,terminal_backbone,LH2_Tk_DE,DEh2,LH2_Tk_DE|DEh2,NH3_cracked_to_H2,19907.1,19965.5,99.70749542961607
S2040_Advanced_medium,S2040_Advanced_medium,2040,Advanced,medium,0,E0158,backbone,DEh2,NLh2,,NH3_cracked_to_H2,0.0,108879.5,0.0
S2040_Advanced_medium,S2040_Advanced_medium,2040,Advanced,medium,0,E0158,backbone,DEh2,NLh2,,LOHC_to_H2,0.0,108879.5,0.0
S2040_Advanced_medium,S2040_Advanced_medium,2040,Advanced,medium,0,E0162,backbone,DEh2,PLh2N,,NH3_cracked_to_H2,7008.0,7008.0,100.0
S2040_Advanced_medium,S2040_Advanced_medium,2040,Advanced,medium,0,E0162,backbone,DEh2,PLh2N,,LOHC_to_H2,0.0,7008.0,0.0
S2040_Advanced_medium,S2040_Advanced_medium,2040,Advanced,medium,0,E0164,backbone,DEh2,PLh2nbc,,NH3_cracked_to_H2,36436.85604278078,36500.0,99.82700285693365
S2040_Advanced_medium,S2040_Advanced_medium,2040,Advanced,medium,0,E0164,backbone,DEh2,PLh2nbc,,LOHC_to_H2,0.0,36500.0,0.0
S2040_Advanced_medium,S2040_Advanced_medium,2040,Advanced,medium,0,E0168,backbone,GRh2,BGh2,,NH3_cracked_to_H2,0.0,29200.0,0.0
S2040_Advanced_medium,S2040_Advanced_medium,2040,Advanced,medium,0,E0168,backbone,GRh2,BGh2,,LOHC_to_H2,0.0,29200.0,0.0
S2040_Advanced_medium,S2040_Advanced_medium,2040,Advanced,medium,0,E0180,backbone,HUh2,ROh2,,NH3_cracked_to_H2,-0.0,28032.0,-0.0
S2040_Advanced_medium,S2040_Advanced_medium,2040,Advanced,medium,0,E0180,backbone,HUh2,ROh2,,LOHC_to_H2,-0.0,28032.0,-0.0
S2040_Advanced_medium,S2040_Advanced_medium,2040,Advanced,medium,0,E0184,backbone,HUh2,IB-SKh2C,,NH3_cracked_to_H2,0.0,36500.0,0.0
S2040_Advanced_medium,S2040_Advanced_medium,2040,Advanced,medium,0,E0184,backbone,HUh2,IB-SKh2C,,LOHC_to_H2,0.0,36500.0,0.0
S2040_Advanced_medium,S2040_Advanced_medium,2040,Advanced,medium,0,E0194,backbone,IB-ITh2,ATh2,,NH3_cracked_to_H2,0.0,61320.0,0.0
S2040_Advanced_medium,S2040_Advanced_medium,2040,Advanced,medium,0,E0194,backbone,IB-ITh2,ATh2,,LOHC_to_H2,0.0,61320.0,0.0
S2040_Advanced_medium,S2040_Advanced_medium,2040,Advanced,medium,0,E0198,backbone,ITh2,IB-ITh2,,NH3_cracked_to_H2,-0.0,73000.0,-0.0
S2040_Advanced_medium,S2040_Advanced_medium,2040,Advanced,medium,0,E0198,backbone,ITh2,IB-ITh2,,LOHC_to_H2,-0.0,73000.0,-0.0
S2040_Advanced_medium,S2040_Advanced_medium,2040,Advanced,medium,0,E0208,backbone,LVh2,EEh2,,NH3_cracked_to_H2,0.0,36500.0,0.0
S2040_Advanced_medium,S2040_Advanced_medium,2040,Advanced,medium,0,E0208,backbone,LVh2,EEh2,,LOHC_to_H2,0.0,36500.0,0.0
S2040_Advanced_medium,S2040_Advanced_medium,2040,Advanced,medium,0,E0210,backbone,LVh2,LTh2,,NH3_cracked_to_H2,-0.0,73000.0,-0.0
S2040_Advanced_medium,S2040_Advanced_medium,2040,Advanced,medium,0,E0210,backbone,LVh2,LTh2,,LOHC_to_H2,-0.0,73000.0,-0.0
S2040_Advanced_medium,S2040_Advanced_medium,2040,Advanced,medium,0,E0212,backbone,LTh2,LVh2,,NH3_cracked_to_H2,0.0,36500.0,0.0
S2040_Advanced_medium,S2040_Advanced_medium,2040,Advanced,medium,0,E0212,backbone,LTh2,LVh2,,LOHC_to_H2,0.0,36500.0,0.0
S2040_Advanced_medium,S2040_Advanced_medium,2040,Advanced,medium,0,E0214,backbone,LTh2,PLh2nbc,,NH3_cracked_to_H2,-0.0,73000.0,-0.0
S2040_Advanced_medium,S2040_Advanced_medium,2040,Advanced,medium,0,E0214,backbone,LTh2,PLh2nbc,,LOHC_to_H2,-0.0,73000.0,-0.0
S2040_Advanced_medium,S2040_Advanced_medium,2040,Advanced,medium,0,E0222,backbone,MAh2,ESh2,,NH3_cracked_to_H2,-0.0,38690.0,-0.0
S2040_Advanced_medium,S2040_Advanced_medium,2040,Advanced,medium,0,E0222,backbone,MAh2,ESh2,,LOHC_to_H2,-0.0,38690.0,-0.0
S2040_Advanced_medium,S2040_Advanced_medium,2040,Advanced,medium,0,E0224,backbone,NLh2,BEh2,,NH3_cracked_to_H2,0.0,43800.0,0.0
S2040_Advanced_medium,S2040_Advanced_medium,2040,Advanced,medium,0,E0224,backbone,NLh2,BEh2,,LOHC_to_H2,0.0,43800.0,0.0
S2040_Advanced_medium,S2040_Advanced_medium,2040,Advanced,medium,0,E0226,backbone,NLh2,DEh2,,NH3_cracked_to_H2,40346.317317024674,102492.0,39.36533321334804
S2040_Advanced_medium,S2040_Advanced_medium,2040,Advanced,medium,0,E0226,backbone,NLh2,DEh2,,LOHC_to_H2,0.0,102492.0,0.0
S2040_Advanced_medium,S2040_Advanced_medium,2040,Advanced,medium,0,E0228,terminal_backbone,LH2_Tk_NL,NLh2,LH2_Tk_NL|NLh2,NH3_cracked_to_H2,81249.0,81249.0,100.0
S2040_Advanced_medium,S2040_Advanced_medium,2040,Advanced,medium,0,E0234,backbone,Y-NOh2,DEh2,,NH3_cracked_to_H2,-0.0,157680.0,-0.0
S2040_Advanced_medium,S2040_Advanced_medium,2040,Advanced,medium,0,E0234,backbone,Y-NOh2,DEh2,,LOHC_to_H2,-0.0,157680.0,-0.0
S2040_Advanced_medium,S2040_Advanced_medium,2040,Advanced,medium,0,E0236,backbone,NOh2,Y-NOh2,,NH3_cracked_to_H2,-0.0,157680.0,-0.0
S2040_Advanced_medium,S2040_Advanced_medium,2040,Advanced,medium,0,E0236,backbone,NOh2,Y-NOh2,,LOHC_to_H2,-0.0,157680.0,-0.0
S2040_Advanced_medium,S2040_Advanced_medium,2040,Advanced,medium,0,E0244,backbone,PLh2N,DEh2,,NH3_cracked_to_H2,0.0,7008.0,0.0
S2040_Advanced_medium,S2040_Advanced_medium,2040,Advanced,medium,0,E0244,backbone,PLh2N,DEh2,,LOHC_to_H2,0.0,7008.0,0.0
S2040_Advanced_medium,S2040_Advanced_medium,2040,Advanced,medium,0,E0246,backbone,PLh2nbc,DEh2,,NH3_cracked_to_H2,0.0,73000.0,0.0
S2040_Advanced_medium,S2040_Advanced_medium,2040,Advanced,medium,0,E0246,backbone,PLh2nbc,DEh2,,LOHC_to_H2,0.0,73000.0,0.0
S2040_Advanced_medium,S2040_Advanced_medium,2040,Advanced,medium,0,E0248,backbone,PLh2nbc,LTh2,,NH3_cracked_to_H2,0.0,36500.0,0.0
S2040_Advanced_medium,S2040_Advanced_medium,2040,Advanced,medium,0,E0248,backbone,PLh2nbc,LTh2,,LOHC_to_H2,0.0,36500.0,0.0
S2040_Advanced_medium,S2040_Advanced_medium,2040,Advanced,medium,0,E0252,backbone,PLh2N,PLh2S,,NH3_cracked_to_H2,7008.0,36500.0,19.2
S2040_Advanced_medium,S2040_Advanced_medium,2040,Advanced,medium,0,E0252,backbone,PLh2N,PLh2S,,LOHC_to_H2,-0.0,36500.0,-0.0
S2040_Advanced_medium,S2040_Advanced_medium,2040,Advanced,medium,0,E0254,backbone,PLh2nbc,PLh2N,,NH3_cracked_to_H2,0.0,54750.0,0.0
S2040_Advanced_medium,S2040_Advanced_medium,2040,Advanced,medium,0,E0254,backbone,PLh2nbc,PLh2N,,LOHC_to_H2,0.0,54750.0,0.0
S2040_Advanced_medium,S2040_Advanced_medium,2040,Advanced,medium,0,E0260,backbone,PLh2S,PLh2nbc,,NH3_cracked_to_H2,0.0,18250.0,0.0
S2040_Advanced_medium,S2040_Advanced_medium,2040,Advanced,medium,0,E0260,backbone,PLh2S,PLh2nbc,,LOHC_to_H2,0.0,18250.0,0.0
S2040_Advanced_medium,S2040_Advanced_medium,2040,Advanced,medium,0,E0268,backbone,PTh2,ESh2,,NH3_cracked_to_H2,-0.0,29565.0,-0.0
S2040_Advanced_medium,S2040_Advanced_medium,2040,Advanced,medium,0,E0268,backbone,PTh2,ESh2,,LOHC_to_H2,-0.0,29565.0,-0.0
S2040_Advanced_medium,S2040_Advanced_medium,2040,Advanced,medium,0,E0272,backbone,ROh2,HUh2,,NH3_cracked_to_H2,0.0,36500.0,0.0
S2040_Advanced_medium,S2040_Advanced_medium,2040,Advanced,medium,0,E0272,backbone,ROh2,HUh2,,LOHC_to_H2,0.0,36500.0,0.0
S2040_Advanced_medium,S2040_Advanced_medium,2040,Advanced,medium,0,E0286,backbone,IB-SKh2W,ATh2,,NH3_cracked_to_H2,0.0,52560.0,0.0
S2040_Advanced_medium,S2040_Advanced_medium,2040,Advanced,medium,0,E0286,backbone,IB-SKh2W,ATh2,,LOHC_to_H2,0.0,52560.0,0.0
S2040_Advanced_medium,S2040_Advanced_medium,2040,Advanced,medium,0,E0288,backbone,IB-SKh2W,CZh2,,NH3_cracked_to_H2,0.0,52560.0,0.0
S2040_Advanced_medium,S2040_Advanced_medium,2040,Advanced,medium,0,E0288,backbone,IB-SKh2W,CZh2,,LOHC_to_H2,0.0,52560.0,0.0
S2040_Advanced_medium,S2040_Advanced_medium,2040,Advanced,medium,0,E0290,backbone,IB-SKh2C,HUh2,,NH3_cracked_to_H2,-0.0,36500.0,-0.0
S2040_Advanced_medium,S2040_Advanced_medium,2040,Advanced,medium,0,E0290,backbone,IB-SKh2C,HUh2,,LOHC_to_H2,-0.0,36500.0,-0.0
S2040_Advanced_medium,S2040_Advanced_medium,2040,Advanced,medium,0,E0294,backbone,IB-SKh2C,SKh2E,,NH3_cracked_to_H2,-0.0,105120.0,-0.0
S2040_Advanced_medium,S2040_Advanced_medium,2040,Advanced,medium,0,E0294,backbone,IB-SKh2C,SKh2E,,LOHC_to_H2,-0.0,105120.0,-0.0
S2040_Advanced_medium,S2040_Advanced_medium,2040,Advanced,medium,0,E0296,backbone,IB-SKh2C,SKh2W,,NH3_cracked_to_H2,0.0,105120.0,0.0
S2040_Advanced_medium,S2040_Advanced_medium,2040,Advanced,medium,0,E0296,backbone,IB-SKh2C,SKh2W,,LOHC_to_H2,0.0,105120.0,0.0
S2040_Advanced_medium,S2040_Advanced_medium,2040,Advanced,medium,0,E0298,backbone,IB-SKh2E,SKh2E,,NH3_cracked_to_H2,-0.0,105120.0,-0.0
S2040_Advanced_medium,S2040_Advanced_medium,2040,Advanced,medium,0,E0298,backbone,IB-SKh2E,SKh2E,,LOHC_to_H2,-0.0,105120.0,-0.0
S2040_Advanced_medium,S2040_Advanced_medium,2040,Advanced,medium,0,E0300,backbone,IB-SKh2W,SKh2W,,NH3_cracked_to_H2,0.0,105120.0,0.0
S2040_Advanced_medium,S2040_Advanced_medium,2040,Advanced,medium,0,E0300,backbone,IB-SKh2W,SKh2W,,LOHC_to_H2,0.0,105120.0,0.0
S2040_Advanced_medium,S2040_Advanced_medium,2040,Advanced,medium,0,E0302,backbone,SKh2E,IB-SKh2C,,NH3_cracked_to_H2,0.0,105120.0,0.0
S2040_Advanced_medium,S2040_Advanced_medium,2040,Advanced,medium,0,E0302,backbone,SKh2E,IB-SKh2C,,LOHC_to_H2,0.0,105120.0,0.0
S2040_Advanced_medium,S2040_Advanced_medium,2040,Advanced,medium,0,E0304,backbone,SKh2E,IB-SKh2E,,NH3_cracked_to_H2,0.0,105120.0,0.0
S2040_Advanced_medium,S2040_Advanced_medium,2040,Advanced,medium,0,E0304,backbone,SKh2E,IB-SKh2E,,LOHC_to_H2,0.0,105120.0,0.0
S2040_Advanced_medium,S2040_Advanced_medium,2040,Advanced,medium,0,E0306,backbone,SKh2W,IB-SKh2C,,NH3_cracked_to_H2,-0.0,105120.0,-0.0
S2040_Advanced_medium,S2040_Advanced_medium,2040,Advanced,medium,0,E0306,backbone,SKh2W,IB-SKh2C,,LOHC_to_H2,-0.0,105120.0,-0.0
S2040_Advanced_medium,S2040_Advanced_medium,2040,Advanced,medium,0,E0308,backbone,SKh2W,IB-SKh2W,,NH3_cracked_to_H2,-0.0,105120.0,-0.0
S2040_Advanced_medium,S2040_Advanced_medium,2040,Advanced,medium,0,E0308,backbone,SKh2W,IB-SKh2W,,LOHC_to_H2,-0.0,105120.0,-0.0
S2040_Advanced_medium,S2040_Advanced_medium,2040,Advanced,medium,0,E0320,backbone,ESh2,FRh2S,,NH3_cracked_to_H2,0.0,78840.0,0.0
S2040_Advanced_medium,S2040_Advanced_medium,2040,Advanced,medium,0,E0320,backbone,ESh2,FRh2S,,LOHC_to_H2,0.0,78840.0,0.0
S2040_Advanced_medium,S2040_Advanced_medium,2040,Advanced,medium,0,E0326,backbone,ESh2,PTh2,,NH3_cracked_to_H2,0.0,29565.0,0.0
S2040_Advanced_medium,S2040_Advanced_medium,2040,Advanced,medium,0,E0326,backbone,ESh2,PTh2,,LOHC_to_H2,0.0,29565.0,0.0
S2040_Advanced_medium,S2040_Advanced_medium,2040,Advanced,medium,0,E0328,backbone,SEh2,FIh2Al,,NH3_cracked_to_H2,-0.0,183960.0,-0.0
S2040_Advanced_medium,S2040_Advanced_medium,2040,Advanced,medium,0,E0328,backbone,SEh2,FIh2Al,,LOHC_to_H2,-0.0,183960.0,-0.0
S2040_Advanced_medium,S2040_Advanced_medium,2040,Advanced,medium,0,E0330,backbone,SEh2,FIh2N,,NH3_cracked_to_H2,0.0,59130.0,0.0
S2040_Advanced_medium,S2040_Advanced_medium,2040,Advanced,medium,0,E0330,backbone,SEh2,FIh2N,,LOHC_to_H2,0.0,59130.0,0.0
S2040_Advanced_medium,S2040_Advanced_medium,2040,Advanced,medium,0,E0346,backbone,UAh2,IB-SKh2E,,NH3_cracked_to_H2,-0.0,52560.0,-0.0
S2040_Advanced_medium,S2040_Advanced_medium,2040,Advanced,medium,0,E0346,backbone,UAh2,IB-SKh2E,,LOHC_to_H2,-0.0,52560.0,-0.0
S2040_Advanced_high,S2040_Advanced_high,2040,Advanced,high,0,E0004,backbone,DZh2,ITh2,,NH3_cracked_to_H2,-0.0,163520.0,-0.0
S2040_Advanced_high,S2040_Advanced_high,2040,Advanced,high,0,E0004,backbone,DZh2,ITh2,,LOHC_to_H2,-0.0,163520.0,-0.0
S2040_Advanced_high,S2040_Advanced_high,2040,Advanced,high,0,E0006,backbone,ATh2,DEh2,,NH3_cracked_to_H2,0.0,54750.0,0.0
S2040_Advanced_high,S2040_Advanced_high,2040,Advanced,high,0,E0006,backbone,ATh2,DEh2,,LOHC_to_H2,0.0,54750.0,0.0
S2040_Advanced_high,S2040_Advanced_high,2040,Advanced,high,0,E0010,backbone,ATh2,IB-ITh2,,NH3_cracked_to_H2,36486.7744272495,45990.0,79.33632186833985
S2040_Advanced_high,S2040_Advanced_high,2040,Advanced,high,0,E0010,backbone,ATh2,IB-ITh2,,LOHC_to_H2,-0.0,45990.0,-0.0
S2040_Advanced_high,S2040_Advanced_high,2040,Advanced,high,0,E0012,backbone,ATh2,IB-SKh2W,,NH3_cracked_to_H2,-0.0,52560.0,-0.0
S2040_Advanced_high,S2040_Advanced_high,2040,Advanced,high,0,E0012,backbone,ATh2,IB-SKh2W,,LOHC_to_H2,-0.0,52560.0,-0.0
S2040_Advanced_high,S2040_Advanced_high,2040,Advanced,high,0,E0020,terminal_backbone,LH2_Tk_BE,BEh2,LH2_Tk_BE|BEh2,NH3_cracked_to_H2,70664.0,70664.0,100.0
S2040_Advanced_high,S2040_Advanced_high,2040,Advanced,high,0,E0022,backbone,BEh2,FRh2,,NH3_cracked_to_H2,13140.0,13140.0,100.0
S2040_Advanced_high,S2040_Advanced_high,2040,Advanced,high,0,E0022,backbone,BEh2,FRh2,,LOHC_to_H2,0.0,13140.0,0.0
S2040_Advanced_high,S2040_Advanced_high,2040,Advanced,high,0,E0024,backbone,BEh2,FRh2N,,NH3_cracked_to_H2,15489.393821221764,17520.0,88.40978208459912
S2040_Advanced_high,S2040_Advanced_high,2040,Advanced,high,0,E0024,backbone,BEh2,FRh2N,,LOHC_to_H2,-0.0,17520.0,-0.0
S2040_Advanced_high,S2040_Advanced_high,2040,Advanced,high,0,E0026,backbone,BEH2Mo,FRh2Va,,NH3_cracked_to_H2,-0.0,8760.0,-0.0
S2040_Advanced_high,S2040_Advanced_high,2040,Advanced,high,0,E0026,backbone,BEH2Mo,FRh2Va,,LOHC_to_H2,-0.0,8760.0,-0.0
S2040_Advanced_high,S2040_Advanced_high,2040,Advanced,high,0,E0028,backbone,BEh2,DEh2,,NH3_cracked_to_H2,33288.0,33288.0,100.0
S2040_Advanced_high,S2040_Advanced_high,2040,Advanced,high,0,E0028,backbone,BEh2,DEh2,,LOHC_to_H2,0.0,33288.0,0.0
S2040_Advanced_high,S2040_Advanced_high,2040,Advanced,high,0,E0032,backbone,BEh2,NLh2,,NH3_cracked_to_H2,8746.606178778236,43800.0,19.96942049949369
S2040_Advanced_high,S2040_Advanced_high,2040,Advanced,high,0,E0032,backbone,BEh2,NLh2,,LOHC_to_H2,0.0,43800.0,0.0
S2040_Advanced_high,S2040_Advanced_high,2040,Advanced,high,0,E0036,backbone,BAh2,HRh2,,NH3_cracked_to_H2,-0.0,41975.0,-0.0
S2040_Advanced_high,S2040_Advanced_high,2040,Advanced,high,0,E0036,backbone,BAh2,HRh2,,LOHC_to_H2,-0.0,41975.0,-0.0
S2040_Advanced_high,S2040_Advanced_high,2040,Advanced,high,0,E0038,backbone,BGh2,GRh2,,NH3_cracked_to_H2,-0.0,29200.0,-0.0
S2040_Advanced_high,S2040_Advanced_high,2040,Advanced,high,0,E0038,backbone,BGh2,GRh2,,LOHC_to_H2,-0.0,29200.0,-0.0
S2040_Advanced_high,S2040_Advanced_high,2040,Advanced,high,0,E0046,backbone,HRh2,BAh2,,NH3_cracked_to_H2,0.0,41975.0,0.0
S2040_Advanced_high,S2040_Advanced_high,2040,Advanced,high,0,E0046,backbone,HRh2,BAh2,,LOHC_to_H2,0.0,41975.0,0.0
S2040_Advanced_high,S2040_Advanced_high,2040,Advanced,high,0,E0058,backbone,CZh2,DEh2,,NH3_cracked_to_H2,-0.0,105120.0,-0.0
S2040_Advanced_high,S2040_Advanced_high,2040,Advanced,high,0,E0058,backbone,CZh2,DEh2,,LOHC_to_H2,-0.0,105120.0,-0.0
S2040_Advanced_high,S2040_Advanced_high,2040,Advanced,high,0,E0064,backbone,DKh2,DEh2,,NH3_cracked_to_H2,-0.0,37668.0,-0.0
S2040_Advanced_high,S2040_Advanced_high,2040,Advanced,high,0,E0064,backbone,DKh2,DEh2,,LOHC_to_H2,-0.0,37668.0,-0.0
S2040_Advanced_high,S2040_Advanced_high,2040,Advanced,high,0,E0070,backbone,EEh2,FIh2S,,NH3_cracked_to_H2,0.0,36500.0,0.0
S2040_Advanced_high,S2040_Advanced_high,2040,Advanced,high,0,E0070,backbone,EEh2,FIh2S,,LOHC_to_H2,0.0,36500.0,0.0
S2040_Advanced_high,S2040_Advanced_high,2040,Advanced,high,0,E0072,backbone,EEh2,LVh2,,NH3_cracked_to_H2,-0.0,73000.0,-0.0
S2040_Advanced_high,S2040_Advanced_high,2040,Advanced,high,0,E0072,backbone,EEh2,LVh2,,LOHC_to_H2,-0.0,73000.0,-0.0
S2040_Advanced_high,S2040_Advanced_high,2040,Advanced,high,0,E0074,backbone,FIh2S,EEh2,,NH3_cracked_to_H2,-0.0,73000.0,-0.0
S2040_Advanced_high,S2040_Advanced_high,2040,Advanced,high,0,E0074,backbone,FIh2S,EEh2,,LOHC_to_H2,-0.0,73000.0,-0.0
S2040_Advanced_high,S2040_Advanced_high,2040,Advanced,high,0,E0076,backbone,FIh2,FIh2Al,,NH3_cracked_to_H2,-0.0,183960.0,-0.0
S2040_Advanced_high,S2040_Advanced_high,2040,Advanced,high,0,E0076,backbone,FIh2,FIh2Al,,LOHC_to_H2,-0.0,183960.0,-0.0
S2040_Advanced_high,S2040_Advanced_high,2040,Advanced,high,0,E0078,backbone,FIh2,FIh2N,,NH3_cracked_to_H2,0.0,3649635.0,0.0
S2040_Advanced_high,S2040_Advanced_high,2040,Advanced,high,0,E0078,backbone,FIh2,FIh2N,,LOHC_to_H2,0.0,3649635.0,0.0
S2040_Advanced_high,S2040_Advanced_high,2040,Advanced,high,0,E0080,backbone,FIh2,FIh2S,,NH3_cracked_to_H2,0.0,3649635.0,0.0
S2040_Advanced_high,S2040_Advanced_high,2040,Advanced,high,0,E0080,backbone,FIh2,FIh2S,,LOHC_to_H2,0.0,3649635.0,0.0
S2040_Advanced_high,S2040_Advanced_high,2040,Advanced,high,0,E0082,backbone,FIh2Al,FIh2,,NH3_cracked_to_H2,0.0,183960.0,0.0
S2040_Advanced_high,S2040_Advanced_high,2040,Advanced,high,0,E0082,backbone,FIh2Al,FIh2,,LOHC_to_H2,0.0,183960.0,0.0
S2040_Advanced_high,S2040_Advanced_high,2040,Advanced,high,0,E0084,backbone,FIh2N,FIh2,,NH3_cracked_to_H2,-0.0,3649635.0,-0.0
S2040_Advanced_high,S2040_Advanced_high,2040,Advanced,high,0,E0084,backbone,FIh2N,FIh2,,LOHC_to_H2,-0.0,3649635.0,-0.0
S2040_Advanced_high,S2040_Advanced_high,2040,Advanced,high,0,E0086,backbone,FIh2S,FIh2,,NH3_cracked_to_H2,0.0,3649635.0,0.0
S2040_Advanced_high,S2040_Advanced_high,2040,Advanced,high,0,E0086,backbone,FIh2S,FIh2,,LOHC_to_H2,0.0,3649635.0,0.0
S2040_Advanced_high,S2040_Advanced_high,2040,Advanced,high,0,E0088,backbone,FIh2Al,DEh2,,NH3_cracked_to_H2,-0.0,95630.0,-0.0
S2040_Advanced_high,S2040_Advanced_high,2040,Advanced,high,0,E0088,backbone,FIh2Al,DEh2,,LOHC_to_H2,-0.0,95630.0,-0.0
S2040_Advanced_high,S2040_Advanced_high,2040,Advanced,high,0,E0092,backbone,FIh2Al,SEh2,,NH3_cracked_to_H2,0.0,183960.0,0.0
S2040_Advanced_high,S2040_Advanced_high,2040,Advanced,high,0,E0092,backbone,FIh2Al,SEh2,,LOHC_to_H2,0.0,183960.0,0.0
S2040_Advanced_high,S2040_Advanced_high,2040,Advanced,high,0,E0094,backbone,FIh2N,SEh2,,NH3_cracked_to_H2,0.0,59130.0,0.0
S2040_Advanced_high,S2040_Advanced_high,2040,Advanced,high,0,E0094,backbone,FIh2N,SEh2,,LOHC_to_H2,0.0,59130.0,0.0
S2040_Advanced_high,S2040_Advanced_high,2040,Advanced,high,0,E0096,backbone,FRh2,BEh2,,NH3_cracked_to_H2,0.0,13140.0,0.0
S2040_Advanced_high,S2040_Advanced_high,2040,Advanced,high,0,E0096,backbone,FRh2,BEh2,,LOHC_to_H2,0.0,13140.0,0.0
S2040_Advanced_high,S2040_Advanced_high,2040,Advanced,high,0,E0098,backbone,FRh2N,BEh2,,NH3_cracked_to_H2,0.0,17520.0,0.0
S2040_Advanced_high,S2040_Advanced_high,2040,Advanced,high,0,E0098,backbone,FRh2N,BEh2,,LOHC_to_H2,0.0,17520.0,0.0
S2040_Advanced_high,S2040_Advanced_high,2040,Advanced,high,0,E0100,backbone,FRh2Va,BEH2Mo,,NH3_cracked_to_H2,0.0,8760.0,0.0
S2040_Advanced_high,S2040_Advanced_high,2040,Advanced,high,0,E0100,backbone,FRh2Va,BEH2Mo,,LOHC_to_H2,0.0,8760.0,0.0
S2040_Advanced_high,S2040_Advanced_high,2040,Advanced,high,0,E0104,backbone,FRh2,FRh2S,,NH3_cracked_to_H2,24157.897454744536,70080.0,34.47188563747793
S2040_Advanced_high,S2040_Advanced_high,2040,Advanced,high,0,E0104,backbone,FRh2,FRh2S,,LOHC_to_H2,-0.0,70080.0,-0.0
S2040_Advanced_high,S2040_Advanced_high,2040,Advanced,high,0,E0108,backbone,FRh2,FRh2Va,,NH3_cracked_to_H2,-0.0,8760.0,-0.0
S2040_Advanced_high,S2040_Advanced_high,2040,Advanced,high,0,E0108,backbone,FRh2,FRh2Va,,LOHC_to_H2,-0.0,8760.0,-0.0
S2040_Advanced_high,S2040_Advanced_high,2040,Advanced,high,0,E0112,backbone,FRh2S,FRh2,,NH3_cracked_to_H2,0.0,70080.0,0.0
S2040_Advanced_high,S2040_Advanced_high,2040,Advanced,high,0,E0112,backbone,FRh2S,FRh2,,LOHC_to_H2,0.0,70080.0,0.0
S2040_Advanced_high,S2040_Advanced_high,2040,Advanced,high,0,E0120,backbone,FRh2Va,FRh2,,NH3_cracked_to_H2,0.0,8760.0,0.0
S2040_Advanced_high,S2040_Advanced_high,2040,Advanced,high,0,E0120,backbone,FRh2Va,FRh2,,LOHC_to_H2,0.0,8760.0,0.0
S2040_Advanced_high,S2040_Advanced_high,2040,Advanced,high,0,E0122,terminal_backbone,LH2_Tk_FRn,FRh2N,LH2_Tk_FRn|FRh2N,NH3_cracked_to_H2,17520.0,17520.0,100.0
S2040_Advanced_high,S2040_Advanced_high,2040,Advanced,high,0,E0128,backbone,FRh2,DEh2,,NH3_cracked_to_H2,0.0,76467.5,0.0
S2040_Advanced_high,S2040_Advanced_high,2040,Advanced,high,0,E0128,backbone,FRh2,DEh2,,LOHC_to_H2,0.0,76467.5,0.0
S2040_Advanced_high,S2040_Advanced_high,2040,Advanced,high,0,E0132,backbone,FRh2S,ESh2,,NH3_cracked_to_H2,24157.897454744536,78840.0,30.641676122202608
S2040_Advanced_high,S2040_Advanced_high,2040,Advanced,high,0,E0132,backbone,FRh2S,ESh2,,LOHC_to_H2,-0.0,78840.0,-0.0
S2040_Advanced_high,S2040_Advanced_high,2040,Advanced,high,0,E0138,backbone,DEh2,ATh2,,NH3_cracked_to_H2,36486.7744272495,54750.0,66.64251036940547
S2040_Advanced_high,S2040_Advanced_high,2040,Advanced,high,0,E0138,backbone,DEh2,ATh2,,LOHC_to_H2,0.0,54750.0,0.0
S2040_Advanced_high,S2040_Advanced_high,2040,Advanced,high,0,E0140,backbone,DEh2,BEh2,,NH3_cracked_to_H2,0.0,33288.0,0.0
S2040_Advanced_high,S2040_Advanced_high,2040,Advanced,high,0,E0140,backbone,DEh2,BEh2,,LOHC_to_H2,0.0,33288.0,0.0
S2040_Advanced_high,S2040_Advanced_high,2040,Advanced,high,0,E0142,backbone,DEh2,CZh2,,NH3_cracked_to_H2,0.0,105120.0,0.0
S2040_Advanced_high,S2040_Advanced_high,2040,Advanced,high,0,E0142,backbone,DEh2,CZh2,,LOHC_to_H2,0.0,105120.0,0.0
S2040_Advanced_high,S2040_Advanced_high,2040,Advanced,high,0,E0144,backbone,DEh2,DKh2,,NH3_cracked_to_H2,0.0,37668.0,0.0
S2040_Advanced_high,S2040_Advanced_high,2040,Advanced,high,0,E0144,backbone,DEh2,DKh2,,LOHC_to_H2,0.0,37668.0,0.0
S2040_Advanced_high,S2040_Advanced_high,2040,Advanced,high,0,E0146,backbone,DEh2,FRh2,,NH3_cracked_to_H2,11017.897454744536,70408.5,15.648533138391722
S2040_Advanced_high,S2040_Advanced_high,2040,Advanced,high,0,E0146,backbone,DEh2,FRh2,,LOHC_to_H2,0.0,70408.5,0.0
S2040_Advanced_high,S2040_Advanced_high,2040,Advanced,high,0,E0148,backbone,DEh2ba,DEh2,,NH3_cracked_to_H2,-0.0,15695.0,-0.0
S2040_Advanced_high,S2040_Advanced_high,2040,Advanced,high,0,E0148,backbone,DEh2ba,DEh2,,LOHC_to_H2,-0.0,15695.0,-0.0
S2040_Advanced_high,S2040_Advanced_high,2040,Advanced,high,0,E0150,backbone,DEh2bp,DEh2,,NH3_cracked_to_H2,-0.0,4745.0,-0.0
S2040_Advanced_high,S2040_Advanced_high,2040,Advanced,high,0,E0150,backbone,DEh2bp,DEh2,,LOHC_to_H2,-0.0,4745.0,-0.0
S2040_Advanced_high,S2040_Advanced_high,2040,Advanced,high,0,E0152,backbone,DEh2bp,DEh2ba,,NH3_cracked_to_H2,0.0,15695.0,0.0
S2040_Advanced_high,S2040_Advanced_high,2040,Advanced,high,0,E0152,backbone,DEh2bp,DEh2ba,,LOHC_to_H2,0.0,15695.0,0.0
S2040_Advanced_high,S2040_Advanced_high,2040,Advanced,high,0,E0154,terminal_backbone,LH2_Tk_DE,DEh2,LH2_Tk_DE|DEh2,LOHC_to_H2,58.4,19965.5,0.29250457038391225
S2040_Advanced_high,S2040_Advanced_high,2040,Advanced,high,0,E0154,terminal_backbone,LH2_Tk_DE,DEh2,LH2_Tk_DE|DEh2,NH3_cracked_to_H2,19907.1,19965.5,99.70749542961607
S2040_Advanced_high,S2040_Advanced_high,2040,Advanced,high,0,E0158,backbone,DEh2,NLh2,,NH3_cracked_to_H2,0.0,108879.5,0.0
S2040_Advanced_high,S2040_Advanced_high,2040,Advanced,high,0,E0158,backbone,DEh2,NLh2,,LOHC_to_H2,0.0,108879.5,0.0
S2040_Advanced_high,S2040_Advanced_high,2040,Advanced,high,0,E0162,backbone,DEh2,PLh2N,,NH3_cracked_to_H2,7008.0,7008.0,100.0
S2040_Advanced_high,S2040_Advanced_high,2040,Advanced,high,0,E0162,backbone,DEh2,PLh2N,,LOHC_to_H2,0.0,7008.0,0.0
S2040_Advanced_high,S2040_Advanced_high,2040,Advanced,high,0,E0164,backbone,DEh2,PLh2nbc,,NH3_cracked_to_H2,31552.954604355167,36500.0,86.44645097083607
S2040_Advanced_high,S2040_Advanced_high,2040,Advanced,high,0,E0164,backbone,DEh2,PLh2nbc,,LOHC_to_H2,58.4,36500.0,0.16
S2040_Advanced_high,S2040_Advanced_high,2040,Advanced,high,0,E0168,backbone,GRh2,BGh2,,NH3_cracked_to_H2,0.0,29200.0,0.0
S2040_Advanced_high,S2040_Advanced_high,2040,Advanced,high,0,E0168,backbone,GRh2,BGh2,,LOHC_to_H2,0.0,29200.0,0.0
S2040_Advanced_high,S2040_Advanced_high,2040,Advanced,high,0,E0180,backbone,HUh2,ROh2,,NH3_cracked_to_H2,-0.0,28032.0,-0.0
S2040_Advanced_high,S2040_Advanced_high,2040,Advanced,high,0,E0180,backbone,HUh2,ROh2,,LOHC_to_H2,-0.0,28032.0,-0.0
S2040_Advanced_high,S2040_Advanced_high,2040,Advanced,high,0,E0184,backbone,HUh2,IB-SKh2C,,NH3_cracked_to_H2,0.0,36500.0,0.0
S2040_Advanced_high,S2040_Advanced_high,2040,Advanced,high,0,E0184,backbone,HUh2,IB-SKh2C,,LOHC_to_H2,0.0,36500.0,0.0
S2040_Advanced_high,S2040_Advanced_high,2040,Advanced,high,0,E0194,backbone,IB-ITh2,ATh2,,NH3_cracked_to_H2,0.0,61320.0,0.0
S2040_Advanced_high,S2040_Advanced_high,2040,Advanced,high,0,E0194,backbone,IB-ITh2,ATh2,,LOHC_to_H2,0.0,61320.0,0.0
S2040_Advanced_high,S2040_Advanced_high,2040,Advanced,high,0,E0198,backbone,ITh2,IB-ITh2,,NH3_cracked_to_H2,-0.0,73000.0,-0.0
S2040_Advanced_high,S2040_Advanced_high,2040,Advanced,high,0,E0198,backbone,ITh2,IB-ITh2,,LOHC_to_H2,-0.0,73000.0,-0.0
S2040_Advanced_high,S2040_Advanced_high,2040,Advanced,high,0,E0208,backbone,LVh2,EEh2,,NH3_cracked_to_H2,0.0,36500.0,0.0
S2040_Advanced_high,S2040_Advanced_high,2040,Advanced,high,0,E0208,backbone,LVh2,EEh2,,LOHC_to_H2,0.0,36500.0,0.0
S2040_Advanced_high,S2040_Advanced_high,2040,Advanced,high,0,E0210,backbone,LVh2,LTh2,,NH3_cracked_to_H2,-0.0,73000.0,-0.0
S2040_Advanced_high,S2040_Advanced_high,2040,Advanced,high,0,E0210,backbone,LVh2,LTh2,,LOHC_to_H2,-0.0,73000.0,-0.0
S2040_Advanced_high,S2040_Advanced_high,2040,Advanced,high,0,E0212,backbone,LTh2,LVh2,,NH3_cracked_to_H2,0.0,36500.0,0.0
S2040_Advanced_high,S2040_Advanced_high,2040,Advanced,high,0,E0212,backbone,LTh2,LVh2,,LOHC_to_H2,0.0,36500.0,0.0
S2040_Advanced_high,S2040_Advanced_high,2040,Advanced,high,0,E0214,backbone,LTh2,PLh2nbc,,NH3_cracked_to_H2,-0.0,73000.0,-0.0
S2040_Advanced_high,S2040_Advanced_high,2040,Advanced,high,0,E0214,backbone,LTh2,PLh2nbc,,LOHC_to_H2,-0.0,73000.0,-0.0
S2040_Advanced_high,S2040_Advanced_high,2040,Advanced,high,0,E0222,backbone,MAh2,ESh2,,NH3_cracked_to_H2,-0.0,38690.0,-0.0
S2040_Advanced_high,S2040_Advanced_high,2040,Advanced,high,0,E0222,backbone,MAh2,ESh2,,LOHC_to_H2,-0.0,38690.0,-0.0
S2040_Advanced_high,S2040_Advanced_high,2040,Advanced,high,0,E0224,backbone,NLh2,BEh2,,NH3_cracked_to_H2,0.0,43800.0,0.0
S2040_Advanced_high,S2040_Advanced_high,2040,Advanced,high,0,E0224,backbone,NLh2,BEh2,,LOHC_to_H2,0.0,43800.0,0.0
S2040_Advanced_high,S2040_Advanced_high,2040,Advanced,high,0,E0226,backbone,NLh2,DEh2,,NH3_cracked_to_H2,32870.5264863492,102492.0,32.07130945473715
S2040_Advanced_high,S2040_Advanced_high,2040,Advanced,high,0,E0226,backbone,NLh2,DEh2,,LOHC_to_H2,-0.0,102492.0,-0.0
S2040_Advanced_high,S2040_Advanced_high,2040,Advanced,high,0,E0228,terminal_backbone,LH2_Tk_NL,NLh2,LH2_Tk_NL|NLh2,NH3_cracked_to_H2,81249.0,81249.0,100.0
S2040_Advanced_high,S2040_Advanced_high,2040,Advanced,high,0,E0234,backbone,Y-NOh2,DEh2,,NH3_cracked_to_H2,-0.0,157680.0,-0.0
S2040_Advanced_high,S2040_Advanced_high,2040,Advanced,high,0,E0234,backbone,Y-NOh2,DEh2,,LOHC_to_H2,-0.0,157680.0,-0.0
S2040_Advanced_high,S2040_Advanced_high,2040,Advanced,high,0,E0236,backbone,NOh2,Y-NOh2,,NH3_cracked_to_H2,-0.0,157680.0,-0.0
S2040_Advanced_high,S2040_Advanced_high,2040,Advanced,high,0,E0236,backbone,NOh2,Y-NOh2,,LOHC_to_H2,-0.0,157680.0,-0.0
S2040_Advanced_high,S2040_Advanced_high,2040,Advanced,high,0,E0244,backbone,PLh2N,DEh2,,NH3_cracked_to_H2,0.0,7008.0,0.0
S2040_Advanced_high,S2040_Advanced_high,2040,Advanced,high,0,E0244,backbone,PLh2N,DEh2,,LOHC_to_H2,0.0,7008.0,0.0
S2040_Advanced_high,S2040_Advanced_high,2040,Advanced,high,0,E0246,backbone,PLh2nbc,DEh2,,NH3_cracked_to_H2,0.0,73000.0,0.0
S2040_Advanced_high,S2040_Advanced_high,2040,Advanced,high,0,E0246,backbone,PLh2nbc,DEh2,,LOHC_to_H2,0.0,73000.0,0.0
S2040_Advanced_high,S2040_Advanced_high,2040,Advanced,high,0,E0248,backbone,PLh2nbc,LTh2,,NH3_cracked_to_H2,0.0,36500.0,0.0
S2040_Advanced_high,S2040_Advanced_high,2040,Advanced,high,0,E0248,backbone,PLh2nbc,LTh2,,LOHC_to_H2,0.0,36500.0,0.0
S2040_Advanced_high,S2040_Advanced_high,2040,Advanced,high,0,E0252,backbone,PLh2N,PLh2S,,NH3_cracked_to_H2,7008.0,36500.0,19.2
S2040_Advanced_high,S2040_Advanced_high,2040,Advanced,high,0,E0252,backbone,PLh2N,PLh2S,,LOHC_to_H2,-0.0,36500.0,-0.0
S2040_Advanced_high,S2040_Advanced_high,2040,Advanced,high,0,E0254,backbone,PLh2nbc,PLh2N,,NH3_cracked_to_H2,0.0,54750.0,0.0
S2040_Advanced_high,S2040_Advanced_high,2040,Advanced,high,0,E0254,backbone,PLh2nbc,PLh2N,,LOHC_to_H2,0.0,54750.0,0.0
S2040_Advanced_high,S2040_Advanced_high,2040,Advanced,high,0,E0260,backbone,PLh2S,PLh2nbc,,NH3_cracked_to_H2,0.0,18250.0,0.0
S2040_Advanced_high,S2040_Advanced_high,2040,Advanced,high,0,E0260,backbone,PLh2S,PLh2nbc,,LOHC_to_H2,0.0,18250.0,0.0
S2040_Advanced_high,S2040_Advanced_high,2040,Advanced,high,0,E0268,backbone,PTh2,ESh2,,NH3_cracked_to_H2,-0.0,29565.0,-0.0
S2040_Advanced_high,S2040_Advanced_high,2040,Advanced,high,0,E0268,backbone,PTh2,ESh2,,LOHC_to_H2,-0.0,29565.0,-0.0
S2040_Advanced_high,S2040_Advanced_high,2040,Advanced,high,0,E0272,backbone,ROh2,HUh2,,NH3_cracked_to_H2,0.0,36500.0,0.0
S2040_Advanced_high,S2040_Advanced_high,2040,Advanced,high,0,E0272,backbone,ROh2,HUh2,,LOHC_to_H2,0.0,36500.0,0.0
S2040_Advanced_high,S2040_Advanced_high,2040,Advanced,high,0,E0286,backbone,IB-SKh2W,ATh2,,NH3_cracked_to_H2,0.0,52560.0,0.0
S2040_Advanced_high,S2040_Advanced_high,2040,Advanced,high,0,E0286,backbone,IB-SKh2W,ATh2,,LOHC_to_H2,0.0,52560.0,0.0
S2040_Advanced_high,S2040_Advanced_high,2040,Advanced,high,0,E0288,backbone,IB-SKh2W,CZh2,,NH3_cracked_to_H2,0.0,52560.0,0.0
S2040_Advanced_high,S2040_Advanced_high,2040,Advanced,high,0,E0288,backbone,IB-SKh2W,CZh2,,LOHC_to_H2,0.0,52560.0,0.0
S2040_Advanced_high,S2040_Advanced_high,2040,Advanced,high,0,E0290,backbone,IB-SKh2C,HUh2,,NH3_cracked_to_H2,-0.0,36500.0,-0.0
S2040_Advanced_high,S2040_Advanced_high,2040,Advanced,high,0,E0290,backbone,IB-SKh2C,HUh2,,LOHC_to_H2,-0.0,36500.0,-0.0
S2040_Advanced_high,S2040_Advanced_high,2040,Advanced,high,0,E0294,backbone,IB-SKh2C,SKh2E,,NH3_cracked_to_H2,-0.0,105120.0,-0.0
S2040_Advanced_high,S2040_Advanced_high,2040,Advanced,high,0,E0294,backbone,IB-SKh2C,SKh2E,,LOHC_to_H2,-0.0,105120.0,-0.0
S2040_Advanced_high,S2040_Advanced_high,2040,Advanced,high,0,E0296,backbone,IB-SKh2C,SKh2W,,NH3_cracked_to_H2,0.0,105120.0,0.0
S2040_Advanced_high,S2040_Advanced_high,2040,Advanced,high,0,E0296,backbone,IB-SKh2C,SKh2W,,LOHC_to_H2,0.0,105120.0,0.0
S2040_Advanced_high,S2040_Advanced_high,2040,Advanced,high,0,E0298,backbone,IB-SKh2E,SKh2E,,NH3_cracked_to_H2,-0.0,105120.0,-0.0
S2040_Advanced_high,S2040_Advanced_high,2040,Advanced,high,0,E0298,backbone,IB-SKh2E,SKh2E,,LOHC_to_H2,-0.0,105120.0,-0.0
S2040_Advanced_high,S2040_Advanced_high,2040,Advanced,high,0,E0300,backbone,IB-SKh2W,SKh2W,,NH3_cracked_to_H2,0.0,105120.0,0.0
S2040_Advanced_high,S2040_Advanced_high,2040,Advanced,high,0,E0300,backbone,IB-SKh2W,SKh2W,,LOHC_to_H2,0.0,105120.0,0.0
S2040_Advanced_high,S2040_Advanced_high,2040,Advanced,high,0,E0302,backbone,SKh2E,IB-SKh2C,,NH3_cracked_to_H2,0.0,105120.0,0.0
S2040_Advanced_high,S2040_Advanced_high,2040,Advanced,high,0,E0302,backbone,SKh2E,IB-SKh2C,,LOHC_to_H2,0.0,105120.0,0.0
S2040_Advanced_high,S2040_Advanced_high,2040,Advanced,high,0,E0304,backbone,SKh2E,IB-SKh2E,,NH3_cracked_to_H2,0.0,105120.0,0.0
S2040_Advanced_high,S2040_Advanced_high,2040,Advanced,high,0,E0304,backbone,SKh2E,IB-SKh2E,,LOHC_to_H2,0.0,105120.0,0.0
S2040_Advanced_high,S2040_Advanced_high,2040,Advanced,high,0,E0306,backbone,SKh2W,IB-SKh2C,,NH3_cracked_to_H2,-0.0,105120.0,-0.0
S2040_Advanced_high,S2040_Advanced_high,2040,Advanced,high,0,E0306,backbone,SKh2W,IB-SKh2C,,LOHC_to_H2,-0.0,105120.0,-0.0
S2040_Advanced_high,S2040_Advanced_high,2040,Advanced,high,0,E0308,backbone,SKh2W,IB-SKh2W,,NH3_cracked_to_H2,-0.0,105120.0,-0.0
S2040_Advanced_high,S2040_Advanced_high,2040,Advanced,high,0,E0308,backbone,SKh2W,IB-SKh2W,,LOHC_to_H2,-0.0,105120.0,-0.0
S2040_Advanced_high,S2040_Advanced_high,2040,Advanced,high,0,E0320,backbone,ESh2,FRh2S,,NH3_cracked_to_H2,0.0,78840.0,0.0
S2040_Advanced_high,S2040_Advanced_high,2040,Advanced,high,0,E0320,backbone,ESh2,FRh2S,,LOHC_to_H2,0.0,78840.0,0.0
S2040_Advanced_high,S2040_Advanced_high,2040,Advanced,high,0,E0326,backbone,ESh2,PTh2,,NH3_cracked_to_H2,0.0,29565.0,0.0
S2040_Advanced_high,S2040_Advanced_high,2040,Advanced,high,0,E0326,backbone,ESh2,PTh2,,LOHC_to_H2,0.0,29565.0,0.0
S2040_Advanced_high,S2040_Advanced_high,2040,Advanced,high,0,E0328,backbone,SEh2,FIh2Al,,NH3_cracked_to_H2,-0.0,183960.0,-0.0
S2040_Advanced_high,S2040_Advanced_high,2040,Advanced,high,0,E0328,backbone,SEh2,FIh2Al,,LOHC_to_H2,-0.0,183960.0,-0.0
S2040_Advanced_high,S2040_Advanced_high,2040,Advanced,high,0,E0330,backbone,SEh2,FIh2N,,NH3_cracked_to_H2,0.0,59130.0,0.0
S2040_Advanced_high,S2040_Advanced_high,2040,Advanced,high,0,E0330,backbone,SEh2,FIh2N,,LOHC_to_H2,0.0,59130.0,0.0
S2040_Advanced_high,S2040_Advanced_high,2040,Advanced,high,0,E0346,backbone,UAh2,IB-SKh2E,,NH3_cracked_to_H2,-0.0,52560.0,-0.0
S2040_Advanced_high,S2040_Advanced_high,2040,Advanced,high,0,E0346,backbone,UAh2,IB-SKh2E,,LOHC_to_H2,-0.0,52560.0,-0.0
