scenario_label,scenario_id,year,level,demand_level,failure_count,edge_id,edge_type,from_node,to_node,candidate_key,carrier,flow_gwh,capacity_gwh,utilisation_pct
S2030_PCIPMI_low,S2030_PCIPMI_low,2030,PCI/PMI,low,0,E0005,backbone,ATh2,DEh2,,NH3_cracked_to_H2,0.0,54750.0,0.0
S2030_PCIPMI_low,S2030_PCIPMI_low,2030,PCI/PMI,low,0,E0005,backbone,ATh2,DEh2,,LOHC_to_H2,0.0,54750.0,0.0
S2030_PCIPMI_low,S2030_PCIPMI_low,2030,PCI/PMI,low,0,E0009,backbone,ATh2,IB-ITh2,,NH3_cracked_to_H2,12483.450177479797,45990.0,27.143836002347893
S2030_PCIPMI_low,S2030_PCIPMI_low,2030,PCI/PMI,low,0,E0009,backbone,ATh2,IB-ITh2,,LOHC_to_H2,-0.0,45990.0,-0.0
S2030_PCIPMI_low,S2030_PCIPMI_low,2030,PCI/PMI,low,0,E0019,terminal_backbone,LH2_Tk_BE,BEh2,LH2_Tk_BE|BEh2,NH3_cracked_to_H2,21644.5,21644.5,100.0
S2030_PCIPMI_low,S2030_PCIPMI_low,2030,PCI/PMI,low,0,E0025,backbone,BEH2Mo,FRh2Va,,NH3_cracked_to_H2,-0.0,8760.0,-0.0
S2030_PCIPMI_low,S2030_PCIPMI_low,2030,PCI/PMI,low,0,E0025,backbone,BEH2Mo,FRh2Va,,LOHC_to_H2,-0.0,8760.0,-0.0
S2030_PCIPMI_low,S2030_PCIPMI_low,2030,PCI/PMI,low,0,E0027,backbone,BEh2,DEh2,,NH3_cracked_to_H2,21644.5,33288.0,65.0219298245614
S2030_PCIPMI_low,S2030_PCIPMI_low,2030,PCI/PMI,low,0,E0027,backbone,BEh2,DEh2,,LOHC_to_H2,-0.0,33288.0,-0.0
S2030_PCIPMI_low,S2030_PCIPMI_low,2030,PCI/PMI,low,0,E0031,backbone,BEh2,NLh2,,NH3_cracked_to_H2,0.0,13140.0,0.0
S2030_PCIPMI_low,S2030_PCIPMI_low,2030,PCI/PMI,low,0,E0031,backbone,BEh2,NLh2,,LOHC_to_H2,0.0,13140.0,0.0
S2030_PCIPMI_low,S2030_PCIPMI_low,2030,PCI/PMI,low,0,E0037,backbone,BGh2,GRh2,,NH3_cracked_to_H2,-0.0,29200.0,-0.0
S2030_PCIPMI_low,S2030_PCIPMI_low,2030,PCI/PMI,low,0,E0037,backbone,BGh2,GRh2,,LOHC_to_H2,-0.0,29200.0,-0.0
S2030_PCIPMI_low,S2030_PCIPMI_low,2030,PCI/PMI,low,0,E0057,backbone,CZh2,DEh2,,NH3_cracked_to_H2,-0.0,105120.0,-0.0
S2030_PCIPMI_low,S2030_PCIPMI_low,2030,PCI/PMI,low,0,E0057,backbone,CZh2,DEh2,,LOHC_to_H2,-0.0,105120.0,-0.0
S2030_PCIPMI_low,S2030_PCIPMI_low,2030,PCI/PMI,low,0,E0063,backbone,DKh2,DEh2,,NH3_cracked_to_H2,-0.0,37668.0,-0.0
S2030_PCIPMI_low,S2030_PCIPMI_low,2030,PCI/PMI,low,0,E0063,backbone,DKh2,DEh2,,LOHC_to_H2,-0.0,37668.0,-0.0
S2030_PCIPMI_low,S2030_PCIPMI_low,2030,PCI/PMI,low,0,E0069,backbone,EEh2,FIh2S,,NH3_cracked_to_H2,0.0,36500.0,0.0
S2030_PCIPMI_low,S2030_PCIPMI_low,2030,PCI/PMI,low,0,E0069,backbone,EEh2,FIh2S,,LOHC_to_H2,0.0,36500.0,0.0
S2030_PCIPMI_low,S2030_PCIPMI_low,2030,PCI/PMI,low,0,E0071,backbone,EEh2,LVh2,,NH3_cracked_to_H2,-0.0,73000.0,-0.0
S2030_PCIPMI_low,S2030_PCIPMI_low,2030,PCI/PMI,low,0,E0071,backbone,EEh2,LVh2,,LOHC_to_H2,-0.0,73000.0,-0.0
S2030_PCIPMI_low,S2030_PCIPMI_low,2030,PCI/PMI,low,0,E0073,backbone,FIh2S,EEh2,,NH3_cracked_to_H2,-0.0,73000.0,-0.0
S2030_PCIPMI_low,S2030_PCIPMI_low,2030,PCI/PMI,low,0,E0073,backbone,FIh2S,EEh2,,LOHC_to_H2,0.0,73000.0,0.0
S2030_PCIPMI_low,S2030_PCIPMI_low,2030,PCI/PMI,low,0,E0075,backbone,FIh2,FIh2Al,,NH3_cracked_to_H2,-0.0,183960.0,-0.0
S2030_PCIPMI_low,S2030_PCIPMI_low,2030,PCI/PMI,low,0,E0075,backbone,FIh2,FIh2Al,,LOHC_to_H2,-0.0,183960.0,-0.0
S2030_PCIPMI_low,S2030_PCIPMI_low,2030,PCI/PMI,low,0,E0077,backbone,FIh2,FIh2N,,NH3_cracked_to_H2,0.0,3649635.0,0.0
S2030_PCIPMI_low,S2030_PCIPMI_low,2030,PCI/PMI,low,0,E0077,backbone,FIh2,FIh2N,,LOHC_to_H2,0.0,3649635.0,0.0
S2030_PCIPMI_low,S2030_PCIPMI_low,2030,PCI/PMI,low,0,E0079,backbone,FIh2,FIh2S,,NH3_cracked_to_H2,0.0,3649635.0,0.0
S2030_PCIPMI_low,S2030_PCIPMI_low,2030,PCI/PMI,low,0,E0079,backbone,FIh2,FIh2S,,LOHC_to_H2,0.0,3649635.0,0.0
S2030_PCIPMI_low,S2030_PCIPMI_low,2030,PCI/PMI,low,0,E0081,backbone,FIh2Al,FIh2,,NH3_cracked_to_H2,0.0,183960.0,0.0
S2030_PCIPMI_low,S2030_PCIPMI_low,2030,PCI/PMI,low,0,E0081,backbone,FIh2Al,FIh2,,LOHC_to_H2,0.0,183960.0,0.0
S2030_PCIPMI_low,S2030_PCIPMI_low,2030,PCI/PMI,low,0,E0083,backbone,FIh2N,FIh2,,NH3_cracked_to_H2,0.0,3649635.0,0.0
S2030_PCIPMI_low,S2030_PCIPMI_low,2030,PCI/PMI,low,0,E0083,backbone,FIh2N,FIh2,,LOHC_to_H2,0.0,3649635.0,0.0
S2030_PCIPMI_low,S2030_PCIPMI_low,2030,PCI/PMI,low,0,E0085,backbone,FIh2S,FIh2,,NH3_cracked_to_H2,0.0,3649635.0,0.0
S2030_PCIPMI_low,S2030_PCIPMI_low,2030,PCI/PMI,low,0,E0085,backbone,FIh2S,FIh2,,LOHC_to_H2,-0.0,3649635.0,-0.0
S2030_PCIPMI_low,S2030_PCIPMI_low,2030,PCI/PMI,low,0,E0087,backbone,FIh2Al,DEh2,,NH3_cracked_to_H2,-0.0,95630.0,-0.0
S2030_PCIPMI_low,S2030_PCIPMI_low,2030,PCI/PMI,low,0,E0087,backbone,FIh2Al,DEh2,,LOHC_to_H2,-0.0,95630.0,-0.0
S2030_PCIPMI_low,S2030_PCIPMI_low,2030,PCI/PMI,low,0,E0091,backbone,FIh2Al,SEh2,,NH3_cracked_to_H2,0.0,183960.0,0.0
S2030_PCIPMI_low,S2030_PCIPMI_low,2030,PCI/PMI,low,0,E0091,backbone,FIh2Al,SEh2,,LOHC_to_H2,0.0,183960.0,0.0
S2030_PCIPMI_low,S2030_PCIPMI_low,2030,PCI/PMI,low,0,E0093,backbone,FIh2N,SEh2,,NH3_cracked_to_H2,-0.0,59130.0,-0.0
S2030_PCIPMI_low,S2030_PCIPMI_low,2030,PCI/PMI,low,0,E0093,backbone,FIh2N,SEh2,,LOHC_to_H2,-0.0,59130.0,-0.0
S2030_PCIPMI_low,S2030_PCIPMI_low,2030,PCI/PMI,low,0,E0099,backbone,FRh2Va,BEH2Mo,,NH3_cracked_to_H2,0.0,8760.0,0.0
S2030_PCIPMI_low,S2030_PCIPMI_low,2030,PCI/PMI,low,0,E0099,backbone,FRh2Va,BEH2Mo,,LOHC_to_H2,0.0,8760.0,0.0
S2030_PCIPMI_low,S2030_PCIPMI_low,2030,PCI/PMI,low,0,E0103,backbone,FRh2,FRh2S,,NH3_cracked_to_H2,0.0,70080.0,0.0
S2030_PCIPMI_low,S2030_PCIPMI_low,2030,PCI/PMI,low,0,E0103,backbone,FRh2,FRh2S,,LOHC_to_H2,-0.0,70080.0,-0.0
S2030_PCIPMI_low,S2030_PCIPMI_low,2030,PCI/PMI,low,0,E0107,backbone,FRh2,FRh2Va,,NH3_cracked_to_H2,3574.9758430613365,8760.0,40.81022651896503
S2030_PCIPMI_low,S2030_PCIPMI_low,2030,PCI/PMI,low,0,E0107,backbone,FRh2,FRh2Va,,LOHC_to_H2,-0.0,8760.0,-0.0
S2030_PCIPMI_low,S2030_PCIPMI_low,2030,PCI/PMI,low,0,E0111,backbone,FRh2S,FRh2,,NH3_cracked_to_H2,0.0,70080.0,0.0
S2030_PCIPMI_low,S2030_PCIPMI_low,2030,PCI/PMI,low,0,E0111,backbone,FRh2S,FRh2,,LOHC_to_H2,0.0,70080.0,0.0
S2030_PCIPMI_low,S2030_PCIPMI_low,2030,PCI/PMI,low,0,E0119,backbone,FRh2Va,FRh2,,NH3_cracked_to_H2,0.0,8760.0,0.0
S2030_PCIPMI_low,S2030_PCIPMI_low,2030,PCI/PMI,low,0,E0119,backbone,FRh2Va,FRh2,,LOHC_to_H2,0.0,8760.0,0.0
S2030_PCIPMI_low,S2030_PCIPMI_low,2030,PCI/PMI,low,0,E0127,backbone,FRh2,DEh2,,NH3_cracked_to_H2,0.0,76467.5,0.0
S2030_PCIPMI_low,S2030_PCIPMI_low,2030,PCI/PMI,low,0,E0127,backbone,FRh2,DEh2,,LOHC_to_H2,0.0,76467.5,0.0
S2030_PCIPMI_low,S2030_PCIPMI_low,2030,PCI/PMI,low,0,E0131,backbone,FRh2S,ESh2,,NH3_cracked_to_H2,-0.0,78840.0,-0.0
S2030_PCIPMI_low,S2030_PCIPMI_low,2030,PCI/PMI,low,0,E0131,backbone,FRh2S,ESh2,,LOHC_to_H2,-0.0,78840.0,-0.0
S2030_PCIPMI_low,S2030_PCIPMI_low,2030,PCI/PMI,low,0,E0137,backbone,DEh2,ATh2,,NH3_cracked_to_H2,12483.450177479797,54750.0,22.80082224197223
S2030_PCIPMI_low,S2030_PCIPMI_low,2030,PCI/PMI,low,0,E0137,backbone,DEh2,ATh2,,LOHC_to_H2,0.0,54750.0,0.0
S2030_PCIPMI_low,S2030_PCIPMI_low,2030,PCI/PMI,low,0,E0139,backbone,DEh2,BEh2,,NH3_cracked_to_H2,0.0,33288.0,0.0
S2030_PCIPMI_low,S2030_PCIPMI_low,2030,PCI/PMI,low,0,E0139,backbone,DEh2,BEh2,,LOHC_to_H2,0.0,33288.0,0.0
S2030_PCIPMI_low,S2030_PCIPMI_low,2030,PCI/PMI,low,0,E0141,backbone,DEh2,CZh2,,NH3_cracked_to_H2,0.0,105120.0,0.0
S2030_PCIPMI_low,S2030_PCIPMI_low,2030,PCI/PMI,low,0,E0141,backbone,DEh2,CZh2,,LOHC_to_H2,0.0,105120.0,0.0
S2030_PCIPMI_low,S2030_PCIPMI_low,2030,PCI/PMI,low,0,E0143,backbone,DEh2,DKh2,,NH3_cracked_to_H2,0.0,37668.0,0.0
S2030_PCIPMI_low,S2030_PCIPMI_low,2030,PCI/PMI,low,0,E0143,backbone,DEh2,DKh2,,LOHC_to_H2,0.0,37668.0,0.0
S2030_PCIPMI_low,S2030_PCIPMI_low,2030,PCI/PMI,low,0,E0145,backbone,DEh2,FRh2,,NH3_cracked_to_H2,13061.701865204966,70408.5,18.551313925456395
S2030_PCIPMI_low,S2030_PCIPMI_low,2030,PCI/PMI,low,0,E0145,backbone,DEh2,FRh2,,LOHC_to_H2,0.0,70408.5,0.0
S2030_PCIPMI_low,S2030_PCIPMI_low,2030,PCI/PMI,low,0,E0153,terminal_backbone,LH2_Tk_DE,DEh2,LH2_Tk_DE|DEh2,LOHC_to_H2,58.4,11388.0,0.5128205128205128
S2030_PCIPMI_low,S2030_PCIPMI_low,2030,PCI/PMI,low,0,E0153,terminal_backbone,LH2_Tk_DE,DEh2,LH2_Tk_DE|DEh2,NH3_cracked_to_H2,11329.6,11388.0,99.48717948717949
S2030_PCIPMI_low,S2030_PCIPMI_low,2030,PCI/PMI,low,0,E0155,terminal_backbone,LH2_Tk_DEbp,DEh2bp,LH2_Tk_DEbp|DEh2bp,LOHC_to_H2,0.0,4745.0,0.0
S2030_PCIPMI_low,S2030_PCIPMI_low,2030,PCI/PMI,low,0,E0155,terminal_backbone,LH2_Tk_DEbp,DEh2bp,LH2_Tk_DEbp|DEh2bp,NH3_cracked_to_H2,0.0,4745.0,0.0
S2030_PCIPMI_low,S2030_PCIPMI_low,2030,PCI/PMI,low,0,E0157,backbone,DEh2,NLh2,,NH3_cracked_to_H2,0.0,63072.00000000001,0.0
S2030_PCIPMI_low,S2030_PCIPMI_low,2030,PCI/PMI,low,0,E0157,backbone,DEh2,NLh2,,LOHC_to_H2,0.0,63072.00000000001,0.0
S2030_PCIPMI_low,S2030_PCIPMI_low,2030,PCI/PMI,low,0,E0163,backbone,DEh2,PLh2nbc,,NH3_cracked_to_H2,13355.98670136209,36500.0,36.591744387293396
S2030_PCIPMI_low,S2030_PCIPMI_low,2030,PCI/PMI,low,0,E0163,backbone,DEh2,PLh2nbc,,LOHC_to_H2,58.4,36500.0,0.16
S2030_PCIPMI_low,S2030_PCIPMI_low,2030,PCI/PMI,low,0,E0167,backbone,GRh2,BGh2,,NH3_cracked_to_H2,0.0,29200.0,0.0
S2030_PCIPMI_low,S2030_PCIPMI_low,2030,PCI/PMI,low,0,E0167,backbone,GRh2,BGh2,,LOHC_to_H2,0.0,29200.0,0.0
S2030_PCIPMI_low,S2030_PCIPMI_low,2030,PCI/PMI,low,0,E0193,backbone,IB-ITh2,ATh2,,NH3_cracked_to_H2,0.0,61320.0,0.0
S2030_PCIPMI_low,S2030_PCIPMI_low,2030,PCI/PMI,low,0,E0193,backbone,IB-ITh2,ATh2,,LOHC_to_H2,0.0,61320.0,0.0
S2030_PCIPMI_low,S2030_PCIPMI_low,2030,PCI/PMI,low,0,E0197,backbone,ITh2,IB-ITh2,,NH3_cracked_to_H2,-0.0,73000.0,-0.0
S2030_PCIPMI_low,S2030_PCIPMI_low,2030,PCI/PMI,low,0,E0197,backbone,ITh2,IB-ITh2,,LOHC_to_H2,-0.0,73000.0,-0.0
S2030_PCIPMI_low,S2030_PCIPMI_low,2030,PCI/PMI,low,0,E0207,backbone,LVh2,EEh2,,NH3_cracked_to_H2,0.0,36500.0,0.0
S2030_PCIPMI_low,S2030_PCIPMI_low,2030,PCI/PMI,low,0,E0207,backbone,LVh2,EEh2,,LOHC_to_H2,0.0,36500.0,0.0
S2030_PCIPMI_low,S2030_PCIPMI_low,2030,PCI/PMI,low,0,E0209,backbone,LVh2,LTh2,,NH3_cracked_to_H2,-0.0,73000.0,-0.0
S2030_PCIPMI_low,S2030_PCIPMI_low,2030,PCI/PMI,low,0,E0209,backbone,LVh2,LTh2,,LOHC_to_H2,-0.0,73000.0,-0.0
S2030_PCIPMI_low,S2030_PCIPMI_low,2030,PCI/PMI,low,0,E0211,backbone,LTh2,LVh2,,NH3_cracked_to_H2,0.0,36500.0,0.0
S2030_PCIPMI_low,S2030_PCIPMI_low,2030,PCI/PMI,low,0,E0211,backbone,LTh2,LVh2,,LOHC_to_H2,0.0,36500.0,0.0
S2030_PCIPMI_low,S2030_PCIPMI_low,2030,PCI/PMI,low,0,E0213,backbone,LTh2,PLh2nbc,,NH3_cracked_to_H2,-0.0,73000.0,-0.0
S2030_PCIPMI_low,S2030_PCIPMI_low,2030,PCI/PMI,low,0,E0213,backbone,LTh2,PLh2nbc,,LOHC_to_H2,-0.0,73000.0,-0.0
S2030_PCIPMI_low,S2030_PCIPMI_low,2030,PCI/PMI,low,0,E0223,backbone,NLh2,BEh2,,NH3_cracked_to_H2,0.0,13140.0,0.0
S2030_PCIPMI_low,S2030_PCIPMI_low,2030,PCI/PMI,low,0,E0223,backbone,NLh2,BEh2,,LOHC_to_H2,0.0,13140.0,0.0
S2030_PCIPMI_low,S2030_PCIPMI_low,2030,PCI/PMI,low,0,E0225,backbone,NLh2,DEh2,,NH3_cracked_to_H2,5927.038744046853,74460.0,7.960030545322124
S2030_PCIPMI_low,S2030_PCIPMI_low,2030,PCI/PMI,low,0,E0225,backbone,NLh2,DEh2,,LOHC_to_H2,-0.0,74460.0,-0.0
S2030_PCIPMI_low,S2030_PCIPMI_low,2030,PCI/PMI,low,0,E0227,terminal_backbone,LH2_Tk_NL,NLh2,LH2_Tk_NL|NLh2,NH3_cracked_to_H2,33142.0,33142.0,100.0
S2030_PCIPMI_low,S2030_PCIPMI_low,2030,PCI/PMI,low,0,E0245,backbone,PLh2nbc,DEh2,,NH3_cracked_to_H2,0.0,73000.0,0.0
S2030_PCIPMI_low,S2030_PCIPMI_low,2030,PCI/PMI,low,0,E0245,backbone,PLh2nbc,DEh2,,LOHC_to_H2,0.0,73000.0,0.0
S2030_PCIPMI_low,S2030_PCIPMI_low,2030,PCI/PMI,low,0,E0247,backbone,PLh2nbc,LTh2,,NH3_cracked_to_H2,0.0,36500.0,0.0
S2030_PCIPMI_low,S2030_PCIPMI_low,2030,PCI/PMI,low,0,E0247,backbone,PLh2nbc,LTh2,,LOHC_to_H2,0.0,36500.0,0.0
S2030_PCIPMI_low,S2030_PCIPMI_low,2030,PCI/PMI,low,0,E0253,backbone,PLh2nbc,PLh2N,,NH3_cracked_to_H2,6808.05548061695,36500.0,18.652206796210823
S2030_PCIPMI_low,S2030_PCIPMI_low,2030,PCI/PMI,low,0,E0253,backbone,PLh2nbc,PLh2N,,LOHC_to_H2,-0.0,36500.0,-0.0
S2030_PCIPMI_low,S2030_PCIPMI_low,2030,PCI/PMI,low,0,E0267,backbone,PTh2,ESh2,,NH3_cracked_to_H2,-0.0,29565.0,-0.0
S2030_PCIPMI_low,S2030_PCIPMI_low,2030,PCI/PMI,low,0,E0267,backbone,PTh2,ESh2,,LOHC_to_H2,-0.0,29565.0,-0.0
S2030_PCIPMI_low,S2030_PCIPMI_low,2030,PCI/PMI,low,0,E0319,backbone,ESh2,FRh2S,,NH3_cracked_to_H2,0.0,78840.0,0.0
S2030_PCIPMI_low,S2030_PCIPMI_low,2030,PCI/PMI,low,0,E0319,backbone,ESh2,FRh2S,,LOHC_to_H2,0.0,78840.0,0.0
S2030_PCIPMI_low,S2030_PCIPMI_low,2030,PCI/PMI,low,0,E0325,backbone,ESh2,PTh2,,NH3_cracked_to_H2,0.0,29565.0,0.0
S2030_PCIPMI_low,S2030_PCIPMI_low,2030,PCI/PMI,low,0,E0325,backbone,ESh2,PTh2,,LOHC_to_H2,0.0,29565.0,0.0
S2030_PCIPMI_low,S2030_PCIPMI_low,2030,PCI/PMI,low,0,E0327,backbone,SEh2,FIh2Al,,NH3_cracked_to_H2,-0.0,183960.0,-0.0
S2030_PCIPMI_low,S2030_PCIPMI_low,2030,PCI/PMI,low,0,E0327,backbone,SEh2,FIh2Al,,LOHC_to_H2,-0.0,183960.0,-0.0
S2030_PCIPMI_low,S2030_PCIPMI_low,2030,PCI/PMI,low,0,E0329,backbone,SEh2,FIh2N,,NH3_cracked_to_H2,0.0,59130.0,0.0
S2030_PCIPMI_low,S2030_PCIPMI_low,2030,PCI/PMI,low,0,E0329,backbone,SEh2,FIh2N,,LOHC_to_H2,0.0,59130.0,0.0
S2030_PCIPMI_medium,S2030_PCIPMI_medium,2030,PCI/PMI,medium,0,E0005,backbone,ATh2,DEh2,,NH3_cracked_to_H2,0.0,54750.0,0.0
S2030_PCIPMI_medium,S2030_PCIPMI_medium,2030,PCI/PMI,medium,0,E0005,backbone,ATh2,DEh2,,LOHC_to_H2,0.0,54750.0,0.0
S2030_PCIPMI_medium,S2030_PCIPMI_medium,2030,PCI/PMI,medium,0,E0009,backbone,ATh2,IB-ITh2,,NH3_cracked_to_H2,13872.63747991482,45990.0,30.164465057436008
S2030_PCIPMI_medium,S2030_PCIPMI_medium,2030,PCI/PMI,medium,0,E0009,backbone,ATh2,IB-ITh2,,LOHC_to_H2,-0.0,45990.0,-0.0
S2030_PCIPMI_medium,S2030_PCIPMI_medium,2030,PCI/PMI,medium,0,E0019,terminal_backbone,LH2_Tk_BE,BEh2,LH2_Tk_BE|BEh2,NH3_cracked_to_H2,21644.5,21644.5,100.0
S2030_PCIPMI_medium,S2030_PCIPMI_medium,2030,PCI/PMI,medium,0,E0025,backbone,BEH2Mo,FRh2Va,,NH3_cracked_to_H2,-0.0,8760.0,-0.0
S2030_PCIPMI_medium,S2030_PCIPMI_medium,2030,PCI/PMI,medium,0,E0025,backbone,BEH2Mo,FRh2Va,,LOHC_to_H2,-0.0,8760.0,-0.0
S2030_PCIPMI_medium,S2030_PCIPMI_medium,2030,PCI/PMI,medium,0,E0027,backbone,BEh2,DEh2,,NH3_cracked_to_H2,21644.5,33288.0,65.0219298245614
S2030_PCIPMI_medium,S2030_PCIPMI_medium,2030,PCI/PMI,medium,0,E0027,backbone,BEh2,DEh2,,LOHC_to_H2,-0.0,33288.0,-0.0
S2030_PCIPMI_medium,S2030_PCIPMI_medium,2030,PCI/PMI,medium,0,E0031,backbone,BEh2,NLh2,,NH3_cracked_to_H2,0.0,13140.0,0.0
S2030_PCIPMI_medium,S2030_PCIPMI_medium,2030,PCI/PMI,medium,0,E0031,backbone,BEh2,NLh2,,LOHC_to_H2,0.0,13140.0,0.0
S2030_PCIPMI_medium,S2030_PCIPMI_medium,2030,PCI/PMI,medium,0,E0037,backbone,BGh2,GRh2,,NH3_cracked_to_H2,-0.0,29200.0,-0.0
S2030_PCIPMI_medium,S2030_PCIPMI_medium,2030,PCI/PMI,medium,0,E0037,backbone,BGh2,GRh2,,LOHC_to_H2,-0.0,29200.0,-0.0
S2030_PCIPMI_medium,S2030_PCIPMI_medium,2030,PCI/PMI,medium,0,E0057,backbone,CZh2,DEh2,,NH3_cracked_to_H2,-0.0,105120.0,-0.0
S2030_PCIPMI_medium,S2030_PCIPMI_medium,2030,PCI/PMI,medium,0,E0057,backbone,CZh2,DEh2,,LOHC_to_H2,-0.0,105120.0,-0.0
S2030_PCIPMI_medium,S2030_PCIPMI_medium,2030,PCI/PMI,medium,0,E0063,backbone,DKh2,DEh2,,NH3_cracked_to_H2,-0.0,37668.0,-0.0
S2030_PCIPMI_medium,S2030_PCIPMI_medium,2030,PCI/PMI,medium,0,E0063,backbone,DKh2,DEh2,,LOHC_to_H2,-0.0,37668.0,-0.0
S2030_PCIPMI_medium,S2030_PCIPMI_medium,2030,PCI/PMI,medium,0,E0069,backbone,EEh2,FIh2S,,NH3_cracked_to_H2,0.0,36500.0,0.0
S2030_PCIPMI_medium,S2030_PCIPMI_medium,2030,PCI/PMI,medium,0,E0069,backbone,EEh2,FIh2S,,LOHC_to_H2,0.0,36500.0,0.0
S2030_PCIPMI_medium,S2030_PCIPMI_medium,2030,PCI/PMI,medium,0,E0071,backbone,EEh2,LVh2,,NH3_cracked_to_H2,-0.0,73000.0,-0.0
S2030_PCIPMI_medium,S2030_PCIPMI_medium,2030,PCI/PMI,medium,0,E0071,backbone,EEh2,LVh2,,LOHC_to_H2,-0.0,73000.0,-0.0
S2030_PCIPMI_medium,S2030_PCIPMI_medium,2030,PCI/PMI,medium,0,E0073,backbone,FIh2S,EEh2,,NH3_cracked_to_H2,0.0,73000.0,0.0
S2030_PCIPMI_medium,S2030_PCIPMI_medium,2030,PCI/PMI,medium,0,E0073,backbone,FIh2S,EEh2,,LOHC_to_H2,0.0,73000.0,0.0
S2030_PCIPMI_medium,S2030_PCIPMI_medium,2030,PCI/PMI,medium,0,E0075,backbone,FIh2,FIh2Al,,NH3_cracked_to_H2,-0.0,183960.0,-0.0
S2030_PCIPMI_medium,S2030_PCIPMI_medium,2030,PCI/PMI,medium,0,E0075,backbone,FIh2,FIh2Al,,LOHC_to_H2,-0.0,183960.0,-0.0
S2030_PCIPMI_medium,S2030_PCIPMI_medium,2030,PCI/PMI,medium,0,E0077,backbone,FIh2,FIh2N,,NH3_cracked_to_H2,0.0,3649635.0,0.0
S2030_PCIPMI_medium,S2030_PCIPMI_medium,2030,PCI/PMI,medium,0,E0077,backbone,FIh2,FIh2N,,LOHC_to_H2,0.0,3649635.0,0.0
S2030_PCIPMI_medium,S2030_PCIPMI_medium,2030,PCI/PMI,medium,0,E0079,backbone,FIh2,FIh2S,,NH3_cracked_to_H2,0.0,3649635.0,0.0
S2030_PCIPMI_medium,S2030_PCIPMI_medium,2030,PCI/PMI,medium,0,E0079,backbone,FIh2,FIh2S,,LOHC_to_H2,0.0,3649635.0,0.0
S2030_PCIPMI_medium,S2030_PCIPMI_medium,2030,PCI/PMI,medium,0,E0081,backbone,FIh2Al,FIh2,,NH3_cracked_to_H2,0.0,183960.0,0.0
S2030_PCIPMI_medium,S2030_PCIPMI_medium,2030,PCI/PMI,medium,0,E0081,backbone,FIh2Al,FIh2,,LOHC_to_H2,0.0,183960.0,0.0
S2030_PCIPMI_medium,S2030_PCIPMI_medium,2030,PCI/PMI,medium,0,E0083,backbone,FIh2N,FIh2,,NH3_cracked_to_H2,0.0,3649635.0,0.0
S2030_PCIPMI_medium,S2030_PCIPMI_medium,2030,PCI/PMI,medium,0,E0083,backbone,FIh2N,FIh2,,LOHC_to_H2,0.0,3649635.0,0.0
S2030_PCIPMI_medium,S2030_PCIPMI_medium,2030,PCI/PMI,medium,0,E0085,backbone,FIh2S,FIh2,,NH3_cracked_to_H2,-0.0,3649635.0,-0.0
S2030_PCIPMI_medium,S2030_PCIPMI_medium,2030,PCI/PMI,medium,0,E0085,backbone,FIh2S,FIh2,,LOHC_to_H2,-0.0,3649635.0,-0.0
S2030_PCIPMI_medium,S2030_PCIPMI_medium,2030,PCI/PMI,medium,0,E0087,backbone,FIh2Al,DEh2,,NH3_cracked_to_H2,-0.0,95630.0,-0.0
S2030_PCIPMI_medium,S2030_PCIPMI_medium,2030,PCI/PMI,medium,0,E0087,backbone,FIh2Al,DEh2,,LOHC_to_H2,-0.0,95630.0,-0.0
S2030_PCIPMI_medium,S2030_PCIPMI_medium,2030,PCI/PMI,medium,0,E0091,backbone,FIh2Al,SEh2,,NH3_cracked_to_H2,0.0,183960.0,0.0
S2030_PCIPMI_medium,S2030_PCIPMI_medium,2030,PCI/PMI,medium,0,E0091,backbone,FIh2Al,SEh2,,LOHC_to_H2,0.0,183960.0,0.0
S2030_PCIPMI_medium,S2030_PCIPMI_medium,2030,PCI/PMI,medium,0,E0093,backbone,FIh2N,SEh2,,NH3_cracked_to_H2,-0.0,59130.0,-0.0
S2030_PCIPMI_medium,S2030_PCIPMI_medium,2030,PCI/PMI,medium,0,E0093,backbone,FIh2N,SEh2,,LOHC_to_H2,-0.0,59130.0,-0.0
S2030_PCIPMI_medium,S2030_PCIPMI_medium,2030,PCI/PMI,medium,0,E0099,backbone,FRh2Va,BEH2Mo,,NH3_cracked_to_H2,0.0,8760.0,0.0
S2030_PCIPMI_medium,S2030_PCIPMI_medium,2030,PCI/PMI,medium,0,E0099,backbone,FRh2Va,BEH2Mo,,LOHC_to_H2,0.0,8760.0,0.0
S2030_PCIPMI_medium,S2030_PCIPMI_medium,2030,PCI/PMI,medium,0,E0103,backbone,FRh2,FRh2S,,NH3_cracked_to_H2,0.0,70080.0,0.0
S2030_PCIPMI_medium,S2030_PCIPMI_medium,2030,PCI/PMI,medium,0,E0103,backbone,FRh2,FRh2S,,LOHC_to_H2,0.0,70080.0,0.0
S2030_PCIPMI_medium,S2030_PCIPMI_medium,2030,PCI/PMI,medium,0,E0107,backbone,FRh2,FRh2Va,,NH3_cracked_to_H2,5262.52515979918,8760.0,60.07448812556141
S2030_PCIPMI_medium,S2030_PCIPMI_medium,2030,PCI/PMI,medium,0,E0107,backbone,FRh2,FRh2Va,,LOHC_to_H2,-0.0,8760.0,-0.0
S2030_PCIPMI_medium,S2030_PCIPMI_medium,2030,PCI/PMI,medium,0,E0111,backbone,FRh2S,FRh2,,NH3_cracked_to_H2,0.0,70080.0,0.0
S2030_PCIPMI_medium,S2030_PCIPMI_medium,2030,PCI/PMI,medium,0,E0111,backbone,FRh2S,FRh2,,LOHC_to_H2,0.0,70080.0,0.0
S2030_PCIPMI_medium,S2030_PCIPMI_medium,2030,PCI/PMI,medium,0,E0119,backbone,FRh2Va,FRh2,,NH3_cracked_to_H2,0.0,8760.0,0.0
S2030_PCIPMI_medium,S2030_PCIPMI_medium,2030,PCI/PMI,medium,0,E0119,backbone,FRh2Va,FRh2,,LOHC_to_H2,0.0,8760.0,0.0
S2030_PCIPMI_medium,S2030_PCIPMI_medium,2030,PCI/PMI,medium,0,E0127,backbone,FRh2,DEh2,,NH3_cracked_to_H2,0.0,76467.5,0.0
S2030_PCIPMI_medium,S2030_PCIPMI_medium,2030,PCI/PMI,medium,0,E0127,backbone,FRh2,DEh2,,LOHC_to_H2,0.0,76467.5,0.0
S2030_PCIPMI_medium,S2030_PCIPMI_medium,2030,PCI/PMI,medium,0,E0131,backbone,FRh2S,ESh2,,NH3_cracked_to_H2,-0.0,78840.0,-0.0
S2030_PCIPMI_medium,S2030_PCIPMI_medium,2030,PCI/PMI,medium,0,E0131,backbone,FRh2S,ESh2,,LOHC_to_H2,-0.0,78840.0,-0.0
S2030_PCIPMI_medium,S2030_PCIPMI_medium,2030,PCI/PMI,medium,0,E0137,backbone,DEh2,ATh2,,NH3_cracked_to_H2,13872.63747991482,54750.0,25.33815064824625
S2030_PCIPMI_medium,S2030_PCIPMI_medium,2030,PCI/PMI,medium,0,E0137,backbone,DEh2,ATh2,,LOHC_to_H2,0.0,54750.0,0.0
S2030_PCIPMI_medium,S2030_PCIPMI_medium,2030,PCI/PMI,medium,0,E0139,backbone,DEh2,BEh2,,NH3_cracked_to_H2,0.0,33288.0,0.0
S2030_PCIPMI_medium,S2030_PCIPMI_medium,2030,PCI/PMI,medium,0,E0139,backbone,DEh2,BEh2,,LOHC_to_H2,0.0,33288.0,0.0
S2030_PCIPMI_medium,S2030_PCIPMI_medium,2030,PCI/PMI,medium,0,E0141,backbone,DEh2,CZh2,,NH3_cracked_to_H2,0.0,105120.0,0.0
S2030_PCIPMI_medium,S2030_PCIPMI_medium,2030,PCI/PMI,medium,0,E0141,backbone,DEh2,CZh2,,LOHC_to_H2,0.0,105120.0,0.0
S2030_PCIPMI_medium,S2030_PCIPMI_medium,2030,PCI/PMI,medium,0,E0143,backbone,DEh2,DKh2,,NH3_cracked_to_H2,0.0,37668.0,0.0
S2030_PCIPMI_medium,S2030_PCIPMI_medium,2030,PCI/PMI,medium,0,E0143,backbone,DEh2,DKh2,,LOHC_to_H2,0.0,37668.0,0.0
S2030_PCIPMI_medium,S2030_PCIPMI_medium,2030,PCI/PMI,medium,0,E0145,backbone,DEh2,FRh2,,NH3_cracked_to_H2,13245.547532021312,70408.5,18.81242681213392
S2030_PCIPMI_medium,S2030_PCIPMI_medium,2030,PCI/PMI,medium,0,E0145,backbone,DEh2,FRh2,,LOHC_to_H2,0.0,70408.5,0.0
S2030_PCIPMI_medium,S2030_PCIPMI_medium,2030,PCI/PMI,medium,0,E0153,terminal_backbone,LH2_Tk_DE,DEh2,LH2_Tk_DE|DEh2,LOHC_to_H2,58.4,11388.0,0.5128205128205128
S2030_PCIPMI_medium,S2030_PCIPMI_medium,2030,PCI/PMI,medium,0,E0153,terminal_backbone,LH2_Tk_DE,DEh2,LH2_Tk_DE|DEh2,NH3_cracked_to_H2,11329.6,11388.0,99.48717948717949
S2030_PCIPMI_medium,S2030_PCIPMI_medium,2030,PCI/PMI,medium,0,E0155,terminal_backbone,LH2_Tk_DEbp,DEh2bp,LH2_Tk_DEbp|DEh2bp,LOHC_to_H2,0.0,4745.0,0.0
S2030_PCIPMI_medium,S2030_PCIPMI_medium,2030,PCI/PMI,medium,0,E0155,terminal_backbone,LH2_Tk_DEbp,DEh2bp,LH2_Tk_DEbp|DEh2bp,NH3_cracked_to_H2,0.0,4745.0,0.0
S2030_PCIPMI_medium,S2030_PCIPMI_medium,2030,PCI/PMI,medium,0,E0157,backbone,DEh2,NLh2,,NH3_cracked_to_H2,0.0,63072.00000000001,0.0
S2030_PCIPMI_medium,S2030_PCIPMI_medium,2030,PCI/PMI,medium,0,E0157,backbone,DEh2,NLh2,,LOHC_to_H2,0.0,63072.00000000001,0.0
S2030_PCIPMI_medium,S2030_PCIPMI_medium,2030,PCI/PMI,medium,0,E0163,backbone,DEh2,PLh2nbc,,NH3_cracked_to_H2,9115.676386438445,36500.0,24.974455853256014
S2030_PCIPMI_medium,S2030_PCIPMI_medium,2030,PCI/PMI,medium,0,E0163,backbone,DEh2,PLh2nbc,,LOHC_to_H2,58.4,36500.0,0.16
S2030_PCIPMI_medium,S2030_PCIPMI_medium,2030,PCI/PMI,medium,0,E0167,backbone,GRh2,BGh2,,NH3_cracked_to_H2,0.0,29200.0,0.0
S2030_PCIPMI_medium,S2030_PCIPMI_medium,2030,PCI/PMI,medium,0,E0167,backbone,GRh2,BGh2,,LOHC_to_H2,0.0,29200.0,0.0
S2030_PCIPMI_medium,S2030_PCIPMI_medium,2030,PCI/PMI,medium,0,E0193,backbone,IB-ITh2,ATh2,,NH3_cracked_to_H2,0.0,61320.0,0.0
S2030_PCIPMI_medium,S2030_PCIPMI_medium,2030,PCI/PMI,medium,0,E0193,backbone,IB-ITh2,ATh2,,LOHC_to_H2,0.0,61320.0,0.0
S2030_PCIPMI_medium,S2030_PCIPMI_medium,2030,PCI/PMI,medium,0,E0197,backbone,ITh2,IB-ITh2,,NH3_cracked_to_H2,-0.0,73000.0,-0.0
S2030_PCIPMI_medium,S2030_PCIPMI_medium,2030,PCI/PMI,medium,0,E0197,backbone,ITh2,IB-ITh2,,LOHC_to_H2,-0.0,73000.0,-0.0
S2030_PCIPMI_medium,S2030_PCIPMI_medium,2030,PCI/PMI,medium,0,E0207,backbone,LVh2,EEh2,,NH3_cracked_to_H2,0.0,36500.0,0.0
S2030_PCIPMI_medium,S2030_PCIPMI_medium,2030,PCI/PMI,medium,0,E0207,backbone,LVh2,EEh2,,LOHC_to_H2,0.0,36500.0,0.0
S2030_PCIPMI_medium,S2030_PCIPMI_medium,2030,PCI/PMI,medium,0,E0209,backbone,LVh2,LTh2,,NH3_cracked_to_H2,-0.0,73000.0,-0.0
S2030_PCIPMI_medium,S2030_PCIPMI_medium,2030,PCI/PMI,medium,0,E0209,backbone,LVh2,LTh2,,LOHC_to_H2,-0.0,73000.0,-0.0
S2030_PCIPMI_medium,S2030_PCIPMI_medium,2030,PCI/PMI,medium,0,E0211,backbone,LTh2,LVh2,,NH3_cracked_to_H2,0.0,36500.0,0.0
S2030_PCIPMI_medium,S2030_PCIPMI_medium,2030,PCI/PMI,medium,0,E0211,backbone,LTh2,LVh2,,LOHC_to_H2,0.0,36500.0,0.0
S2030_PCIPMI_medium,S2030_PCIPMI_medium,2030,PCI/PMI,medium,0,E0213,backbone,LTh2,PLh2nbc,,NH3_cracked_to_H2,-0.0,73000.0,-0.0
S2030_PCIPMI_medium,S2030_PCIPMI_medium,2030,PCI/PMI,medium,0,E0213,backbone,LTh2,PLh2nbc,,LOHC_to_H2,-0.0,73000.0,-0.0
S2030_PCIPMI_medium,S2030_PCIPMI_medium,2030,PCI/PMI,medium,0,E0223,backbone,NLh2,BEh2,,NH3_cracked_to_H2,0.0,13140.0,0.0
S2030_PCIPMI_medium,S2030_PCIPMI_medium,2030,PCI/PMI,medium,0,E0223,backbone,NLh2,BEh2,,LOHC_to_H2,0.0,13140.0,0.0
S2030_PCIPMI_medium,S2030_PCIPMI_medium,2030,PCI/PMI,medium,0,E0225,backbone,NLh2,DEh2,,NH3_cracked_to_H2,3259.7613983745723,74460.0,4.3778691893292665
S2030_PCIPMI_medium,S2030_PCIPMI_medium,2030,PCI/PMI,medium,0,E0225,backbone,NLh2,DEh2,,LOHC_to_H2,-0.0,74460.0,-0.0
S2030_PCIPMI_medium,S2030_PCIPMI_medium,2030,PCI/PMI,medium,0,E0227,terminal_backbone,LH2_Tk_NL,NLh2,LH2_Tk_NL|NLh2,NH3_cracked_to_H2,33142.0,33142.0,100.0
S2030_PCIPMI_medium,S2030_PCIPMI_medium,2030,PCI/PMI,medium,0,E0245,backbone,PLh2nbc,DEh2,,NH3_cracked_to_H2,0.0,73000.0,0.0
S2030_PCIPMI_medium,S2030_PCIPMI_medium,2030,PCI/PMI,medium,0,E0245,backbone,PLh2nbc,DEh2,,LOHC_to_H2,0.0,73000.0,0.0
S2030_PCIPMI_medium,S2030_PCIPMI_medium,2030,PCI/PMI,medium,0,E0247,backbone,PLh2nbc,LTh2,,NH3_cracked_to_H2,0.0,36500.0,0.0
S2030_PCIPMI_medium,S2030_PCIPMI_medium,2030,PCI/PMI,medium,0,E0247,backbone,PLh2nbc,LTh2,,LOHC_to_H2,0.0,36500.0,0.0
S2030_PCIPMI_medium,S2030_PCIPMI_medium,2030,PCI/PMI,medium,0,E0253,backbone,PLh2nbc,PLh2N,,NH3_cracked_to_H2,7763.337094417706,36500.0,21.26941669703481
S2030_PCIPMI_medium,S2030_PCIPMI_medium,2030,PCI/PMI,medium,0,E0253,backbone,PLh2nbc,PLh2N,,LOHC_to_H2,58.4,36500.0,0.16
S2030_PCIPMI_medium,S2030_PCIPMI_medium,2030,PCI/PMI,medium,0,E0267,backbone,PTh2,ESh2,,NH3_cracked_to_H2,-0.0,29565.0,-0.0
S2030_PCIPMI_medium,S2030_PCIPMI_medium,2030,PCI/PMI,medium,0,E0267,backbone,PTh2,ESh2,,LOHC_to_H2,-0.0,29565.0,-0.0
S2030_PCIPMI_medium,S2030_PCIPMI_medium,2030,PCI/PMI,medium,0,E0319,backbone,ESh2,FRh2S,,NH3_cracked_to_H2,0.0,78840.0,0.0
S2030_PCIPMI_medium,S2030_PCIPMI_medium,2030,PCI/PMI,medium,0,E0319,backbone,ESh2,FRh2S,,LOHC_to_H2,0.0,78840.0,0.0
S2030_PCIPMI_medium,S2030_PCIPMI_medium,2030,PCI/PMI,medium,0,E0325,backbone,ESh2,PTh2,,NH3_cracked_to_H2,0.0,29565.0,0.0
S2030_PCIPMI_medium,S2030_PCIPMI_medium,2030,PCI/PMI,medium,0,E0325,backbone,ESh2,PTh2,,LOHC_to_H2,0.0,29565.0,0.0
S2030_PCIPMI_medium,S2030_PCIPMI_medium,2030,PCI/PMI,medium,0,E0327,backbone,SEh2,FIh2Al,,NH3_cracked_to_H2,-0.0,183960.0,-0.0
S2030_PCIPMI_medium,S2030_PCIPMI_medium,2030,PCI/PMI,medium,0,E0327,backbone,SEh2,FIh2Al,,LOHC_to_H2,-0.0,183960.0,-0.0
S2030_PCIPMI_medium,S2030_PCIPMI_medium,2030,PCI/PMI,medium,0,E0329,backbone,SEh2,FIh2N,,NH3_cracked_to_H2,0.0,59130.0,0.0
S2030_PCIPMI_medium,S2030_PCIPMI_medium,2030,PCI/PMI,medium,0,E0329,backbone,SEh2,FIh2N,,LOHC_to_H2,0.0,59130.0,0.0
S2030_PCIPMI_high,S2030_PCIPMI_high,2030,PCI/PMI,high,0,E0005,backbone,ATh2,DEh2,,NH3_cracked_to_H2,0.0,54750.0,0.0
S2030_PCIPMI_high,S2030_PCIPMI_high,2030,PCI/PMI,high,0,E0005,backbone,ATh2,DEh2,,LOHC_to_H2,0.0,54750.0,0.0
S2030_PCIPMI_high,S2030_PCIPMI_high,2030,PCI/PMI,high,0,E0009,backbone,ATh2,IB-ITh2,,NH3_cracked_to_H2,3164.226687320564,45990.0,6.880249374473937
S2030_PCIPMI_high,S2030_PCIPMI_high,2030,PCI/PMI,high,0,E0009,backbone,ATh2,IB-ITh2,,LOHC_to_H2,58.4,45990.0,0.12698412698412698
S2030_PCIPMI_high,S2030_PCIPMI_high,2030,PCI/PMI,high,0,E0019,terminal_backbone,LH2_Tk_BE,BEh2,LH2_Tk_BE|BEh2,NH3_cracked_to_H2,21644.5,21644.5,100.0
S2030_PCIPMI_high,S2030_PCIPMI_high,2030,PCI/PMI,high,0,E0025,backbone,BEH2Mo,FRh2Va,,NH3_cracked_to_H2,-0.0,8760.0,-0.0
S2030_PCIPMI_high,S2030_PCIPMI_high,2030,PCI/PMI,high,0,E0025,backbone,BEH2Mo,FRh2Va,,LOHC_to_H2,-0.0,8760.0,-0.0
S2030_PCIPMI_high,S2030_PCIPMI_high,2030,PCI/PMI,high,0,E0027,backbone,BEh2,DEh2,,NH3_cracked_to_H2,14317.472325415427,33288.0,43.01091181631647
S2030_PCIPMI_high,S2030_PCIPMI_high,2030,PCI/PMI,high,0,E0027,backbone,BEh2,DEh2,,LOHC_to_H2,-0.0,33288.0,-0.0
S2030_PCIPMI_high,S2030_PCIPMI_high,2030,PCI/PMI,high,0,E0031,backbone,BEh2,NLh2,,NH3_cracked_to_H2,7327.027674584572,13140.0,55.76124562088716
S2030_PCIPMI_high,S2030_PCIPMI_high,2030,PCI/PMI,high,0,E0031,backbone,BEh2,NLh2,,LOHC_to_H2,0.0,13140.0,0.0
S2030_PCIPMI_high,S2030_PCIPMI_high,2030,PCI/PMI,high,0,E0037,backbone,BGh2,GRh2,,NH3_cracked_to_H2,-0.0,29200.0,-0.0
S2030_PCIPMI_high,S2030_PCIPMI_high,2030,PCI/PMI,high,0,E0037,backbone,BGh2,GRh2,,LOHC_to_H2,-0.0,29200.0,-0.0
S2030_PCIPMI_high,S2030_PCIPMI_high,2030,PCI/PMI,high,0,E0057,backbone,CZh2,DEh2,,NH3_cracked_to_H2,-0.0,105120.0,-0.0
S2030_PCIPMI_high,S2030_PCIPMI_high,2030,PCI/PMI,high,0,E0057,backbone,CZh2,DEh2,,LOHC_to_H2,-0.0,105120.0,-0.0
S2030_PCIPMI_high,S2030_PCIPMI_high,2030,PCI/PMI,high,0,E0063,backbone,DKh2,DEh2,,NH3_cracked_to_H2,-0.0,37668.0,-0.0
S2030_PCIPMI_high,S2030_PCIPMI_high,2030,PCI/PMI,high,0,E0063,backbone,DKh2,DEh2,,LOHC_to_H2,-0.0,37668.0,-0.0
S2030_PCIPMI_high,S2030_PCIPMI_high,2030,PCI/PMI,high,0,E0069,backbone,EEh2,FIh2S,,NH3_cracked_to_H2,0.0,36500.0,0.0
S2030_PCIPMI_high,S2030_PCIPMI_high,2030,PCI/PMI,high,0,E0069,backbone,EEh2,FIh2S,,LOHC_to_H2,0.0,36500.0,0.0
S2030_PCIPMI_high,S2030_PCIPMI_high,2030,PCI/PMI,high,0,E0071,backbone,EEh2,LVh2,,NH3_cracked_to_H2,-0.0,73000.0,-0.0
S2030_PCIPMI_high,S2030_PCIPMI_high,2030,PCI/PMI,high,0,E0071,backbone,EEh2,LVh2,,LOHC_to_H2,-0.0,73000.0,-0.0
S2030_PCIPMI_high,S2030_PCIPMI_high,2030,PCI/PMI,high,0,E0073,backbone,FIh2S,EEh2,,NH3_cracked_to_H2,0.0,73000.0,0.0
S2030_PCIPMI_high,S2030_PCIPMI_high,2030,PCI/PMI,high,0,E0073,backbone,FIh2S,EEh2,,LOHC_to_H2,0.0,73000.0,0.0
S2030_PCIPMI_high,S2030_PCIPMI_high,2030,PCI/PMI,high,0,E0075,backbone,FIh2,FIh2Al,,NH3_cracked_to_H2,-0.0,183960.0,-0.0
S2030_PCIPMI_high,S2030_PCIPMI_high,2030,PCI/PMI,high,0,E0075,backbone,FIh2,FIh2Al,,LOHC_to_H2,-0.0,183960.0,-0.0
S2030_PCIPMI_high,S2030_PCIPMI_high,2030,PCI/PMI,high,0,E0077,backbone,FIh2,FIh2N,,NH3_cracked_to_H2,0.0,3649635.0,0.0
S2030_PCIPMI_high,S2030_PCIPMI_high,2030,PCI/PMI,high,0,E0077,backbone,FIh2,FIh2N,,LOHC_to_H2,0.0,3649635.0,0.0
S2030_PCIPMI_high,S2030_PCIPMI_high,2030,PCI/PMI,high,0,E0079,backbone,FIh2,FIh2S,,NH3_cracked_to_H2,0.0,3649635.0,0.0
S2030_PCIPMI_high,S2030_PCIPMI_high,2030,PCI/PMI,high,0,E0079,backbone,FIh2,FIh2S,,LOHC_to_H2,0.0,3649635.0,0.0
S2030_PCIPMI_high,S2030_PCIPMI_high,2030,PCI/PMI,high,0,E0081,backbone,FIh2Al,FIh2,,NH3_cracked_to_H2,0.0,183960.0,0.0
S2030_PCIPMI_high,S2030_PCIPMI_high,2030,PCI/PMI,high,0,E0081,backbone,FIh2Al,FIh2,,LOHC_to_H2,0.0,183960.0,0.0
S2030_PCIPMI_high,S2030_PCIPMI_high,2030,PCI/PMI,high,0,E0083,backbone,FIh2N,FIh2,,NH3_cracked_to_H2,-0.0,3649635.0,-0.0
S2030_PCIPMI_high,S2030_PCIPMI_high,2030,PCI/PMI,high,0,E0083,backbone,FIh2N,FIh2,,LOHC_to_H2,-0.0,3649635.0,-0.0
S2030_PCIPMI_high,S2030_PCIPMI_high,2030,PCI/PMI,high,0,E0085,backbone,FIh2S,FIh2,,NH3_cracked_to_H2,-0.0,3649635.0,-0.0
S2030_PCIPMI_high,S2030_PCIPMI_high,2030,PCI/PMI,high,0,E0085,backbone,FIh2S,FIh2,,LOHC_to_H2,-0.0,3649635.0,-0.0
S2030_PCIPMI_high,S2030_PCIPMI_high,2030,PCI/PMI,high,0,E0087,backbone,FIh2Al,DEh2,,NH3_cracked_to_H2,-0.0,95630.0,-0.0
S2030_PCIPMI_high,S2030_PCIPMI_high,2030,PCI/PMI,high,0,E0087,backbone,FIh2Al,DEh2,,LOHC_to_H2,-0.0,95630.0,-0.0
S2030_PCIPMI_high,S2030_PCIPMI_high,2030,PCI/PMI,high,0,E0091,backbone,FIh2Al,SEh2,,NH3_cracked_to_H2,0.0,183960.0,0.0
S2030_PCIPMI_high,S2030_PCIPMI_high,2030,PCI/PMI,high,0,E0091,backbone,FIh2Al,SEh2,,LOHC_to_H2,0.0,183960.0,0.0
S2030_PCIPMI_high,S2030_PCIPMI_high,2030,PCI/PMI,high,0,E0093,backbone,FIh2N,SEh2,,NH3_cracked_to_H2,0.0,59130.0,0.0
S2030_PCIPMI_high,S2030_PCIPMI_high,2030,PCI/PMI,high,0,E0093,backbone,FIh2N,SEh2,,LOHC_to_H2,0.0,59130.0,0.0
S2030_PCIPMI_high,S2030_PCIPMI_high,2030,PCI/PMI,high,0,E0099,backbone,FRh2Va,BEH2Mo,,NH3_cracked_to_H2,0.0,8760.0,0.0
S2030_PCIPMI_high,S2030_PCIPMI_high,2030,PCI/PMI,high,0,E0099,backbone,FRh2Va,BEH2Mo,,LOHC_to_H2,0.0,8760.0,0.0
S2030_PCIPMI_high,S2030_PCIPMI_high,2030,PCI/PMI,high,0,E0103,backbone,FRh2,FRh2S,,NH3_cracked_to_H2,0.0,70080.0,0.0
S2030_PCIPMI_high,S2030_PCIPMI_high,2030,PCI/PMI,high,0,E0103,backbone,FRh2,FRh2S,,LOHC_to_H2,0.0,70080.0,0.0
S2030_PCIPMI_high,S2030_PCIPMI_high,2030,PCI/PMI,high,0,E0107,backbone,FRh2,FRh2Va,,NH3_cracked_to_H2,7786.42045647558,8760.0,88.88607827026918
S2030_PCIPMI_high,S2030_PCIPMI_high,2030,PCI/PMI,high,0,E0107,backbone,FRh2,FRh2Va,,LOHC_to_H2,-0.0,8760.0,-0.0
S2030_PCIPMI_high,S2030_PCIPMI_high,2030,PCI/PMI,high,0,E0111,backbone,FRh2S,FRh2,,NH3_cracked_to_H2,0.0,70080.0,0.0
S2030_PCIPMI_high,S2030_PCIPMI_high,2030,PCI/PMI,high,0,E0111,backbone,FRh2S,FRh2,,LOHC_to_H2,0.0,70080.0,0.0
S2030_PCIPMI_high,S2030_PCIPMI_high,2030,PCI/PMI,high,0,E0119,backbone,FRh2Va,FRh2,,NH3_cracked_to_H2,0.0,8760.0,0.0
S2030_PCIPMI_high,S2030_PCIPMI_high,2030,PCI/PMI,high,0,E0119,backbone,FRh2Va,FRh2,,LOHC_to_H2,0.0,8760.0,0.0
S2030_PCIPMI_high,S2030_PCIPMI_high,2030,PCI/PMI,high,0,E0127,backbone,FRh2,DEh2,,NH3_cracked_to_H2,0.0,76467.5,0.0
S2030_PCIPMI_high,S2030_PCIPMI_high,2030,PCI/PMI,high,0,E0127,backbone,FRh2,DEh2,,LOHC_to_H2,0.0,76467.5,0.0
S2030_PCIPMI_high,S2030_PCIPMI_high,2030,PCI/PMI,high,0,E0131,backbone,FRh2S,ESh2,,NH3_cracked_to_H2,-0.0,78840.0,-0.0
S2030_PCIPMI_high,S2030_PCIPMI_high,2030,PCI/PMI,high,0,E0131,backbone,FRh2S,ESh2,,LOHC_to_H2,-0.0,78840.0,-0.0
S2030_PCIPMI_high,S2030_PCIPMI_high,2030,PCI/PMI,high,0,E0137,backbone,DEh2,ATh2,,NH3_cracked_to_H2,3164.226687320564,54750.0,5.779409474558108
S2030_PCIPMI_high,S2030_PCIPMI_high,2030,PCI/PMI,high,0,E0137,backbone,DEh2,ATh2,,LOHC_to_H2,58.4,54750.0,0.10666666666666667
S2030_PCIPMI_high,S2030_PCIPMI_high,2030,PCI/PMI,high,0,E0139,backbone,DEh2,BEh2,,NH3_cracked_to_H2,0.0,33288.0,0.0
S2030_PCIPMI_high,S2030_PCIPMI_high,2030,PCI/PMI,high,0,E0139,backbone,DEh2,BEh2,,LOHC_to_H2,0.0,33288.0,0.0
S2030_PCIPMI_high,S2030_PCIPMI_high,2030,PCI/PMI,high,0,E0141,backbone,DEh2,CZh2,,NH3_cracked_to_H2,0.0,105120.0,0.0
S2030_PCIPMI_high,S2030_PCIPMI_high,2030,PCI/PMI,high,0,E0141,backbone,DEh2,CZh2,,LOHC_to_H2,0.0,105120.0,0.0
S2030_PCIPMI_high,S2030_PCIPMI_high,2030,PCI/PMI,high,0,E0143,backbone,DEh2,DKh2,,NH3_cracked_to_H2,0.0,37668.0,0.0
S2030_PCIPMI_high,S2030_PCIPMI_high,2030,PCI/PMI,high,0,E0143,backbone,DEh2,DKh2,,LOHC_to_H2,0.0,37668.0,0.0
S2030_PCIPMI_high,S2030_PCIPMI_high,2030,PCI/PMI,high,0,E0145,backbone,DEh2,FRh2,,NH3_cracked_to_H2,12423.294127307692,70408.5,17.644594228406646
S2030_PCIPMI_high,S2030_PCIPMI_high,2030,PCI/PMI,high,0,E0145,backbone,DEh2,FRh2,,LOHC_to_H2,0.0,70408.5,0.0
S2030_PCIPMI_high,S2030_PCIPMI_high,2030,PCI/PMI,high,0,E0153,terminal_backbone,LH2_Tk_DE,DEh2,LH2_Tk_DE|DEh2,LOHC_to_H2,58.4,11388.0,0.5128205128205128
S2030_PCIPMI_high,S2030_PCIPMI_high,2030,PCI/PMI,high,0,E0153,terminal_backbone,LH2_Tk_DE,DEh2,LH2_Tk_DE|DEh2,NH3_cracked_to_H2,11329.6,11388.0,99.48717948717949
S2030_PCIPMI_high,S2030_PCIPMI_high,2030,PCI/PMI,high,0,E0155,terminal_backbone,LH2_Tk_DEbp,DEh2bp,LH2_Tk_DEbp|DEh2bp,LOHC_to_H2,0.0,4745.0,0.0
S2030_PCIPMI_high,S2030_PCIPMI_high,2030,PCI/PMI,high,0,E0155,terminal_backbone,LH2_Tk_DEbp,DEh2bp,LH2_Tk_DEbp|DEh2bp,NH3_cracked_to_H2,0.0,4745.0,0.0
S2030_PCIPMI_high,S2030_PCIPMI_high,2030,PCI/PMI,high,0,E0157,backbone,DEh2,NLh2,,NH3_cracked_to_H2,0.0,63072.00000000001,0.0
S2030_PCIPMI_high,S2030_PCIPMI_high,2030,PCI/PMI,high,0,E0157,backbone,DEh2,NLh2,,LOHC_to_H2,0.0,63072.00000000001,0.0
S2030_PCIPMI_high,S2030_PCIPMI_high,2030,PCI/PMI,high,0,E0163,backbone,DEh2,PLh2nbc,,NH3_cracked_to_H2,10059.55151078717,36500.0,27.560415098047045
S2030_PCIPMI_high,S2030_PCIPMI_high,2030,PCI/PMI,high,0,E0163,backbone,DEh2,PLh2nbc,,LOHC_to_H2,0.0,36500.0,0.0
S2030_PCIPMI_high,S2030_PCIPMI_high,2030,PCI/PMI,high,0,E0167,backbone,GRh2,BGh2,,NH3_cracked_to_H2,0.0,29200.0,0.0
S2030_PCIPMI_high,S2030_PCIPMI_high,2030,PCI/PMI,high,0,E0167,backbone,GRh2,BGh2,,LOHC_to_H2,0.0,29200.0,0.0
S2030_PCIPMI_high,S2030_PCIPMI_high,2030,PCI/PMI,high,0,E0193,backbone,IB-ITh2,ATh2,,NH3_cracked_to_H2,0.0,61320.0,0.0
S2030_PCIPMI_high,S2030_PCIPMI_high,2030,PCI/PMI,high,0,E0193,backbone,IB-ITh2,ATh2,,LOHC_to_H2,0.0,61320.0,0.0
S2030_PCIPMI_high,S2030_PCIPMI_high,2030,PCI/PMI,high,0,E0197,backbone,ITh2,IB-ITh2,,NH3_cracked_to_H2,-0.0,73000.0,-0.0
S2030_PCIPMI_high,S2030_PCIPMI_high,2030,PCI/PMI,high,0,E0197,backbone,ITh2,IB-ITh2,,LOHC_to_H2,-0.0,73000.0,-0.0
S2030_PCIPMI_high,S2030_PCIPMI_high,2030,PCI/PMI,high,0,E0207,backbone,LVh2,EEh2,,NH3_cracked_to_H2,0.0,36500.0,0.0
S2030_PCIPMI_high,S2030_PCIPMI_high,2030,PCI/PMI,high,0,E0207,backbone,LVh2,EEh2,,LOHC_to_H2,0.0,36500.0,0.0
S2030_PCIPMI_high,S2030_PCIPMI_high,2030,PCI/PMI,high,0,E0209,backbone,LVh2,LTh2,,NH3_cracked_to_H2,-0.0,73000.0,-0.0
S2030_PCIPMI_high,S2030_PCIPMI_high,2030,PCI/PMI,high,0,E0209,backbone,LVh2,LTh2,,LOHC_to_H2,-0.0,73000.0,-0.0
S2030_PCIPMI_high,S2030_PCIPMI_high,2030,PCI/PMI,high,0,E0211,backbone,LTh2,LVh2,,NH3_cracked_to_H2,0.0,36500.0,0.0
S2030_PCIPMI_high,S2030_PCIPMI_high,2030,PCI/PMI,high,0,E0211,backbone,LTh2,LVh2,,LOHC_to_H2,0.0,36500.0,0.0
S2030_PCIPMI_high,S2030_PCIPMI_high,2030,PCI/PMI,high,0,E0213,backbone,LTh2,PLh2nbc,,NH3_cracked_to_H2,-0.0,73000.0,-0.0
S2030_PCIPMI_high,S2030_PCIPMI_high,2030,PCI/PMI,high,0,E0213,backbone,LTh2,PLh2nbc,,LOHC_to_H2,-0.0,73000.0,-0.0
S2030_PCIPMI_high,S2030_PCIPMI_high,2030,PCI/PMI,high,0,E0223,backbone,NLh2,BEh2,,NH3_cracked_to_H2,0.0,13140.0,0.0
S2030_PCIPMI_high,S2030_PCIPMI_high,2030,PCI/PMI,high,0,E0223,backbone,NLh2,BEh2,,LOHC_to_H2,0.0,13140.0,0.0
S2030_PCIPMI_high,S2030_PCIPMI_high,2030,PCI/PMI,high,0,E0225,backbone,NLh2,DEh2,,NH3_cracked_to_H2,0.0,74460.0,0.0
S2030_PCIPMI_high,S2030_PCIPMI_high,2030,PCI/PMI,high,0,E0225,backbone,NLh2,DEh2,,LOHC_to_H2,0.0,74460.0,0.0
S2030_PCIPMI_high,S2030_PCIPMI_high,2030,PCI/PMI,high,0,E0227,terminal_backbone,LH2_Tk_NL,NLh2,LH2_Tk_NL|NLh2,NH3_cracked_to_H2,33142.0,33142.0,100.0
S2030_PCIPMI_high,S2030_PCIPMI_high,2030,PCI/PMI,high,0,E0245,backbone,PLh2nbc,DEh2,,NH3_cracked_to_H2,0.0,73000.0,0.0
S2030_PCIPMI_high,S2030_PCIPMI_high,2030,PCI/PMI,high,0,E0245,backbone,PLh2nbc,DEh2,,LOHC_to_H2,0.0,73000.0,0.0
S2030_PCIPMI_high,S2030_PCIPMI_high,2030,PCI/PMI,high,0,E0247,backbone,PLh2nbc,LTh2,,NH3_cracked_to_H2,0.0,36500.0,0.0
S2030_PCIPMI_high,S2030_PCIPMI_high,2030,PCI/PMI,high,0,E0247,backbone,PLh2nbc,LTh2,,LOHC_to_H2,0.0,36500.0,0.0
S2030_PCIPMI_high,S2030_PCIPMI_high,2030,PCI/PMI,high,0,E0253,backbone,PLh2nbc,PLh2N,,NH3_cracked_to_H2,10059.55151078717,36500.0,27.560415098047045
S2030_PCIPMI_high,S2030_PCIPMI_high,2030,PCI/PMI,high,0,E0253,backbone,PLh2nbc,PLh2N,,LOHC_to_H2,-0.0,36500.0,-0.0
S2030_PCIPMI_high,S2030_PCIPMI_high,2030,PCI/PMI,high,0,E0267,backbone,PTh2,ESh2,,NH3_cracked_to_H2,-0.0,29565.0,-0.0
S2030_PCIPMI_high,S2030_PCIPMI_high,2030,PCI/PMI,high,0,E0267,backbone,PTh2,ESh2,,LOHC_to_H2,-0.0,29565.0,-0.0
S2030_PCIPMI_high,S2030_PCIPMI_high,2030,PCI/PMI,high,0,E0319,backbone,ESh2,FRh2S,,NH3_cracked_to_H2,0.0,78840.0,0.0
S2030_PCIPMI_high,S2030_PCIPMI_high,2030,PCI/PMI,high,0,E0319,backbone,ESh2,FRh2S,,LOHC_to_H2,0.0,78840.0,0.0
S2030_PCIPMI_high,S2030_PCIPMI_high,2030,PCI/PMI,high,0,E0325,backbone,ESh2,PTh2,,NH3_cracked_to_H2,0.0,29565.0,0.0
S2030_PCIPMI_high,S2030_PCIPMI_high,2030,PCI/PMI,high,0,E0325,backbone,ESh2,PTh2,,LOHC_to_H2,0.0,29565.0,0.0
S2030_PCIPMI_high,S2030_PCIPMI_high,2030,PCI/PMI,high,0,E0327,backbone,SEh2,FIh2Al,,NH3_cracked_to_H2,-0.0,183960.0,-0.0
S2030_PCIPMI_high,S2030_PCIPMI_high,2030,PCI/PMI,high,0,E0327,backbone,SEh2,FIh2Al,,LOHC_to_H2,-0.0,183960.0,-0.0
S2030_PCIPMI_high,S2030_PCIPMI_high,2030,PCI/PMI,high,0,E0329,backbone,SEh2,FIh2N,,NH3_cracked_to_H2,0.0,59130.0,0.0
S2030_PCIPMI_high,S2030_PCIPMI_high,2030,PCI/PMI,high,0,E0329,backbone,SEh2,FIh2N,,LOHC_to_H2,0.0,59130.0,0.0
S2030_Advanced_low,S2030_Advanced_low,2030,Advanced,low,0,E0003,backbone,DZh2,ITh2,,NH3_cracked_to_H2,-0.0,163520.0,-0.0
S2030_Advanced_low,S2030_Advanced_low,2030,Advanced,low,0,E0003,backbone,DZh2,ITh2,,LOHC_to_H2,-0.0,163520.0,-0.0
S2030_Advanced_low,S2030_Advanced_low,2030,Advanced,low,0,E0005,backbone,ATh2,DEh2,,NH3_cracked_to_H2,0.0,54750.0,0.0
S2030_Advanced_low,S2030_Advanced_low,2030,Advanced,low,0,E0005,backbone,ATh2,DEh2,,LOHC_to_H2,0.0,54750.0,0.0
S2030_Advanced_low,S2030_Advanced_low,2030,Advanced,low,0,E0009,backbone,ATh2,IB-ITh2,,NH3_cracked_to_H2,17382.665507666694,45990.0,37.79661993404369
S2030_Advanced_low,S2030_Advanced_low,2030,Advanced,low,0,E0009,backbone,ATh2,IB-ITh2,,LOHC_to_H2,-0.0,45990.0,-0.0
S2030_Advanced_low,S2030_Advanced_low,2030,Advanced,low,0,E0011,backbone,ATh2,IB-SKh2W,,NH3_cracked_to_H2,-0.0,52560.0,-0.0
S2030_Advanced_low,S2030_Advanced_low,2030,Advanced,low,0,E0011,backbone,ATh2,IB-SKh2W,,LOHC_to_H2,-0.0,52560.0,-0.0
S2030_Advanced_low,S2030_Advanced_low,2030,Advanced,low,0,E0019,terminal_backbone,LH2_Tk_BE,BEh2,LH2_Tk_BE|BEh2,NH3_cracked_to_H2,21644.5,21644.5,100.0
S2030_Advanced_low,S2030_Advanced_low,2030,Advanced,low,0,E0025,backbone,BEH2Mo,FRh2Va,,NH3_cracked_to_H2,-0.0,8760.0,-0.0
S2030_Advanced_low,S2030_Advanced_low,2030,Advanced,low,0,E0025,backbone,BEH2Mo,FRh2Va,,LOHC_to_H2,-0.0,8760.0,-0.0
S2030_Advanced_low,S2030_Advanced_low,2030,Advanced,low,0,E0027,backbone,BEh2,DEh2,,NH3_cracked_to_H2,21644.5,33288.0,65.0219298245614
S2030_Advanced_low,S2030_Advanced_low,2030,Advanced,low,0,E0027,backbone,BEh2,DEh2,,LOHC_to_H2,-0.0,33288.0,-0.0
S2030_Advanced_low,S2030_Advanced_low,2030,Advanced,low,0,E0031,backbone,BEh2,NLh2,,NH3_cracked_to_H2,0.0,13140.0,0.0
S2030_Advanced_low,S2030_Advanced_low,2030,Advanced,low,0,E0031,backbone,BEh2,NLh2,,LOHC_to_H2,0.0,13140.0,0.0
S2030_Advanced_low,S2030_Advanced_low,2030,Advanced,low,0,E0035,backbone,BAh2,HRh2,,NH3_cracked_to_H2,-0.0,41975.0,-0.0
S2030_Advanced_low,S2030_Advanced_low,2030,Advanced,low,0,E0035,backbone,BAh2,HRh2,,LOHC_to_H2,-0.0,41975.0,-0.0
S2030_Advanced_low,S2030_Advanced_low,2030,Advanced,low,0,E0037,backbone,BGh2,GRh2,,NH3_cracked_to_H2,-0.0,29200.0,-0.0
S2030_Advanced_low,S2030_Advanced_low,2030,Advanced,low,0,E0037,backbone,BGh2,GRh2,,LOHC_to_H2,-0.0,29200.0,-0.0
S2030_Advanced_low,S2030_Advanced_low,2030,Advanced,low,0,E0045,backbone,HRh2,BAh2,,NH3_cracked_to_H2,0.0,41975.0,0.0
S2030_Advanced_low,S2030_Advanced_low,2030,Advanced,low,0,E0045,backbone,HRh2,BAh2,,LOHC_to_H2,0.0,41975.0,0.0
S2030_Advanced_low,S2030_Advanced_low,2030,Advanced,low,0,E0057,backbone,CZh2,DEh2,,NH3_cracked_to_H2,-0.0,105120.0,-0.0
S2030_Advanced_low,S2030_Advanced_low,2030,Advanced,low,0,E0057,backbone,CZh2,DEh2,,LOHC_to_H2,-0.0,105120.0,-0.0
S2030_Advanced_low,S2030_Advanced_low,2030,Advanced,low,0,E0063,backbone,DKh2,DEh2,,NH3_cracked_to_H2,-0.0,37668.0,-0.0
S2030_Advanced_low,S2030_Advanced_low,2030,Advanced,low,0,E0063,backbone,DKh2,DEh2,,LOHC_to_H2,-0.0,37668.0,-0.0
S2030_Advanced_low,S2030_Advanced_low,2030,Advanced,low,0,E0069,backbone,EEh2,FIh2S,,NH3_cracked_to_H2,0.0,36500.0,0.0
S2030_Advanced_low,S2030_Advanced_low,2030,Advanced,low,0,E0069,backbone,EEh2,FIh2S,,LOHC_to_H2,0.0,36500.0,0.0
S2030_Advanced_low,S2030_Advanced_low,2030,Advanced,low,0,E0071,backbone,EEh2,LVh2,,NH3_cracked_to_H2,-0.0,73000.0,-0.0
S2030_Advanced_low,S2030_Advanced_low,2030,Advanced,low,0,E0071,backbone,EEh2,LVh2,,LOHC_to_H2,-0.0,73000.0,-0.0
S2030_Advanced_low,S2030_Advanced_low,2030,Advanced,low,0,E0073,backbone,FIh2S,EEh2,,NH3_cracked_to_H2,0.0,73000.0,0.0
S2030_Advanced_low,S2030_Advanced_low,2030,Advanced,low,0,E0073,backbone,FIh2S,EEh2,,LOHC_to_H2,0.0,73000.0,0.0
S2030_Advanced_low,S2030_Advanced_low,2030,Advanced,low,0,E0075,backbone,FIh2,FIh2Al,,NH3_cracked_to_H2,-0.0,183960.0,-0.0
S2030_Advanced_low,S2030_Advanced_low,2030,Advanced,low,0,E0075,backbone,FIh2,FIh2Al,,LOHC_to_H2,-0.0,183960.0,-0.0
S2030_Advanced_low,S2030_Advanced_low,2030,Advanced,low,0,E0077,backbone,FIh2,FIh2N,,NH3_cracked_to_H2,0.0,3649635.0,0.0
S2030_Advanced_low,S2030_Advanced_low,2030,Advanced,low,0,E0077,backbone,FIh2,FIh2N,,LOHC_to_H2,0.0,3649635.0,0.0
S2030_Advanced_low,S2030_Advanced_low,2030,Advanced,low,0,E0079,backbone,FIh2,FIh2S,,NH3_cracked_to_H2,0.0,3649635.0,0.0
S2030_Advanced_low,S2030_Advanced_low,2030,Advanced,low,0,E0079,backbone,FIh2,FIh2S,,LOHC_to_H2,0.0,3649635.0,0.0
S2030_Advanced_low,S2030_Advanced_low,2030,Advanced,low,0,E0081,backbone,FIh2Al,FIh2,,NH3_cracked_to_H2,0.0,183960.0,0.0
S2030_Advanced_low,S2030_Advanced_low,2030,Advanced,low,0,E0081,backbone,FIh2Al,FIh2,,LOHC_to_H2,0.0,183960.0,0.0
S2030_Advanced_low,S2030_Advanced_low,2030,Advanced,low,0,E0083,backbone,FIh2N,FIh2,,NH3_cracked_to_H2,-0.0,3649635.0,-0.0
S2030_Advanced_low,S2030_Advanced_low,2030,Advanced,low,0,E0083,backbone,FIh2N,FIh2,,LOHC_to_H2,0.0,3649635.0,0.0
S2030_Advanced_low,S2030_Advanced_low,2030,Advanced,low,0,E0085,backbone,FIh2S,FIh2,,NH3_cracked_to_H2,-0.0,3649635.0,-0.0
S2030_Advanced_low,S2030_Advanced_low,2030,Advanced,low,0,E0085,backbone,FIh2S,FIh2,,LOHC_to_H2,-0.0,3649635.0,-0.0
S2030_Advanced_low,S2030_Advanced_low,2030,Advanced,low,0,E0087,backbone,FIh2Al,DEh2,,NH3_cracked_to_H2,-0.0,95630.0,-0.0
S2030_Advanced_low,S2030_Advanced_low,2030,Advanced,low,0,E0087,backbone,FIh2Al,DEh2,,LOHC_to_H2,-0.0,95630.0,-0.0
S2030_Advanced_low,S2030_Advanced_low,2030,Advanced,low,0,E0091,backbone,FIh2Al,SEh2,,NH3_cracked_to_H2,0.0,183960.0,0.0
S2030_Advanced_low,S2030_Advanced_low,2030,Advanced,low,0,E0091,backbone,FIh2Al,SEh2,,LOHC_to_H2,0.0,183960.0,0.0
S2030_Advanced_low,S2030_Advanced_low,2030,Advanced,low,0,E0093,backbone,FIh2N,SEh2,,NH3_cracked_to_H2,0.0,59130.0,0.0
S2030_Advanced_low,S2030_Advanced_low,2030,Advanced,low,0,E0093,backbone,FIh2N,SEh2,,LOHC_to_H2,-0.0,59130.0,-0.0
S2030_Advanced_low,S2030_Advanced_low,2030,Advanced,low,0,E0099,backbone,FRh2Va,BEH2Mo,,NH3_cracked_to_H2,0.0,8760.0,0.0
S2030_Advanced_low,S2030_Advanced_low,2030,Advanced,low,0,E0099,backbone,FRh2Va,BEH2Mo,,LOHC_to_H2,0.0,8760.0,0.0
S2030_Advanced_low,S2030_Advanced_low,2030,Advanced,low,0,E0103,backbone,FRh2,FRh2S,,NH3_cracked_to_H2,11094.378564624434,70080.0,15.83101964130199
S2030_Advanced_low,S2030_Advanced_low,2030,Advanced,low,0,E0103,backbone,FRh2,FRh2S,,LOHC_to_H2,0.0,70080.0,0.0
S2030_Advanced_low,S2030_Advanced_low,2030,Advanced,low,0,E0107,backbone,FRh2,FRh2Va,,NH3_cracked_to_H2,8095.922451473047,8760.0,92.41920606704392
S2030_Advanced_low,S2030_Advanced_low,2030,Advanced,low,0,E0107,backbone,FRh2,FRh2Va,,LOHC_to_H2,58.4,8760.0,0.6666666666666666
S2030_Advanced_low,S2030_Advanced_low,2030,Advanced,low,0,E0111,backbone,FRh2S,FRh2,,NH3_cracked_to_H2,0.0,70080.0,0.0
S2030_Advanced_low,S2030_Advanced_low,2030,Advanced,low,0,E0111,backbone,FRh2S,FRh2,,LOHC_to_H2,0.0,70080.0,0.0
S2030_Advanced_low,S2030_Advanced_low,2030,Advanced,low,0,E0119,backbone,FRh2Va,FRh2,,NH3_cracked_to_H2,0.0,8760.0,0.0
S2030_Advanced_low,S2030_Advanced_low,2030,Advanced,low,0,E0119,backbone,FRh2Va,FRh2,,LOHC_to_H2,0.0,8760.0,0.0
S2030_Advanced_low,S2030_Advanced_low,2030,Advanced,low,0,E0127,backbone,FRh2,DEh2,,NH3_cracked_to_H2,0.0,76467.5,0.0
S2030_Advanced_low,S2030_Advanced_low,2030,Advanced,low,0,E0127,backbone,FRh2,DEh2,,LOHC_to_H2,0.0,76467.5,0.0
S2030_Advanced_low,S2030_Advanced_low,2030,Advanced,low,0,E0131,backbone,FRh2S,ESh2,,NH3_cracked_to_H2,11094.378564624434,78840.0,14.072017458935102
S2030_Advanced_low,S2030_Advanced_low,2030,Advanced,low,0,E0131,backbone,FRh2S,ESh2,,LOHC_to_H2,-0.0,78840.0,-0.0
S2030_Advanced_low,S2030_Advanced_low,2030,Advanced,low,0,E0137,backbone,DEh2,ATh2,,NH3_cracked_to_H2,17382.665507666694,54750.0,31.7491607445967
S2030_Advanced_low,S2030_Advanced_low,2030,Advanced,low,0,E0137,backbone,DEh2,ATh2,,LOHC_to_H2,0.0,54750.0,0.0
S2030_Advanced_low,S2030_Advanced_low,2030,Advanced,low,0,E0139,backbone,DEh2,BEh2,,NH3_cracked_to_H2,0.0,33288.0,0.0
S2030_Advanced_low,S2030_Advanced_low,2030,Advanced,low,0,E0139,backbone,DEh2,BEh2,,LOHC_to_H2,0.0,33288.0,0.0
S2030_Advanced_low,S2030_Advanced_low,2030,Advanced,low,0,E0141,backbone,DEh2,CZh2,,NH3_cracked_to_H2,0.0,105120.0,0.0
S2030_Advanced_low,S2030_Advanced_low,2030,Advanced,low,0,E0141,backbone,DEh2,CZh2,,LOHC_to_H2,0.0,105120.0,0.0
S2030_Advanced_low,S2030_Advanced_low,2030,Advanced,low,0,E0143,backbone,DEh2,DKh2,,NH3_cracked_to_H2,0.0,37668.0,0.0
S2030_Advanced_low,S2030_Advanced_low,2030,Advanced,low,0,E0143,backbone,DEh2,DKh2,,LOHC_to_H2,0.0,37668.0,0.0
S2030_Advanced_low,S2030_Advanced_low,2030,Advanced,low,0,E0145,backbone,DEh2,FRh2,,NH3_cracked_to_H2,26761.98505361163,70408.5,38.0095940882303
S2030_Advanced_low,S2030_Advanced_low,2030,Advanced,low,0,E0145,backbone,DEh2,FRh2,,LOHC_to_H2,58.4,70408.5,0.08294453084499741
S2030_Advanced_low,S2030_Advanced_low,2030,Advanced,low,0,E0147,backbone,DEh2ba,DEh2,,NH3_cracked_to_H2,-0.0,15695.0,-0.0
S2030_Advanced_low,S2030_Advanced_low,2030,Advanced,low,0,E0147,backbone,DEh2ba,DEh2,,LOHC_to_H2,-0.0,15695.0,-0.0
S2030_Advanced_low,S2030_Advanced_low,2030,Advanced,low,0,E0149,backbone,DEh2bp,DEh2,,NH3_cracked_to_H2,4686.6,4745.0,98.76923076923079
S2030_Advanced_low,S2030_Advanced_low,2030,Advanced,low,0,E0149,backbone,DEh2bp,DEh2,,LOHC_to_H2,58.4,4745.0,1.2307692307692308
S2030_Advanced_low,S2030_Advanced_low,2030,Advanced,low,0,E0151,backbone,DEh2bp,DEh2ba,,NH3_cracked_to_H2,-0.0,15695.0,-0.0
S2030_Advanced_low,S2030_Advanced_low,2030,Advanced,low,0,E0151,backbone,DEh2bp,DEh2ba,,LOHC_to_H2,0.0,15695.0,0.0
S2030_Advanced_low,S2030_Advanced_low,2030,Advanced,low,0,E0153,terminal_backbone,LH2_Tk_DE,DEh2,LH2_Tk_DE|DEh2,LOHC_to_H2,0.0,11388.0,0.0
S2030_Advanced_low,S2030_Advanced_low,2030,Advanced,low,0,E0153,terminal_backbone,LH2_Tk_DE,DEh2,LH2_Tk_DE|DEh2,NH3_cracked_to_H2,11388.0,11388.0,100.0
S2030_Advanced_low,S2030_Advanced_low,2030,Advanced,low,0,E0155,terminal_backbone,LH2_Tk_DEbp,DEh2bp,LH2_Tk_DEbp|DEh2bp,LOHC_to_H2,58.4,4745.0,1.2307692307692308
S2030_Advanced_low,S2030_Advanced_low,2030,Advanced,low,0,E0155,terminal_backbone,LH2_Tk_DEbp,DEh2bp,LH2_Tk_DEbp|DEh2bp,NH3_cracked_to_H2,4686.6,4745.0,98.76923076923079
S2030_Advanced_low,S2030_Advanced_low,2030,Advanced,low,0,E0157,backbone,DEh2,NLh2,,NH3_cracked_to_H2,0.0,108879.5,0.0
S2030_Advanced_low,S2030_Advanced_low,2030,Advanced,low,0,E0157,backbone,DEh2,NLh2,,LOHC_to_H2,0.0,108879.5,0.0
S2030_Advanced_low,S2030_Advanced_low,2030,Advanced,low,0,E0161,backbone,DEh2,PLh2N,,NH3_cracked_to_H2,6361.10174221316,7008.0,90.76914586491381
S2030_Advanced_low,S2030_Advanced_low,2030,Advanced,low,0,E0161,backbone,DEh2,PLh2N,,LOHC_to_H2,0.0,7008.0,0.0
S2030_Advanced_low,S2030_Advanced_low,2030,Advanced,low,0,E0163,backbone,DEh2,PLh2nbc,,NH3_cracked_to_H2,9747.88644055538,36500.0,26.70653819330241
S2030_Advanced_low,S2030_Advanced_low,2030,Advanced,low,0,E0163,backbone,DEh2,PLh2nbc,,LOHC_to_H2,0.0,36500.0,0.0
S2030_Advanced_low,S2030_Advanced_low,2030,Advanced,low,0,E0167,backbone,GRh2,BGh2,,NH3_cracked_to_H2,0.0,29200.0,0.0
S2030_Advanced_low,S2030_Advanced_low,2030,Advanced,low,0,E0167,backbone,GRh2,BGh2,,LOHC_to_H2,0.0,29200.0,0.0
S2030_Advanced_low,S2030_Advanced_low,2030,Advanced,low,0,E0179,backbone,HUh2,ROh2,,NH3_cracked_to_H2,-0.0,28032.0,-0.0
S2030_Advanced_low,S2030_Advanced_low,2030,Advanced,low,0,E0179,backbone,HUh2,ROh2,,LOHC_to_H2,-0.0,28032.0,-0.0
S2030_Advanced_low,S2030_Advanced_low,2030,Advanced,low,0,E0183,backbone,HUh2,IB-SKh2C,,NH3_cracked_to_H2,0.0,36500.0,0.0
S2030_Advanced_low,S2030_Advanced_low,2030,Advanced,low,0,E0183,backbone,HUh2,IB-SKh2C,,LOHC_to_H2,0.0,36500.0,0.0
S2030_Advanced_low,S2030_Advanced_low,2030,Advanced,low,0,E0193,backbone,IB-ITh2,ATh2,,NH3_cracked_to_H2,0.0,61320.0,0.0
S2030_Advanced_low,S2030_Advanced_low,2030,Advanced,low,0,E0193,backbone,IB-ITh2,ATh2,,LOHC_to_H2,0.0,61320.0,0.0
S2030_Advanced_low,S2030_Advanced_low,2030,Advanced,low,0,E0197,backbone,ITh2,IB-ITh2,,NH3_cracked_to_H2,-0.0,73000.0,-0.0
S2030_Advanced_low,S2030_Advanced_low,2030,Advanced,low,0,E0197,backbone,ITh2,IB-ITh2,,LOHC_to_H2,-0.0,73000.0,-0.0
S2030_Advanced_low,S2030_Advanced_low,2030,Advanced,low,0,E0207,backbone,LVh2,EEh2,,NH3_cracked_to_H2,0.0,36500.0,0.0
S2030_Advanced_low,S2030_Advanced_low,2030,Advanced,low,0,E0207,backbone,LVh2,EEh2,,LOHC_to_H2,0.0,36500.0,0.0
S2030_Advanced_low,S2030_Advanced_low,2030,Advanced,low,0,E0209,backbone,LVh2,LTh2,,NH3_cracked_to_H2,-0.0,73000.0,-0.0
S2030_Advanced_low,S2030_Advanced_low,2030,Advanced,low,0,E0209,backbone,LVh2,LTh2,,LOHC_to_H2,-0.0,73000.0,-0.0
S2030_Advanced_low,S2030_Advanced_low,2030,Advanced,low,0,E0211,backbone,LTh2,LVh2,,NH3_cracked_to_H2,0.0,36500.0,0.0
S2030_Advanced_low,S2030_Advanced_low,2030,Advanced,low,0,E0211,backbone,LTh2,LVh2,,LOHC_to_H2,0.0,36500.0,0.0
S2030_Advanced_low,S2030_Advanced_low,2030,Advanced,low,0,E0213,backbone,LTh2,PLh2nbc,,NH3_cracked_to_H2,-0.0,73000.0,-0.0
S2030_Advanced_low,S2030_Advanced_low,2030,Advanced,low,0,E0213,backbone,LTh2,PLh2nbc,,LOHC_to_H2,-0.0,73000.0,-0.0
S2030_Advanced_low,S2030_Advanced_low,2030,Advanced,low,0,E0223,backbone,NLh2,BEh2,,NH3_cracked_to_H2,0.0,13140.0,0.0
S2030_Advanced_low,S2030_Advanced_low,2030,Advanced,low,0,E0223,backbone,NLh2,BEh2,,LOHC_to_H2,0.0,13140.0,0.0
S2030_Advanced_low,S2030_Advanced_low,2030,Advanced,low,0,E0225,backbone,NLh2,DEh2,,NH3_cracked_to_H2,22534.538744046866,102492.0,21.986631877655686
S2030_Advanced_low,S2030_Advanced_low,2030,Advanced,low,0,E0225,backbone,NLh2,DEh2,,LOHC_to_H2,-0.0,102492.0,-0.0
S2030_Advanced_low,S2030_Advanced_low,2030,Advanced,low,0,E0227,terminal_backbone,LH2_Tk_NL,NLh2,LH2_Tk_NL|NLh2,NH3_cracked_to_H2,49749.50000000001,49749.50000000001,100.0
S2030_Advanced_low,S2030_Advanced_low,2030,Advanced,low,0,E0243,backbone,PLh2N,DEh2,,NH3_cracked_to_H2,0.0,7008.0,0.0
S2030_Advanced_low,S2030_Advanced_low,2030,Advanced,low,0,E0243,backbone,PLh2N,DEh2,,LOHC_to_H2,0.0,7008.0,0.0
S2030_Advanced_low,S2030_Advanced_low,2030,Advanced,low,0,E0245,backbone,PLh2nbc,DEh2,,NH3_cracked_to_H2,0.0,73000.0,0.0
S2030_Advanced_low,S2030_Advanced_low,2030,Advanced,low,0,E0245,backbone,PLh2nbc,DEh2,,LOHC_to_H2,0.0,73000.0,0.0
S2030_Advanced_low,S2030_Advanced_low,2030,Advanced,low,0,E0247,backbone,PLh2nbc,LTh2,,NH3_cracked_to_H2,0.0,36500.0,0.0
S2030_Advanced_low,S2030_Advanced_low,2030,Advanced,low,0,E0247,backbone,PLh2nbc,LTh2,,LOHC_to_H2,0.0,36500.0,0.0
S2030_Advanced_low,S2030_Advanced_low,2030,Advanced,low,0,E0249,terminal_backbone,LH2_Tk_PLN,PLh2N,LH2_Tk_PLN|PLh2N,NH3_cracked_to_H2,6460.5,6460.5,100.0
S2030_Advanced_low,S2030_Advanced_low,2030,Advanced,low,0,E0253,backbone,PLh2nbc,PLh2N,,NH3_cracked_to_H2,0.0,54750.0,0.0
S2030_Advanced_low,S2030_Advanced_low,2030,Advanced,low,0,E0253,backbone,PLh2nbc,PLh2N,,LOHC_to_H2,0.0,54750.0,0.0
S2030_Advanced_low,S2030_Advanced_low,2030,Advanced,low,0,E0267,backbone,PTh2,ESh2,,NH3_cracked_to_H2,-0.0,29565.0,-0.0
S2030_Advanced_low,S2030_Advanced_low,2030,Advanced,low,0,E0267,backbone,PTh2,ESh2,,LOHC_to_H2,-0.0,29565.0,-0.0
S2030_Advanced_low,S2030_Advanced_low,2030,Advanced,low,0,E0271,backbone,ROh2,HUh2,,NH3_cracked_to_H2,0.0,36500.0,0.0
S2030_Advanced_low,S2030_Advanced_low,2030,Advanced,low,0,E0271,backbone,ROh2,HUh2,,LOHC_to_H2,0.0,36500.0,0.0
S2030_Advanced_low,S2030_Advanced_low,2030,Advanced,low,0,E0285,backbone,IB-SKh2W,ATh2,,NH3_cracked_to_H2,0.0,52560.0,0.0
S2030_Advanced_low,S2030_Advanced_low,2030,Advanced,low,0,E0285,backbone,IB-SKh2W,ATh2,,LOHC_to_H2,0.0,52560.0,0.0
S2030_Advanced_low,S2030_Advanced_low,2030,Advanced,low,0,E0287,backbone,IB-SKh2W,CZh2,,NH3_cracked_to_H2,0.0,52560.0,0.0
S2030_Advanced_low,S2030_Advanced_low,2030,Advanced,low,0,E0287,backbone,IB-SKh2W,CZh2,,LOHC_to_H2,0.0,52560.0,0.0
S2030_Advanced_low,S2030_Advanced_low,2030,Advanced,low,0,E0289,backbone,IB-SKh2C,HUh2,,NH3_cracked_to_H2,-0.0,36500.0,-0.0
S2030_Advanced_low,S2030_Advanced_low,2030,Advanced,low,0,E0289,backbone,IB-SKh2C,HUh2,,LOHC_to_H2,-0.0,36500.0,-0.0
S2030_Advanced_low,S2030_Advanced_low,2030,Advanced,low,0,E0293,backbone,IB-SKh2C,SKh2E,,NH3_cracked_to_H2,-0.0,52560.0,-0.0
S2030_Advanced_low,S2030_Advanced_low,2030,Advanced,low,0,E0293,backbone,IB-SKh2C,SKh2E,,LOHC_to_H2,-0.0,52560.0,-0.0
S2030_Advanced_low,S2030_Advanced_low,2030,Advanced,low,0,E0295,backbone,IB-SKh2C,SKh2W,,NH3_cracked_to_H2,0.0,52560.0,0.0
S2030_Advanced_low,S2030_Advanced_low,2030,Advanced,low,0,E0295,backbone,IB-SKh2C,SKh2W,,LOHC_to_H2,0.0,52560.0,0.0
S2030_Advanced_low,S2030_Advanced_low,2030,Advanced,low,0,E0297,backbone,IB-SKh2E,SKh2E,,NH3_cracked_to_H2,-0.0,52560.0,-0.0
S2030_Advanced_low,S2030_Advanced_low,2030,Advanced,low,0,E0297,backbone,IB-SKh2E,SKh2E,,LOHC_to_H2,-0.0,52560.0,-0.0
S2030_Advanced_low,S2030_Advanced_low,2030,Advanced,low,0,E0299,backbone,IB-SKh2W,SKh2W,,NH3_cracked_to_H2,0.0,52560.0,0.0
S2030_Advanced_low,S2030_Advanced_low,2030,Advanced,low,0,E0299,backbone,IB-SKh2W,SKh2W,,LOHC_to_H2,0.0,52560.0,0.0
S2030_Advanced_low,S2030_Advanced_low,2030,Advanced,low,0,E0301,backbone,SKh2E,IB-SKh2C,,NH3_cracked_to_H2,0.0,52560.0,0.0
S2030_Advanced_low,S2030_Advanced_low,2030,Advanced,low,0,E0301,backbone,SKh2E,IB-SKh2C,,LOHC_to_H2,0.0,52560.0,0.0
S2030_Advanced_low,S2030_Advanced_low,2030,Advanced,low,0,E0303,backbone,SKh2E,IB-SKh2E,,NH3_cracked_to_H2,0.0,52560.0,0.0
S2030_Advanced_low,S2030_Advanced_low,2030,Advanced,low,0,E0303,backbone,SKh2E,IB-SKh2E,,LOHC_to_H2,0.0,52560.0,0.0
S2030_Advanced_low,S2030_Advanced_low,2030,Advanced,low,0,E0305,backbone,SKh2W,IB-SKh2C,,NH3_cracked_to_H2,-0.0,52560.0,-0.0
S2030_Advanced_low,S2030_Advanced_low,2030,Advanced,low,0,E0305,backbone,SKh2W,IB-SKh2C,,LOHC_to_H2,-0.0,52560.0,-0.0
S2030_Advanced_low,S2030_Advanced_low,2030,Advanced,low,0,E0307,backbone,SKh2W,IB-SKh2W,,NH3_cracked_to_H2,-0.0,52560.0,-0.0
S2030_Advanced_low,S2030_Advanced_low,2030,Advanced,low,0,E0307,backbone,SKh2W,IB-SKh2W,,LOHC_to_H2,-0.0,52560.0,-0.0
S2030_Advanced_low,S2030_Advanced_low,2030,Advanced,low,0,E0319,backbone,ESh2,FRh2S,,NH3_cracked_to_H2,0.0,78840.0,0.0
S2030_Advanced_low,S2030_Advanced_low,2030,Advanced,low,0,E0319,backbone,ESh2,FRh2S,,LOHC_to_H2,0.0,78840.0,0.0
S2030_Advanced_low,S2030_Advanced_low,2030,Advanced,low,0,E0325,backbone,ESh2,PTh2,,NH3_cracked_to_H2,0.0,29565.0,0.0
S2030_Advanced_low,S2030_Advanced_low,2030,Advanced,low,0,E0325,backbone,ESh2,PTh2,,LOHC_to_H2,0.0,29565.0,0.0
S2030_Advanced_low,S2030_Advanced_low,2030,Advanced,low,0,E0327,backbone,SEh2,FIh2Al,,NH3_cracked_to_H2,-0.0,183960.0,-0.0
S2030_Advanced_low,S2030_Advanced_low,2030,Advanced,low,0,E0327,backbone,SEh2,FIh2Al,,LOHC_to_H2,-0.0,183960.0,-0.0
S2030_Advanced_low,S2030_Advanced_low,2030,Advanced,low,0,E0329,backbone,SEh2,FIh2N,,NH3_cracked_to_H2,0.0,59130.0,0.0
S2030_Advanced_low,S2030_Advanced_low,2030,Advanced,low,0,E0329,backbone,SEh2,FIh2N,,LOHC_to_H2,0.0,59130.0,0.0
S2030_Advanced_medium,S2030_Advanced_medium,2030,Advanced,medium,0,E0003,backbone,DZh2,ITh2,,NH3_cracked_to_H2,-0.0,163520.0,-0.0
S2030_Advanced_medium,S2030_Advanced_medium,2030,Advanced,medium,0,E0003,backbone,DZh2,ITh2,,LOHC_to_H2,-0.0,163520.0,-0.0
S2030_Advanced_medium,S2030_Advanced_medium,2030,Advanced,medium,0,E0005,backbone,ATh2,DEh2,,NH3_cracked_to_H2,0.0,54750.0,0.0
S2030_Advanced_medium,S2030_Advanced_medium,2030,Advanced,medium,0,E0005,backbone,ATh2,DEh2,,LOHC_to_H2,0.0,54750.0,0.0
S2030_Advanced_medium,S2030_Advanced_medium,2030,Advanced,medium,0,E0009,backbone,ATh2,IB-ITh2,,NH3_cracked_to_H2,17985.42174990777,45990.0,39.10724450947548
S2030_Advanced_medium,S2030_Advanced_medium,2030,Advanced,medium,0,E0009,backbone,ATh2,IB-ITh2,,LOHC_to_H2,-0.0,45990.0,-0.0
S2030_Advanced_medium,S2030_Advanced_medium,2030,Advanced,medium,0,E0011,backbone,ATh2,IB-SKh2W,,NH3_cracked_to_H2,-0.0,52560.0,-0.0
S2030_Advanced_medium,S2030_Advanced_medium,2030,Advanced,medium,0,E0011,backbone,ATh2,IB-SKh2W,,LOHC_to_H2,-0.0,52560.0,-0.0
S2030_Advanced_medium,S2030_Advanced_medium,2030,Advanced,medium,0,E0019,terminal_backbone,LH2_Tk_BE,BEh2,LH2_Tk_BE|BEh2,NH3_cracked_to_H2,21644.5,21644.5,100.0
S2030_Advanced_medium,S2030_Advanced_medium,2030,Advanced,medium,0,E0025,backbone,BEH2Mo,FRh2Va,,NH3_cracked_to_H2,-0.0,8760.0,-0.0
S2030_Advanced_medium,S2030_Advanced_medium,2030,Advanced,medium,0,E0025,backbone,BEH2Mo,FRh2Va,,LOHC_to_H2,-0.0,8760.0,-0.0
S2030_Advanced_medium,S2030_Advanced_medium,2030,Advanced,medium,0,E0027,backbone,BEh2,DEh2,,NH3_cracked_to_H2,21644.5,33288.0,65.0219298245614
S2030_Advanced_medium,S2030_Advanced_medium,2030,Advanced,medium,0,E0027,backbone,BEh2,DEh2,,LOHC_to_H2,-0.0,33288.0,-0.0
S2030_Advanced_medium,S2030_Advanced_medium,2030,Advanced,medium,0,E0031,backbone,BEh2,NLh2,,NH3_cracked_to_H2,0.0,13140.0,0.0
S2030_Advanced_medium,S2030_Advanced_medium,2030,Advanced,medium,0,E0031,backbone,BEh2,NLh2,,LOHC_to_H2,0.0,13140.0,0.0
S2030_Advanced_medium,S2030_Advanced_medium,2030,Advanced,medium,0,E0035,backbone,BAh2,HRh2,,NH3_cracked_to_H2,-0.0,41975.0,-0.0
S2030_Advanced_medium,S2030_Advanced_medium,2030,Advanced,medium,0,E0035,backbone,BAh2,HRh2,,LOHC_to_H2,-0.0,41975.0,-0.0
S2030_Advanced_medium,S2030_Advanced_medium,2030,Advanced,medium,0,E0037,backbone,BGh2,GRh2,,NH3_cracked_to_H2,-0.0,29200.0,-0.0
S2030_Advanced_medium,S2030_Advanced_medium,2030,Advanced,medium,0,E0037,backbone,BGh2,GRh2,,LOHC_to_H2,-0.0,29200.0,-0.0
S2030_Advanced_medium,S2030_Advanced_medium,2030,Advanced,medium,0,E0045,backbone,HRh2,BAh2,,NH3_cracked_to_H2,0.0,41975.0,0.0
S2030_Advanced_medium,S2030_Advanced_medium,2030,Advanced,medium,0,E0045,backbone,HRh2,BAh2,,LOHC_to_H2,0.0,41975.0,0.0
S2030_Advanced_medium,S2030_Advanced_medium,2030,Advanced,medium,0,E0057,backbone,CZh2,DEh2,,NH3_cracked_to_H2,-0.0,105120.0,-0.0
S2030_Advanced_medium,S2030_Advanced_medium,2030,Advanced,medium,0,E0057,backbone,CZh2,DEh2,,LOHC_to_H2,-0.0,105120.0,-0.0
S2030_Advanced_medium,S2030_Advanced_medium,2030,Advanced,medium,0,E0063,backbone,DKh2,DEh2,,NH3_cracked_to_H2,-0.0,37668.0,-0.0
S2030_Advanced_medium,S2030_Advanced_medium,2030,Advanced,medium,0,E0063,backbone,DKh2,DEh2,,LOHC_to_H2,-0.0,37668.0,-0.0
S2030_Advanced_medium,S2030_Advanced_medium,2030,Advanced,medium,0,E0069,backbone,EEh2,FIh2S,,NH3_cracked_to_H2,0.0,36500.0,0.0
S2030_Advanced_medium,S2030_Advanced_medium,2030,Advanced,medium,0,E0069,backbone,EEh2,FIh2S,,LOHC_to_H2,0.0,36500.0,0.0
S2030_Advanced_medium,S2030_Advanced_medium,2030,Advanced,medium,0,E0071,backbone,EEh2,LVh2,,NH3_cracked_to_H2,-0.0,73000.0,-0.0
S2030_Advanced_medium,S2030_Advanced_medium,2030,Advanced,medium,0,E0071,backbone,EEh2,LVh2,,LOHC_to_H2,-0.0,73000.0,-0.0
S2030_Advanced_medium,S2030_Advanced_medium,2030,Advanced,medium,0,E0073,backbone,FIh2S,EEh2,,NH3_cracked_to_H2,0.0,73000.0,0.0
S2030_Advanced_medium,S2030_Advanced_medium,2030,Advanced,medium,0,E0073,backbone,FIh2S,EEh2,,LOHC_to_H2,-0.0,73000.0,-0.0
S2030_Advanced_medium,S2030_Advanced_medium,2030,Advanced,medium,0,E0075,backbone,FIh2,FIh2Al,,NH3_cracked_to_H2,-0.0,183960.0,-0.0
S2030_Advanced_medium,S2030_Advanced_medium,2030,Advanced,medium,0,E0075,backbone,FIh2,FIh2Al,,LOHC_to_H2,-0.0,183960.0,-0.0
S2030_Advanced_medium,S2030_Advanced_medium,2030,Advanced,medium,0,E0077,backbone,FIh2,FIh2N,,NH3_cracked_to_H2,0.0,3649635.0,0.0
S2030_Advanced_medium,S2030_Advanced_medium,2030,Advanced,medium,0,E0077,backbone,FIh2,FIh2N,,LOHC_to_H2,0.0,3649635.0,0.0
S2030_Advanced_medium,S2030_Advanced_medium,2030,Advanced,medium,0,E0079,backbone,FIh2,FIh2S,,NH3_cracked_to_H2,0.0,3649635.0,0.0
S2030_Advanced_medium,S2030_Advanced_medium,2030,Advanced,medium,0,E0079,backbone,FIh2,FIh2S,,LOHC_to_H2,0.0,3649635.0,0.0
S2030_Advanced_medium,S2030_Advanced_medium,2030,Advanced,medium,0,E0081,backbone,FIh2Al,FIh2,,NH3_cracked_to_H2,0.0,183960.0,0.0
S2030_Advanced_medium,S2030_Advanced_medium,2030,Advanced,medium,0,E0081,backbone,FIh2Al,FIh2,,LOHC_to_H2,0.0,183960.0,0.0
S2030_Advanced_medium,S2030_Advanced_medium,2030,Advanced,medium,0,E0083,backbone,FIh2N,FIh2,,NH3_cracked_to_H2,0.0,3649635.0,0.0
S2030_Advanced_medium,S2030_Advanced_medium,2030,Advanced,medium,0,E0083,backbone,FIh2N,FIh2,,LOHC_to_H2,0.0,3649635.0,0.0
S2030_Advanced_medium,S2030_Advanced_medium,2030,Advanced,medium,0,E0085,backbone,FIh2S,FIh2,,NH3_cracked_to_H2,-0.0,3649635.0,-0.0
S2030_Advanced_medium,S2030_Advanced_medium,2030,Advanced,medium,0,E0085,backbone,FIh2S,FIh2,,LOHC_to_H2,0.0,3649635.0,0.0
S2030_Advanced_medium,S2030_Advanced_medium,2030,Advanced,medium,0,E0087,backbone,FIh2Al,DEh2,,NH3_cracked_to_H2,-0.0,95630.0,-0.0
S2030_Advanced_medium,S2030_Advanced_medium,2030,Advanced,medium,0,E0087,backbone,FIh2Al,DEh2,,LOHC_to_H2,-0.0,95630.0,-0.0
S2030_Advanced_medium,S2030_Advanced_medium,2030,Advanced,medium,0,E0091,backbone,FIh2Al,SEh2,,NH3_cracked_to_H2,0.0,183960.0,0.0
S2030_Advanced_medium,S2030_Advanced_medium,2030,Advanced,medium,0,E0091,backbone,FIh2Al,SEh2,,LOHC_to_H2,0.0,183960.0,0.0
S2030_Advanced_medium,S2030_Advanced_medium,2030,Advanced,medium,0,E0093,backbone,FIh2N,SEh2,,NH3_cracked_to_H2,-0.0,59130.0,-0.0
S2030_Advanced_medium,S2030_Advanced_medium,2030,Advanced,medium,0,E0093,backbone,FIh2N,SEh2,,LOHC_to_H2,-0.0,59130.0,-0.0
S2030_Advanced_medium,S2030_Advanced_medium,2030,Advanced,medium,0,E0099,backbone,FRh2Va,BEH2Mo,,NH3_cracked_to_H2,0.0,8760.0,0.0
S2030_Advanced_medium,S2030_Advanced_medium,2030,Advanced,medium,0,E0099,backbone,FRh2Va,BEH2Mo,,LOHC_to_H2,0.0,8760.0,0.0
S2030_Advanced_medium,S2030_Advanced_medium,2030,Advanced,medium,0,E0103,backbone,FRh2,FRh2S,,NH3_cracked_to_H2,9399.129485267964,70080.0,13.411999836284195
S2030_Advanced_medium,S2030_Advanced_medium,2030,Advanced,medium,0,E0103,backbone,FRh2,FRh2S,,LOHC_to_H2,0.0,70080.0,0.0
S2030_Advanced_medium,S2030_Advanced_medium,2030,Advanced,medium,0,E0107,backbone,FRh2,FRh2Va,,NH3_cracked_to_H2,8760.0,8760.0,100.0
S2030_Advanced_medium,S2030_Advanced_medium,2030,Advanced,medium,0,E0107,backbone,FRh2,FRh2Va,,LOHC_to_H2,-0.0,8760.0,-0.0
S2030_Advanced_medium,S2030_Advanced_medium,2030,Advanced,medium,0,E0111,backbone,FRh2S,FRh2,,NH3_cracked_to_H2,0.0,70080.0,0.0
S2030_Advanced_medium,S2030_Advanced_medium,2030,Advanced,medium,0,E0111,backbone,FRh2S,FRh2,,LOHC_to_H2,0.0,70080.0,0.0
S2030_Advanced_medium,S2030_Advanced_medium,2030,Advanced,medium,0,E0119,backbone,FRh2Va,FRh2,,NH3_cracked_to_H2,0.0,8760.0,0.0
S2030_Advanced_medium,S2030_Advanced_medium,2030,Advanced,medium,0,E0119,backbone,FRh2Va,FRh2,,LOHC_to_H2,0.0,8760.0,0.0
S2030_Advanced_medium,S2030_Advanced_medium,2030,Advanced,medium,0,E0127,backbone,FRh2,DEh2,,NH3_cracked_to_H2,0.0,76467.5,0.0
S2030_Advanced_medium,S2030_Advanced_medium,2030,Advanced,medium,0,E0127,backbone,FRh2,DEh2,,LOHC_to_H2,0.0,76467.5,0.0
S2030_Advanced_medium,S2030_Advanced_medium,2030,Advanced,medium,0,E0131,backbone,FRh2S,ESh2,,NH3_cracked_to_H2,9399.129485267964,78840.0,11.921777632252619
S2030_Advanced_medium,S2030_Advanced_medium,2030,Advanced,medium,0,E0131,backbone,FRh2S,ESh2,,LOHC_to_H2,-0.0,78840.0,-0.0
S2030_Advanced_medium,S2030_Advanced_medium,2030,Advanced,medium,0,E0137,backbone,DEh2,ATh2,,NH3_cracked_to_H2,17985.42174990777,54750.0,32.8500853879594
S2030_Advanced_medium,S2030_Advanced_medium,2030,Advanced,medium,0,E0137,backbone,DEh2,ATh2,,LOHC_to_H2,0.0,54750.0,0.0
S2030_Advanced_medium,S2030_Advanced_medium,2030,Advanced,medium,0,E0139,backbone,DEh2,BEh2,,NH3_cracked_to_H2,0.0,33288.0,0.0
S2030_Advanced_medium,S2030_Advanced_medium,2030,Advanced,medium,0,E0139,backbone,DEh2,BEh2,,LOHC_to_H2,0.0,33288.0,0.0
S2030_Advanced_medium,S2030_Advanced_medium,2030,Advanced,medium,0,E0141,backbone,DEh2,CZh2,,NH3_cracked_to_H2,0.0,105120.0,0.0
S2030_Advanced_medium,S2030_Advanced_medium,2030,Advanced,medium,0,E0141,backbone,DEh2,CZh2,,LOHC_to_H2,0.0,105120.0,0.0
S2030_Advanced_medium,S2030_Advanced_medium,2030,Advanced,medium,0,E0143,backbone,DEh2,DKh2,,NH3_cracked_to_H2,0.0,37668.0,0.0
S2030_Advanced_medium,S2030_Advanced_medium,2030,Advanced,medium,0,E0143,backbone,DEh2,DKh2,,LOHC_to_H2,0.0,37668.0,0.0
S2030_Advanced_medium,S2030_Advanced_medium,2030,Advanced,medium,0,E0145,backbone,DEh2,FRh2,,NH3_cracked_to_H2,24427.089175473928,70408.5,34.693381020010264
S2030_Advanced_medium,S2030_Advanced_medium,2030,Advanced,medium,0,E0145,backbone,DEh2,FRh2,,LOHC_to_H2,0.0,70408.5,0.0
S2030_Advanced_medium,S2030_Advanced_medium,2030,Advanced,medium,0,E0147,backbone,DEh2ba,DEh2,,NH3_cracked_to_H2,-0.0,15695.0,-0.0
S2030_Advanced_medium,S2030_Advanced_medium,2030,Advanced,medium,0,E0147,backbone,DEh2ba,DEh2,,LOHC_to_H2,3.623767952376511e-13,15695.0,2.3088677619474424e-15
S2030_Advanced_medium,S2030_Advanced_medium,2030,Advanced,medium,0,E0149,backbone,DEh2bp,DEh2,,NH3_cracked_to_H2,4686.6,4745.0,98.76923076923079
S2030_Advanced_medium,S2030_Advanced_medium,2030,Advanced,medium,0,E0149,backbone,DEh2bp,DEh2,,LOHC_to_H2,58.399999999999636,4745.0,1.230769230769223
S2030_Advanced_medium,S2030_Advanced_medium,2030,Advanced,medium,0,E0151,backbone,DEh2bp,DEh2ba,,NH3_cracked_to_H2,0.0,15695.0,0.0
S2030_Advanced_medium,S2030_Advanced_medium,2030,Advanced,medium,0,E0151,backbone,DEh2bp,DEh2ba,,LOHC_to_H2,3.623767952376511e-13,15695.0,2.3088677619474424e-15
S2030_Advanced_medium,S2030_Advanced_medium,2030,Advanced,medium,0,E0153,terminal_backbone,LH2_Tk_DE,DEh2,LH2_Tk_DE|DEh2,LOHC_to_H2,0.0,11388.0,0.0
S2030_Advanced_medium,S2030_Advanced_medium,2030,Advanced,medium,0,E0153,terminal_backbone,LH2_Tk_DE,DEh2,LH2_Tk_DE|DEh2,NH3_cracked_to_H2,11388.0,11388.0,100.0
S2030_Advanced_medium,S2030_Advanced_medium,2030,Advanced,medium,0,E0155,terminal_backbone,LH2_Tk_DEbp,DEh2bp,LH2_Tk_DEbp|DEh2bp,LOHC_to_H2,58.4,4745.0,1.2307692307692308
S2030_Advanced_medium,S2030_Advanced_medium,2030,Advanced,medium,0,E0155,terminal_backbone,LH2_Tk_DEbp,DEh2bp,LH2_Tk_DEbp|DEh2bp,NH3_cracked_to_H2,4686.6,4745.0,98.76923076923079
S2030_Advanced_medium,S2030_Advanced_medium,2030,Advanced,medium,0,E0157,backbone,DEh2,NLh2,,NH3_cracked_to_H2,0.0,108879.5,0.0
S2030_Advanced_medium,S2030_Advanced_medium,2030,Advanced,medium,0,E0157,backbone,DEh2,NLh2,,LOHC_to_H2,0.0,108879.5,0.0
S2030_Advanced_medium,S2030_Advanced_medium,2030,Advanced,medium,0,E0161,backbone,DEh2,PLh2N,,NH3_cracked_to_H2,0.0,7008.0,0.0
S2030_Advanced_medium,S2030_Advanced_medium,2030,Advanced,medium,0,E0161,backbone,DEh2,PLh2N,,LOHC_to_H2,0.0,7008.0,0.0
S2030_Advanced_medium,S2030_Advanced_medium,2030,Advanced,medium,0,E0163,backbone,DEh2,PLh2nbc,,NH3_cracked_to_H2,15173.850472992874,36500.0,41.572193076692805
S2030_Advanced_medium,S2030_Advanced_medium,2030,Advanced,medium,0,E0163,backbone,DEh2,PLh2nbc,,LOHC_to_H2,58.4,36500.0,0.16
S2030_Advanced_medium,S2030_Advanced_medium,2030,Advanced,medium,0,E0167,backbone,GRh2,BGh2,,NH3_cracked_to_H2,0.0,29200.0,0.0
S2030_Advanced_medium,S2030_Advanced_medium,2030,Advanced,medium,0,E0167,backbone,GRh2,BGh2,,LOHC_to_H2,0.0,29200.0,0.0
S2030_Advanced_medium,S2030_Advanced_medium,2030,Advanced,medium,0,E0179,backbone,HUh2,ROh2,,NH3_cracked_to_H2,-0.0,28032.0,-0.0
S2030_Advanced_medium,S2030_Advanced_medium,2030,Advanced,medium,0,E0179,backbone,HUh2,ROh2,,LOHC_to_H2,-0.0,28032.0,-0.0
S2030_Advanced_medium,S2030_Advanced_medium,2030,Advanced,medium,0,E0183,backbone,HUh2,IB-SKh2C,,NH3_cracked_to_H2,0.0,36500.0,0.0
S2030_Advanced_medium,S2030_Advanced_medium,2030,Advanced,medium,0,E0183,backbone,HUh2,IB-SKh2C,,LOHC_to_H2,0.0,36500.0,0.0
S2030_Advanced_medium,S2030_Advanced_medium,2030,Advanced,medium,0,E0193,backbone,IB-ITh2,ATh2,,NH3_cracked_to_H2,0.0,61320.0,0.0
S2030_Advanced_medium,S2030_Advanced_medium,2030,Advanced,medium,0,E0193,backbone,IB-ITh2,ATh2,,LOHC_to_H2,0.0,61320.0,0.0
S2030_Advanced_medium,S2030_Advanced_medium,2030,Advanced,medium,0,E0197,backbone,ITh2,IB-ITh2,,NH3_cracked_to_H2,-0.0,73000.0,-0.0
S2030_Advanced_medium,S2030_Advanced_medium,2030,Advanced,medium,0,E0197,backbone,ITh2,IB-ITh2,,LOHC_to_H2,-0.0,73000.0,-0.0
S2030_Advanced_medium,S2030_Advanced_medium,2030,Advanced,medium,0,E0207,backbone,LVh2,EEh2,,NH3_cracked_to_H2,0.0,36500.0,0.0
S2030_Advanced_medium,S2030_Advanced_medium,2030,Advanced,medium,0,E0207,backbone,LVh2,EEh2,,LOHC_to_H2,0.0,36500.0,0.0
S2030_Advanced_medium,S2030_Advanced_medium,2030,Advanced,medium,0,E0209,backbone,LVh2,LTh2,,NH3_cracked_to_H2,-0.0,73000.0,-0.0
S2030_Advanced_medium,S2030_Advanced_medium,2030,Advanced,medium,0,E0209,backbone,LVh2,LTh2,,LOHC_to_H2,-0.0,73000.0,-0.0
S2030_Advanced_medium,S2030_Advanced_medium,2030,Advanced,medium,0,E0211,backbone,LTh2,LVh2,,NH3_cracked_to_H2,0.0,36500.0,0.0
S2030_Advanced_medium,S2030_Advanced_medium,2030,Advanced,medium,0,E0211,backbone,LTh2,LVh2,,LOHC_to_H2,0.0,36500.0,0.0
S2030_Advanced_medium,S2030_Advanced_medium,2030,Advanced,medium,0,E0213,backbone,LTh2,PLh2nbc,,NH3_cracked_to_H2,-0.0,73000.0,-0.0
S2030_Advanced_medium,S2030_Advanced_medium,2030,Advanced,medium,0,E0213,backbone,LTh2,PLh2nbc,,LOHC_to_H2,-0.0,73000.0,-0.0
S2030_Advanced_medium,S2030_Advanced_medium,2030,Advanced,medium,0,E0223,backbone,NLh2,BEh2,,NH3_cracked_to_H2,0.0,13140.0,0.0
S2030_Advanced_medium,S2030_Advanced_medium,2030,Advanced,medium,0,E0223,backbone,NLh2,BEh2,,LOHC_to_H2,0.0,13140.0,0.0
S2030_Advanced_medium,S2030_Advanced_medium,2030,Advanced,medium,0,E0225,backbone,NLh2,DEh2,,NH3_cracked_to_H2,19867.261398374572,102492.0,19.384206960908728
S2030_Advanced_medium,S2030_Advanced_medium,2030,Advanced,medium,0,E0225,backbone,NLh2,DEh2,,LOHC_to_H2,0.0,102492.0,0.0
S2030_Advanced_medium,S2030_Advanced_medium,2030,Advanced,medium,0,E0227,terminal_backbone,LH2_Tk_NL,NLh2,LH2_Tk_NL|NLh2,NH3_cracked_to_H2,49749.50000000001,49749.50000000001,100.0
S2030_Advanced_medium,S2030_Advanced_medium,2030,Advanced,medium,0,E0243,backbone,PLh2N,DEh2,,NH3_cracked_to_H2,0.0,7008.0,0.0
S2030_Advanced_medium,S2030_Advanced_medium,2030,Advanced,medium,0,E0243,backbone,PLh2N,DEh2,,LOHC_to_H2,0.0,7008.0,0.0
S2030_Advanced_medium,S2030_Advanced_medium,2030,Advanced,medium,0,E0245,backbone,PLh2nbc,DEh2,,NH3_cracked_to_H2,0.0,73000.0,0.0
S2030_Advanced_medium,S2030_Advanced_medium,2030,Advanced,medium,0,E0245,backbone,PLh2nbc,DEh2,,LOHC_to_H2,0.0,73000.0,0.0
S2030_Advanced_medium,S2030_Advanced_medium,2030,Advanced,medium,0,E0247,backbone,PLh2nbc,LTh2,,NH3_cracked_to_H2,0.0,36500.0,0.0
S2030_Advanced_medium,S2030_Advanced_medium,2030,Advanced,medium,0,E0247,backbone,PLh2nbc,LTh2,,LOHC_to_H2,0.0,36500.0,0.0
S2030_Advanced_medium,S2030_Advanced_medium,2030,Advanced,medium,0,E0249,terminal_backbone,LH2_Tk_PLN,PLh2N,LH2_Tk_PLN|PLh2N,NH3_cracked_to_H2,6460.5,6460.5,100.0
S2030_Advanced_medium,S2030_Advanced_medium,2030,Advanced,medium,0,E0253,backbone,PLh2nbc,PLh2N,,NH3_cracked_to_H2,0.0,54750.0,0.0
S2030_Advanced_medium,S2030_Advanced_medium,2030,Advanced,medium,0,E0253,backbone,PLh2nbc,PLh2N,,LOHC_to_H2,0.0,54750.0,0.0
S2030_Advanced_medium,S2030_Advanced_medium,2030,Advanced,medium,0,E0267,backbone,PTh2,ESh2,,NH3_cracked_to_H2,-0.0,29565.0,-0.0
S2030_Advanced_medium,S2030_Advanced_medium,2030,Advanced,medium,0,E0267,backbone,PTh2,ESh2,,LOHC_to_H2,-0.0,29565.0,-0.0
S2030_Advanced_medium,S2030_Advanced_medium,2030,Advanced,medium,0,E0271,backbone,ROh2,HUh2,,NH3_cracked_to_H2,0.0,36500.0,0.0
S2030_Advanced_medium,S2030_Advanced_medium,2030,Advanced,medium,0,E0271,backbone,ROh2,HUh2,,LOHC_to_H2,0.0,36500.0,0.0
S2030_Advanced_medium,S2030_Advanced_medium,2030,Advanced,medium,0,E0285,backbone,IB-SKh2W,ATh2,,NH3_cracked_to_H2,0.0,52560.0,0.0
S2030_Advanced_medium,S2030_Advanced_medium,2030,Advanced,medium,0,E0285,backbone,IB-SKh2W,ATh2,,LOHC_to_H2,0.0,52560.0,0.0
S2030_Advanced_medium,S2030_Advanced_medium,2030,Advanced,medium,0,E0287,backbone,IB-SKh2W,CZh2,,NH3_cracked_to_H2,0.0,52560.0,0.0
S2030_Advanced_medium,S2030_Advanced_medium,2030,Advanced,medium,0,E0287,backbone,IB-SKh2W,CZh2,,LOHC_to_H2,0.0,52560.0,0.0
S2030_Advanced_medium,S2030_Advanced_medium,2030,Advanced,medium,0,E0289,backbone,IB-SKh2C,HUh2,,NH3_cracked_to_H2,-0.0,36500.0,-0.0
S2030_Advanced_medium,S2030_Advanced_medium,2030,Advanced,medium,0,E0289,backbone,IB-SKh2C,HUh2,,LOHC_to_H2,-0.0,36500.0,-0.0
S2030_Advanced_medium,S2030_Advanced_medium,2030,Advanced,medium,0,E0293,backbone,IB-SKh2C,SKh2E,,NH3_cracked_to_H2,-0.0,52560.0,-0.0
S2030_Advanced_medium,S2030_Advanced_medium,2030,Advanced,medium,0,E0293,backbone,IB-SKh2C,SKh2E,,LOHC_to_H2,-0.0,52560.0,-0.0
S2030_Advanced_medium,S2030_Advanced_medium,2030,Advanced,medium,0,E0295,backbone,IB-SKh2C,SKh2W,,NH3_cracked_to_H2,0.0,52560.0,0.0
S2030_Advanced_medium,S2030_Advanced_medium,2030,Advanced,medium,0,E0295,backbone,IB-SKh2C,SKh2W,,LOHC_to_H2,0.0,52560.0,0.0
S2030_Advanced_medium,S2030_Advanced_medium,2030,Advanced,medium,0,E0297,backbone,IB-SKh2E,SKh2E,,NH3_cracked_to_H2,-0.0,52560.0,-0.0
S2030_Advanced_medium,S2030_Advanced_medium,2030,Advanced,medium,0,E0297,backbone,IB-SKh2E,SKh2E,,LOHC_to_H2,-0.0,52560.0,-0.0
S2030_Advanced_medium,S2030_Advanced_medium,2030,Advanced,medium,0,E0299,backbone,IB-SKh2W,SKh2W,,NH3_cracked_to_H2,0.0,52560.0,0.0
S2030_Advanced_medium,S2030_Advanced_medium,2030,Advanced,medium,0,E0299,backbone,IB-SKh2W,SKh2W,,LOHC_to_H2,0.0,52560.0,0.0
S2030_Advanced_medium,S2030_Advanced_medium,2030,Advanced,medium,0,E0301,backbone,SKh2E,IB-SKh2C,,NH3_cracked_to_H2,0.0,52560.0,0.0
S2030_Advanced_medium,S2030_Advanced_medium,2030,Advanced,medium,0,E0301,backbone,SKh2E,IB-SKh2C,,LOHC_to_H2,0.0,52560.0,0.0
S2030_Advanced_medium,S2030_Advanced_medium,2030,Advanced,medium,0,E0303,backbone,SKh2E,IB-SKh2E,,NH3_cracked_to_H2,0.0,52560.0,0.0
S2030_Advanced_medium,S2030_Advanced_medium,2030,Advanced,medium,0,E0303,backbone,SKh2E,IB-SKh2E,,LOHC_to_H2,0.0,52560.0,0.0
S2030_Advanced_medium,S2030_Advanced_medium,2030,Advanced,medium,0,E0305,backbone,SKh2W,IB-SKh2C,,NH3_cracked_to_H2,-0.0,52560.0,-0.0
S2030_Advanced_medium,S2030_Advanced_medium,2030,Advanced,medium,0,E0305,backbone,SKh2W,IB-SKh2C,,LOHC_to_H2,-0.0,52560.0,-0.0
S2030_Advanced_medium,S2030_Advanced_medium,2030,Advanced,medium,0,E0307,backbone,SKh2W,IB-SKh2W,,NH3_cracked_to_H2,-0.0,52560.0,-0.0
S2030_Advanced_medium,S2030_Advanced_medium,2030,Advanced,medium,0,E0307,backbone,SKh2W,IB-SKh2W,,LOHC_to_H2,-0.0,52560.0,-0.0
S2030_Advanced_medium,S2030_Advanced_medium,2030,Advanced,medium,0,E0319,backbone,ESh2,FRh2S,,NH3_cracked_to_H2,0.0,78840.0,0.0
S2030_Advanced_medium,S2030_Advanced_medium,2030,Advanced,medium,0,E0319,backbone,ESh2,FRh2S,,LOHC_to_H2,0.0,78840.0,0.0
S2030_Advanced_medium,S2030_Advanced_medium,2030,Advanced,medium,0,E0325,backbone,ESh2,PTh2,,NH3_cracked_to_H2,0.0,29565.0,0.0
S2030_Advanced_medium,S2030_Advanced_medium,2030,Advanced,medium,0,E0325,backbone,ESh2,PTh2,,LOHC_to_H2,0.0,29565.0,0.0
S2030_Advanced_medium,S2030_Advanced_medium,2030,Advanced,medium,0,E0327,backbone,SEh2,FIh2Al,,NH3_cracked_to_H2,-0.0,183960.0,-0.0
S2030_Advanced_medium,S2030_Advanced_medium,2030,Advanced,medium,0,E0327,backbone,SEh2,FIh2Al,,LOHC_to_H2,-0.0,183960.0,-0.0
S2030_Advanced_medium,S2030_Advanced_medium,2030,Advanced,medium,0,E0329,backbone,SEh2,FIh2N,,NH3_cracked_to_H2,0.0,59130.0,0.0
S2030_Advanced_medium,S2030_Advanced_medium,2030,Advanced,medium,0,E0329,backbone,SEh2,FIh2N,,LOHC_to_H2,0.0,59130.0,0.0
S2030_Advanced_high,S2030_Advanced_high,2030,Advanced,high,0,E0003,backbone,DZh2,ITh2,,NH3_cracked_to_H2,-0.0,163520.0,-0.0
S2030_Advanced_high,S2030_Advanced_high,2030,Advanced,high,0,E0003,backbone,DZh2,ITh2,,LOHC_to_H2,-0.0,163520.0,-0.0
S2030_Advanced_high,S2030_Advanced_high,2030,Advanced,high,0,E0005,backbone,ATh2,DEh2,,NH3_cracked_to_H2,0.0,54750.0,0.0
S2030_Advanced_high,S2030_Advanced_high,2030,Advanced,high,0,E0005,backbone,ATh2,DEh2,,LOHC_to_H2,0.0,54750.0,0.0
S2030_Advanced_high,S2030_Advanced_high,2030,Advanced,high,0,E0009,backbone,ATh2,IB-ITh2,,NH3_cracked_to_H2,7058.019161864906,45990.0,15.346856190182443
S2030_Advanced_high,S2030_Advanced_high,2030,Advanced,high,0,E0009,backbone,ATh2,IB-ITh2,,LOHC_to_H2,58.4,45990.0,0.12698412698412698
S2030_Advanced_high,S2030_Advanced_high,2030,Advanced,high,0,E0011,backbone,ATh2,IB-SKh2W,,NH3_cracked_to_H2,-0.0,52560.0,-0.0
S2030_Advanced_high,S2030_Advanced_high,2030,Advanced,high,0,E0011,backbone,ATh2,IB-SKh2W,,LOHC_to_H2,-0.0,52560.0,-0.0
S2030_Advanced_high,S2030_Advanced_high,2030,Advanced,high,0,E0019,terminal_backbone,LH2_Tk_BE,BEh2,LH2_Tk_BE|BEh2,NH3_cracked_to_H2,21644.5,21644.5,100.0
S2030_Advanced_high,S2030_Advanced_high,2030,Advanced,high,0,E0025,backbone,BEH2Mo,FRh2Va,,NH3_cracked_to_H2,-0.0,8760.0,-0.0
S2030_Advanced_high,S2030_Advanced_high,2030,Advanced,high,0,E0025,backbone,BEH2Mo,FRh2Va,,LOHC_to_H2,-0.0,8760.0,-0.0
S2030_Advanced_high,S2030_Advanced_high,2030,Advanced,high,0,E0027,backbone,BEh2,DEh2,,NH3_cracked_to_H2,21644.5,33288.0,65.0219298245614
S2030_Advanced_high,S2030_Advanced_high,2030,Advanced,high,0,E0027,backbone,BEh2,DEh2,,LOHC_to_H2,-0.0,33288.0,-0.0
S2030_Advanced_high,S2030_Advanced_high,2030,Advanced,high,0,E0031,backbone,BEh2,NLh2,,NH3_cracked_to_H2,0.0,13140.0,0.0
S2030_Advanced_high,S2030_Advanced_high,2030,Advanced,high,0,E0031,backbone,BEh2,NLh2,,LOHC_to_H2,0.0,13140.0,0.0
S2030_Advanced_high,S2030_Advanced_high,2030,Advanced,high,0,E0035,backbone,BAh2,HRh2,,NH3_cracked_to_H2,-0.0,41975.0,-0.0
S2030_Advanced_high,S2030_Advanced_high,2030,Advanced,high,0,E0035,backbone,BAh2,HRh2,,LOHC_to_H2,-0.0,41975.0,-0.0
S2030_Advanced_high,S2030_Advanced_high,2030,Advanced,high,0,E0037,backbone,BGh2,GRh2,,NH3_cracked_to_H2,-0.0,29200.0,-0.0
S2030_Advanced_high,S2030_Advanced_high,2030,Advanced,high,0,E0037,backbone,BGh2,GRh2,,LOHC_to_H2,-0.0,29200.0,-0.0
S2030_Advanced_high,S2030_Advanced_high,2030,Advanced,high,0,E0045,backbone,HRh2,BAh2,,NH3_cracked_to_H2,0.0,41975.0,0.0
S2030_Advanced_high,S2030_Advanced_high,2030,Advanced,high,0,E0045,backbone,HRh2,BAh2,,LOHC_to_H2,0.0,41975.0,0.0
S2030_Advanced_high,S2030_Advanced_high,2030,Advanced,high,0,E0057,backbone,CZh2,DEh2,,NH3_cracked_to_H2,-0.0,105120.0,-0.0
S2030_Advanced_high,S2030_Advanced_high,2030,Advanced,high,0,E0057,backbone,CZh2,DEh2,,LOHC_to_H2,-0.0,105120.0,-0.0
S2030_Advanced_high,S2030_Advanced_high,2030,Advanced,high,0,E0063,backbone,DKh2,DEh2,,NH3_cracked_to_H2,-0.0,37668.0,-0.0
S2030_Advanced_high,S2030_Advanced_high,2030,Advanced,high,0,E0063,backbone,DKh2,DEh2,,LOHC_to_H2,-0.0,37668.0,-0.0
S2030_Advanced_high,S2030_Advanced_high,2030,Advanced,high,0,E0069,backbone,EEh2,FIh2S,,NH3_cracked_to_H2,0.0,36500.0,0.0
S2030_Advanced_high,S2030_Advanced_high,2030,Advanced,high,0,E0069,backbone,EEh2,FIh2S,,LOHC_to_H2,0.0,36500.0,0.0
S2030_Advanced_high,S2030_Advanced_high,2030,Advanced,high,0,E0071,backbone,EEh2,LVh2,,NH3_cracked_to_H2,-0.0,73000.0,-0.0
S2030_Advanced_high,S2030_Advanced_high,2030,Advanced,high,0,E0071,backbone,EEh2,LVh2,,LOHC_to_H2,-0.0,73000.0,-0.0
S2030_Advanced_high,S2030_Advanced_high,2030,Advanced,high,0,E0073,backbone,FIh2S,EEh2,,NH3_cracked_to_H2,-0.0,73000.0,-0.0
S2030_Advanced_high,S2030_Advanced_high,2030,Advanced,high,0,E0073,backbone,FIh2S,EEh2,,LOHC_to_H2,0.0,73000.0,0.0
S2030_Advanced_high,S2030_Advanced_high,2030,Advanced,high,0,E0075,backbone,FIh2,FIh2Al,,NH3_cracked_to_H2,-0.0,183960.0,-0.0
S2030_Advanced_high,S2030_Advanced_high,2030,Advanced,high,0,E0075,backbone,FIh2,FIh2Al,,LOHC_to_H2,-0.0,183960.0,-0.0
S2030_Advanced_high,S2030_Advanced_high,2030,Advanced,high,0,E0077,backbone,FIh2,FIh2N,,NH3_cracked_to_H2,0.0,3649635.0,0.0
S2030_Advanced_high,S2030_Advanced_high,2030,Advanced,high,0,E0077,backbone,FIh2,FIh2N,,LOHC_to_H2,0.0,3649635.0,0.0
S2030_Advanced_high,S2030_Advanced_high,2030,Advanced,high,0,E0079,backbone,FIh2,FIh2S,,NH3_cracked_to_H2,0.0,3649635.0,0.0
S2030_Advanced_high,S2030_Advanced_high,2030,Advanced,high,0,E0079,backbone,FIh2,FIh2S,,LOHC_to_H2,0.0,3649635.0,0.0
S2030_Advanced_high,S2030_Advanced_high,2030,Advanced,high,0,E0081,backbone,FIh2Al,FIh2,,NH3_cracked_to_H2,0.0,183960.0,0.0
S2030_Advanced_high,S2030_Advanced_high,2030,Advanced,high,0,E0081,backbone,FIh2Al,FIh2,,LOHC_to_H2,0.0,183960.0,0.0
S2030_Advanced_high,S2030_Advanced_high,2030,Advanced,high,0,E0083,backbone,FIh2N,FIh2,,NH3_cracked_to_H2,0.0,3649635.0,0.0
S2030_Advanced_high,S2030_Advanced_high,2030,Advanced,high,0,E0083,backbone,FIh2N,FIh2,,LOHC_to_H2,0.0,3649635.0,0.0
S2030_Advanced_high,S2030_Advanced_high,2030,Advanced,high,0,E0085,backbone,FIh2S,FIh2,,NH3_cracked_to_H2,0.0,3649635.0,0.0
S2030_Advanced_high,S2030_Advanced_high,2030,Advanced,high,0,E0085,backbone,FIh2S,FIh2,,LOHC_to_H2,-0.0,3649635.0,-0.0
S2030_Advanced_high,S2030_Advanced_high,2030,Advanced,high,0,E0087,backbone,FIh2Al,DEh2,,NH3_cracked_to_H2,-0.0,95630.0,-0.0
S2030_Advanced_high,S2030_Advanced_high,2030,Advanced,high,0,E0087,backbone,FIh2Al,DEh2,,LOHC_to_H2,-0.0,95630.0,-0.0
S2030_Advanced_high,S2030_Advanced_high,2030,Advanced,high,0,E0091,backbone,FIh2Al,SEh2,,NH3_cracked_to_H2,0.0,183960.0,0.0
S2030_Advanced_high,S2030_Advanced_high,2030,Advanced,high,0,E0091,backbone,FIh2Al,SEh2,,LOHC_to_H2,0.0,183960.0,0.0
S2030_Advanced_high,S2030_Advanced_high,2030,Advanced,high,0,E0093,backbone,FIh2N,SEh2,,NH3_cracked_to_H2,-0.0,59130.0,-0.0
S2030_Advanced_high,S2030_Advanced_high,2030,Advanced,high,0,E0093,backbone,FIh2N,SEh2,,LOHC_to_H2,-0.0,59130.0,-0.0
S2030_Advanced_high,S2030_Advanced_high,2030,Advanced,high,0,E0099,backbone,FRh2Va,BEH2Mo,,NH3_cracked_to_H2,0.0,8760.0,0.0
S2030_Advanced_high,S2030_Advanced_high,2030,Advanced,high,0,E0099,backbone,FRh2Va,BEH2Mo,,LOHC_to_H2,0.0,8760.0,0.0
S2030_Advanced_high,S2030_Advanced_high,2030,Advanced,high,0,E0103,backbone,FRh2,FRh2S,,NH3_cracked_to_H2,0.0,70080.0,0.0
S2030_Advanced_high,S2030_Advanced_high,2030,Advanced,high,0,E0103,backbone,FRh2,FRh2S,,LOHC_to_H2,0.0,70080.0,0.0
S2030_Advanced_high,S2030_Advanced_high,2030,Advanced,high,0,E0107,backbone,FRh2,FRh2Va,,NH3_cracked_to_H2,7650.7010270321425,8760.0,87.3367697149788
S2030_Advanced_high,S2030_Advanced_high,2030,Advanced,high,0,E0107,backbone,FRh2,FRh2Va,,LOHC_to_H2,-0.0,8760.0,-0.0
S2030_Advanced_high,S2030_Advanced_high,2030,Advanced,high,0,E0111,backbone,FRh2S,FRh2,,NH3_cracked_to_H2,0.0,70080.0,0.0
S2030_Advanced_high,S2030_Advanced_high,2030,Advanced,high,0,E0111,backbone,FRh2S,FRh2,,LOHC_to_H2,0.0,70080.0,0.0
S2030_Advanced_high,S2030_Advanced_high,2030,Advanced,high,0,E0119,backbone,FRh2Va,FRh2,,NH3_cracked_to_H2,0.0,8760.0,0.0
S2030_Advanced_high,S2030_Advanced_high,2030,Advanced,high,0,E0119,backbone,FRh2Va,FRh2,,LOHC_to_H2,0.0,8760.0,0.0
S2030_Advanced_high,S2030_Advanced_high,2030,Advanced,high,0,E0127,backbone,FRh2,DEh2,,NH3_cracked_to_H2,0.0,76467.5,0.0
S2030_Advanced_high,S2030_Advanced_high,2030,Advanced,high,0,E0127,backbone,FRh2,DEh2,,LOHC_to_H2,0.0,76467.5,0.0
S2030_Advanced_high,S2030_Advanced_high,2030,Advanced,high,0,E0131,backbone,FRh2S,ESh2,,NH3_cracked_to_H2,-0.0,78840.0,-0.0
S2030_Advanced_high,S2030_Advanced_high,2030,Advanced,high,0,E0131,backbone,FRh2S,ESh2,,LOHC_to_H2,-0.0,78840.0,-0.0
S2030_Advanced_high,S2030_Advanced_high,2030,Advanced,high,0,E0137,backbone,DEh2,ATh2,,NH3_cracked_to_H2,7058.019161864906,54750.0,12.891359199753252
S2030_Advanced_high,S2030_Advanced_high,2030,Advanced,high,0,E0137,backbone,DEh2,ATh2,,LOHC_to_H2,58.4,54750.0,0.10666666666666667
S2030_Advanced_high,S2030_Advanced_high,2030,Advanced,high,0,E0139,backbone,DEh2,BEh2,,NH3_cracked_to_H2,0.0,33288.0,0.0
S2030_Advanced_high,S2030_Advanced_high,2030,Advanced,high,0,E0139,backbone,DEh2,BEh2,,LOHC_to_H2,0.0,33288.0,0.0
S2030_Advanced_high,S2030_Advanced_high,2030,Advanced,high,0,E0141,backbone,DEh2,CZh2,,NH3_cracked_to_H2,0.0,105120.0,0.0
S2030_Advanced_high,S2030_Advanced_high,2030,Advanced,high,0,E0141,backbone,DEh2,CZh2,,LOHC_to_H2,0.0,105120.0,0.0
S2030_Advanced_high,S2030_Advanced_high,2030,Advanced,high,0,E0143,backbone,DEh2,DKh2,,NH3_cracked_to_H2,0.0,37668.0,0.0
S2030_Advanced_high,S2030_Advanced_high,2030,Advanced,high,0,E0143,backbone,DEh2,DKh2,,LOHC_to_H2,0.0,37668.0,0.0
S2030_Advanced_high,S2030_Advanced_high,2030,Advanced,high,0,E0145,backbone,DEh2,FRh2,,NH3_cracked_to_H2,19338.314977352646,70408.5,27.465881217967496
S2030_Advanced_high,S2030_Advanced_high,2030,Advanced,high,0,E0145,backbone,DEh2,FRh2,,LOHC_to_H2,0.0,70408.5,0.0
S2030_Advanced_high,S2030_Advanced_high,2030,Advanced,high,0,E0147,backbone,DEh2ba,DEh2,,NH3_cracked_to_H2,4686.6,15695.0,29.860465116279073
S2030_Advanced_high,S2030_Advanced_high,2030,Advanced,high,0,E0147,backbone,DEh2ba,DEh2,,LOHC_to_H2,-0.0,15695.0,-0.0
S2030_Advanced_high,S2030_Advanced_high,2030,Advanced,high,0,E0149,backbone,DEh2bp,DEh2,,NH3_cracked_to_H2,0.0,4745.0,0.0
S2030_Advanced_high,S2030_Advanced_high,2030,Advanced,high,0,E0149,backbone,DEh2bp,DEh2,,LOHC_to_H2,58.4,4745.0,1.2307692307692308
S2030_Advanced_high,S2030_Advanced_high,2030,Advanced,high,0,E0151,backbone,DEh2bp,DEh2ba,,NH3_cracked_to_H2,4686.6,15695.0,29.860465116279073
S2030_Advanced_high,S2030_Advanced_high,2030,Advanced,high,0,E0151,backbone,DEh2bp,DEh2ba,,LOHC_to_H2,0.0,15695.0,0.0
S2030_Advanced_high,S2030_Advanced_high,2030,Advanced,high,0,E0153,terminal_backbone,LH2_Tk_DE,DEh2,LH2_Tk_DE|DEh2,LOHC_to_H2,0.0,11388.0,0.0
S2030_Advanced_high,S2030_Advanced_high,2030,Advanced,high,0,E0153,terminal_backbone,LH2_Tk_DE,DEh2,LH2_Tk_DE|DEh2,NH3_cracked_to_H2,11388.0,11388.0,100.0
S2030_Advanced_high,S2030_Advanced_high,2030,Advanced,high,0,E0155,terminal_backbone,LH2_Tk_DEbp,DEh2bp,LH2_Tk_DEbp|DEh2bp,LOHC_to_H2,58.4,4745.0,1.2307692307692308
S2030_Advanced_high,S2030_Advanced_high,2030,Advanced,high,0,E0155,terminal_backbone,LH2_Tk_DEbp,DEh2bp,LH2_Tk_DEbp|DEh2bp,NH3_cracked_to_H2,4686.6,4745.0,98.76923076923079
S2030_Advanced_high,S2030_Advanced_high,2030,Advanced,high,0,E0157,backbone,DEh2,NLh2,,NH3_cracked_to_H2,0.0,108879.5,0.0
S2030_Advanced_high,S2030_Advanced_high,2030,Advanced,high,0,E0157,backbone,DEh2,NLh2,,LOHC_to_H2,0.0,108879.5,0.0
S2030_Advanced_high,S2030_Advanced_high,2030,Advanced,high,0,E0161,backbone,DEh2,PLh2N,,NH3_cracked_to_H2,0.0,7008.0,0.0
S2030_Advanced_high,S2030_Advanced_high,2030,Advanced,high,0,E0161,backbone,DEh2,PLh2N,,LOHC_to_H2,0.0,7008.0,0.0
S2030_Advanced_high,S2030_Advanced_high,2030,Advanced,high,0,E0163,backbone,DEh2,PLh2nbc,,NH3_cracked_to_H2,20603.23818619788,36500.0,56.44722790739145
S2030_Advanced_high,S2030_Advanced_high,2030,Advanced,high,0,E0163,backbone,DEh2,PLh2nbc,,LOHC_to_H2,0.0,36500.0,0.0
S2030_Advanced_high,S2030_Advanced_high,2030,Advanced,high,0,E0167,backbone,GRh2,BGh2,,NH3_cracked_to_H2,0.0,29200.0,0.0
S2030_Advanced_high,S2030_Advanced_high,2030,Advanced,high,0,E0167,backbone,GRh2,BGh2,,LOHC_to_H2,0.0,29200.0,0.0
S2030_Advanced_high,S2030_Advanced_high,2030,Advanced,high,0,E0179,backbone,HUh2,ROh2,,NH3_cracked_to_H2,-0.0,28032.0,-0.0
S2030_Advanced_high,S2030_Advanced_high,2030,Advanced,high,0,E0179,backbone,HUh2,ROh2,,LOHC_to_H2,-0.0,28032.0,-0.0
S2030_Advanced_high,S2030_Advanced_high,2030,Advanced,high,0,E0183,backbone,HUh2,IB-SKh2C,,NH3_cracked_to_H2,0.0,36500.0,0.0
S2030_Advanced_high,S2030_Advanced_high,2030,Advanced,high,0,E0183,backbone,HUh2,IB-SKh2C,,LOHC_to_H2,0.0,36500.0,0.0
S2030_Advanced_high,S2030_Advanced_high,2030,Advanced,high,0,E0193,backbone,IB-ITh2,ATh2,,NH3_cracked_to_H2,0.0,61320.0,0.0
S2030_Advanced_high,S2030_Advanced_high,2030,Advanced,high,0,E0193,backbone,IB-ITh2,ATh2,,LOHC_to_H2,0.0,61320.0,0.0
S2030_Advanced_high,S2030_Advanced_high,2030,Advanced,high,0,E0197,backbone,ITh2,IB-ITh2,,NH3_cracked_to_H2,-0.0,73000.0,-0.0
S2030_Advanced_high,S2030_Advanced_high,2030,Advanced,high,0,E0197,backbone,ITh2,IB-ITh2,,LOHC_to_H2,-0.0,73000.0,-0.0
S2030_Advanced_high,S2030_Advanced_high,2030,Advanced,high,0,E0207,backbone,LVh2,EEh2,,NH3_cracked_to_H2,0.0,36500.0,0.0
S2030_Advanced_high,S2030_Advanced_high,2030,Advanced,high,0,E0207,backbone,LVh2,EEh2,,LOHC_to_H2,0.0,36500.0,0.0
S2030_Advanced_high,S2030_Advanced_high,2030,Advanced,high,0,E0209,backbone,LVh2,LTh2,,NH3_cracked_to_H2,-0.0,73000.0,-0.0
S2030_Advanced_high,S2030_Advanced_high,2030,Advanced,high,0,E0209,backbone,LVh2,LTh2,,LOHC_to_H2,-0.0,73000.0,-0.0
S2030_Advanced_high,S2030_Advanced_high,2030,Advanced,high,0,E0211,backbone,LTh2,LVh2,,NH3_cracked_to_H2,0.0,36500.0,0.0
S2030_Advanced_high,S2030_Advanced_high,2030,Advanced,high,0,E0211,backbone,LTh2,LVh2,,LOHC_to_H2,0.0,36500.0,0.0
S2030_Advanced_high,S2030_Advanced_high,2030,Advanced,high,0,E0213,backbone,LTh2,PLh2nbc,,NH3_cracked_to_H2,-0.0,73000.0,-0.0
S2030_Advanced_high,S2030_Advanced_high,2030,Advanced,high,0,E0213,backbone,LTh2,PLh2nbc,,LOHC_to_H2,-0.0,73000.0,-0.0
S2030_Advanced_high,S2030_Advanced_high,2030,Advanced,high,0,E0223,backbone,NLh2,BEh2,,NH3_cracked_to_H2,0.0,13140.0,0.0
S2030_Advanced_high,S2030_Advanced_high,2030,Advanced,high,0,E0223,backbone,NLh2,BEh2,,LOHC_to_H2,0.0,13140.0,0.0
S2030_Advanced_high,S2030_Advanced_high,2030,Advanced,high,0,E0225,backbone,NLh2,DEh2,,NH3_cracked_to_H2,9280.47232541543,102492.0,9.054826060000225
S2030_Advanced_high,S2030_Advanced_high,2030,Advanced,high,0,E0225,backbone,NLh2,DEh2,,LOHC_to_H2,-0.0,102492.0,-0.0
S2030_Advanced_high,S2030_Advanced_high,2030,Advanced,high,0,E0227,terminal_backbone,LH2_Tk_NL,NLh2,LH2_Tk_NL|NLh2,NH3_cracked_to_H2,49749.50000000001,49749.50000000001,100.0
S2030_Advanced_high,S2030_Advanced_high,2030,Advanced,high,0,E0243,backbone,PLh2N,DEh2,,NH3_cracked_to_H2,0.0,7008.0,0.0
S2030_Advanced_high,S2030_Advanced_high,2030,Advanced,high,0,E0243,backbone,PLh2N,DEh2,,LOHC_to_H2,0.0,7008.0,0.0
S2030_Advanced_high,S2030_Advanced_high,2030,Advanced,high,0,E0245,backbone,PLh2nbc,DEh2,,NH3_cracked_to_H2,0.0,73000.0,0.0
S2030_Advanced_high,S2030_Advanced_high,2030,Advanced,high,0,E0245,backbone,PLh2nbc,DEh2,,LOHC_to_H2,0.0,73000.0,0.0
S2030_Advanced_high,S2030_Advanced_high,2030,Advanced,high,0,E0247,backbone,PLh2nbc,LTh2,,NH3_cracked_to_H2,0.0,36500.0,0.0
S2030_Advanced_high,S2030_Advanced_high,2030,Advanced,high,0,E0247,backbone,PLh2nbc,LTh2,,LOHC_to_H2,0.0,36500.0,0.0
S2030_Advanced_high,S2030_Advanced_high,2030,Advanced,high,0,E0249,terminal_backbone,LH2_Tk_PLN,PLh2N,LH2_Tk_PLN|PLh2N,NH3_cracked_to_H2,6460.5,6460.5,100.0
S2030_Advanced_high,S2030_Advanced_high,2030,Advanced,high,0,E0253,backbone,PLh2nbc,PLh2N,,NH3_cracked_to_H2,0.0,54750.0,0.0
S2030_Advanced_high,S2030_Advanced_high,2030,Advanced,high,0,E0253,backbone,PLh2nbc,PLh2N,,LOHC_to_H2,0.0,54750.0,0.0
S2030_Advanced_high,S2030_Advanced_high,2030,Advanced,high,0,E0267,backbone,PTh2,ESh2,,NH3_cracked_to_H2,-0.0,29565.0,-0.0
S2030_Advanced_high,S2030_Advanced_high,2030,Advanced,high,0,E0267,backbone,PTh2,ESh2,,LOHC_to_H2,-0.0,29565.0,-0.0
S2030_Advanced_high,S2030_Advanced_high,2030,Advanced,high,0,E0271,backbone,ROh2,HUh2,,NH3_cracked_to_H2,0.0,36500.0,0.0
S2030_Advanced_high,S2030_Advanced_high,2030,Advanced,high,0,E0271,backbone,ROh2,HUh2,,LOHC_to_H2,0.0,36500.0,0.0
S2030_Advanced_high,S2030_Advanced_high,2030,Advanced,high,0,E0285,backbone,IB-SKh2W,ATh2,,NH3_cracked_to_H2,0.0,52560.0,0.0
S2030_Advanced_high,S2030_Advanced_high,2030,Advanced,high,0,E0285,backbone,IB-SKh2W,ATh2,,LOHC_to_H2,0.0,52560.0,0.0
S2030_Advanced_high,S2030_Advanced_high,2030,Advanced,high,0,E0287,backbone,IB-SKh2W,CZh2,,NH3_cracked_to_H2,0.0,52560.0,0.0
S2030_Advanced_high,S2030_Advanced_high,2030,Advanced,high,0,E0287,backbone,IB-SKh2W,CZh2,,LOHC_to_H2,0.0,52560.0,0.0
S2030_Advanced_high,S2030_Advanced_high,2030,Advanced,high,0,E0289,backbone,IB-SKh2C,HUh2,,NH3_cracked_to_H2,-0.0,36500.0,-0.0
S2030_Advanced_high,S2030_Advanced_high,2030,Advanced,high,0,E0289,backbone,IB-SKh2C,HUh2,,LOHC_to_H2,-0.0,36500.0,-0.0
S2030_Advanced_high,S2030_Advanced_high,2030,Advanced,high,0,E0293,backbone,IB-SKh2C,SKh2E,,NH3_cracked_to_H2,-0.0,52560.0,-0.0
S2030_Advanced_high,S2030_Advanced_high,2030,Advanced,high,0,E0293,backbone,IB-SKh2C,SKh2E,,LOHC_to_H2,-0.0,52560.0,-0.0
S2030_Advanced_high,S2030_Advanced_high,2030,Advanced,high,0,E0295,backbone,IB-SKh2C,SKh2W,,NH3_cracked_to_H2,0.0,52560.0,0.0
S2030_Advanced_high,S2030_Advanced_high,2030,Advanced,high,0,E0295,backbone,IB-SKh2C,SKh2W,,LOHC_to_H2,0.0,52560.0,0.0
S2030_Advanced_high,S2030_Advanced_high,2030,Advanced,high,0,E0297,backbone,IB-SKh2E,SKh2E,,NH3_cracked_to_H2,-0.0,52560.0,-0.0
S2030_Advanced_high,S2030_Advanced_high,2030,Advanced,high,0,E0297,backbone,IB-SKh2E,SKh2E,,LOHC_to_H2,-0.0,52560.0,-0.0
S2030_Advanced_high,S2030_Advanced_high,2030,Advanced,high,0,E0299,backbone,IB-SKh2W,SKh2W,,NH3_cracked_to_H2,0.0,52560.0,0.0
S2030_Advanced_high,S2030_Advanced_high,2030,Advanced,high,0,E0299,backbone,IB-SKh2W,SKh2W,,LOHC_to_H2,0.0,52560.0,0.0
S2030_Advanced_high,S2030_Advanced_high,2030,Advanced,high,0,E0301,backbone,SKh2E,IB-SKh2C,,NH3_cracked_to_H2,0.0,52560.0,0.0
S2030_Advanced_high,S2030_Advanced_high,2030,Advanced,high,0,E0301,backbone,SKh2E,IB-SKh2C,,LOHC_to_H2,0.0,52560.0,0.0
S2030_Advanced_high,S2030_Advanced_high,2030,Advanced,high,0,E0303,backbone,SKh2E,IB-SKh2E,,NH3_cracked_to_H2,0.0,52560.0,0.0
S2030_Advanced_high,S2030_Advanced_high,2030,Advanced,high,0,E0303,backbone,SKh2E,IB-SKh2E,,LOHC_to_H2,0.0,52560.0,0.0
S2030_Advanced_high,S2030_Advanced_high,2030,Advanced,high,0,E0305,backbone,SKh2W,IB-SKh2C,,NH3_cracked_to_H2,-0.0,52560.0,-0.0
S2030_Advanced_high,S2030_Advanced_high,2030,Advanced,high,0,E0305,backbone,SKh2W,IB-SKh2C,,LOHC_to_H2,-0.0,52560.0,-0.0
S2030_Advanced_high,S2030_Advanced_high,2030,Advanced,high,0,E0307,backbone,SKh2W,IB-SKh2W,,NH3_cracked_to_H2,-0.0,52560.0,-0.0
S2030_Advanced_high,S2030_Advanced_high,2030,Advanced,high,0,E0307,backbone,SKh2W,IB-SKh2W,,LOHC_to_H2,-0.0,52560.0,-0.0
S2030_Advanced_high,S2030_Advanced_high,2030,Advanced,high,0,E0319,backbone,ESh2,FRh2S,,NH3_cracked_to_H2,0.0,78840.0,0.0
S2030_Advanced_high,S2030_Advanced_high,2030,Advanced,high,0,E0319,backbone,ESh2,FRh2S,,LOHC_to_H2,0.0,78840.0,0.0
S2030_Advanced_high,S2030_Advanced_high,2030,Advanced,high,0,E0325,backbone,ESh2,PTh2,,NH3_cracked_to_H2,0.0,29565.0,0.0
S2030_Advanced_high,S2030_Advanced_high,2030,Advanced,high,0,E0325,backbone,ESh2,PTh2,,LOHC_to_H2,0.0,29565.0,0.0
S2030_Advanced_high,S2030_Advanced_high,2030,Advanced,high,0,E0327,backbone,SEh2,FIh2Al,,NH3_cracked_to_H2,-0.0,183960.0,-0.0
S2030_Advanced_high,S2030_Advanced_high,2030,Advanced,high,0,E0327,backbone,SEh2,FIh2Al,,LOHC_to_H2,-0.0,183960.0,-0.0
S2030_Advanced_high,S2030_Advanced_high,2030,Advanced,high,0,E0329,backbone,SEh2,FIh2N,,NH3_cracked_to_H2,0.0,59130.0,0.0
S2030_Advanced_high,S2030_Advanced_high,2030,Advanced,high,0,E0329,backbone,SEh2,FIh2N,,LOHC_to_H2,0.0,59130.0,0.0
S2040_PCIPMI_low,S2040_PCIPMI_low,2040,PCI/PMI,low,0,E0004,backbone,DZh2,ITh2,,NH3_cracked_to_H2,0.0,163520.0,0.0
S2040_PCIPMI_low,S2040_PCIPMI_low,2040,PCI/PMI,low,0,E0004,backbone,DZh2,ITh2,,LOHC_to_H2,0.0,163520.0,0.0
S2040_PCIPMI_low,S2040_PCIPMI_low,2040,PCI/PMI,low,0,E0006,backbone,ATh2,DEh2,,NH3_cracked_to_H2,0.0,54750.0,0.0
S2040_PCIPMI_low,S2040_PCIPMI_low,2040,PCI/PMI,low,0,E0006,backbone,ATh2,DEh2,,LOHC_to_H2,0.0,54750.0,0.0
S2040_PCIPMI_low,S2040_PCIPMI_low,2040,PCI/PMI,low,0,E0010,backbone,ATh2,IB-ITh2,,NH3_cracked_to_H2,24725.7716527293,45990.0,53.763365194018924
S2040_PCIPMI_low,S2040_PCIPMI_low,2040,PCI/PMI,low,0,E0010,backbone,ATh2,IB-ITh2,,LOHC_to_H2,-0.0,45990.0,-0.0
S2040_PCIPMI_low,S2040_PCIPMI_low,2040,PCI/PMI,low,0,E0012,backbone,ATh2,IB-SKh2W,,NH3_cracked_to_H2,-0.0,52560.0,-0.0
S2040_PCIPMI_low,S2040_PCIPMI_low,2040,PCI/PMI,low,0,E0012,backbone,ATh2,IB-SKh2W,,LOHC_to_H2,-0.0,52560.0,-0.0
S2040_PCIPMI_low,S2040_PCIPMI_low,2040,PCI/PMI,low,0,E0020,terminal_backbone,LH2_Tk_BE,BEh2,LH2_Tk_BE|BEh2,NH3_cracked_to_H2,40816.04276304263,70664.0,57.760730729993526
S2040_PCIPMI_low,S2040_PCIPMI_low,2040,PCI/PMI,low,0,E0022,backbone,BEh2,FRh2,,NH3_cracked_to_H2,13140.0,13140.0,100.0
S2040_PCIPMI_low,S2040_PCIPMI_low,2040,PCI/PMI,low,0,E0022,backbone,BEh2,FRh2,,LOHC_to_H2,0.0,13140.0,0.0
S2040_PCIPMI_low,S2040_PCIPMI_low,2040,PCI/PMI,low,0,E0024,backbone,BEh2,FRh2N,,NH3_cracked_to_H2,4849.276178301789,17520.0,27.678516999439434
S2040_PCIPMI_low,S2040_PCIPMI_low,2040,PCI/PMI,low,0,E0024,backbone,BEh2,FRh2N,,LOHC_to_H2,-0.0,17520.0,-0.0
S2040_PCIPMI_low,S2040_PCIPMI_low,2040,PCI/PMI,low,0,E0026,backbone,BEH2Mo,FRh2Va,,NH3_cracked_to_H2,-0.0,8760.0,-0.0
S2040_PCIPMI_low,S2040_PCIPMI_low,2040,PCI/PMI,low,0,E0026,backbone,BEH2Mo,FRh2Va,,LOHC_to_H2,-0.0,8760.0,-0.0
S2040_PCIPMI_low,S2040_PCIPMI_low,2040,PCI/PMI,low,0,E0028,backbone,BEh2,DEh2,,NH3_cracked_to_H2,22826.766584740835,33288.0,68.57355979554444
S2040_PCIPMI_low,S2040_PCIPMI_low,2040,PCI/PMI,low,0,E0028,backbone,BEh2,DEh2,,LOHC_to_H2,0.0,33288.0,0.0
S2040_PCIPMI_low,S2040_PCIPMI_low,2040,PCI/PMI,low,0,E0032,backbone,BEh2,NLh2,,NH3_cracked_to_H2,0.0,43800.0,0.0
S2040_PCIPMI_low,S2040_PCIPMI_low,2040,PCI/PMI,low,0,E0032,backbone,BEh2,NLh2,,LOHC_to_H2,0.0,43800.0,0.0
S2040_PCIPMI_low,S2040_PCIPMI_low,2040,PCI/PMI,low,0,E0038,backbone,BGh2,GRh2,,NH3_cracked_to_H2,-0.0,29200.0,-0.0
S2040_PCIPMI_low,S2040_PCIPMI_low,2040,PCI/PMI,low,0,E0038,backbone,BGh2,GRh2,,LOHC_to_H2,-0.0,29200.0,-0.0
S2040_PCIPMI_low,S2040_PCIPMI_low,2040,PCI/PMI,low,0,E0058,backbone,CZh2,DEh2,,NH3_cracked_to_H2,-0.0,105120.0,-0.0
S2040_PCIPMI_low,S2040_PCIPMI_low,2040,PCI/PMI,low,0,E0058,backbone,CZh2,DEh2,,LOHC_to_H2,-0.0,105120.0,-0.0
S2040_PCIPMI_low,S2040_PCIPMI_low,2040,PCI/PMI,low,0,E0064,backbone,DKh2,DEh2,,NH3_cracked_to_H2,-0.0,37668.0,-0.0
S2040_PCIPMI_low,S2040_PCIPMI_low,2040,PCI/PMI,low,0,E0064,backbone,DKh2,DEh2,,LOHC_to_H2,-0.0,37668.0,-0.0
S2040_PCIPMI_low,S2040_PCIPMI_low,2040,PCI/PMI,low,0,E0070,backbone,EEh2,FIh2S,,NH3_cracked_to_H2,0.0,36500.0,0.0
S2040_PCIPMI_low,S2040_PCIPMI_low,2040,PCI/PMI,low,0,E0070,backbone,EEh2,FIh2S,,LOHC_to_H2,0.0,36500.0,0.0
S2040_PCIPMI_low,S2040_PCIPMI_low,2040,PCI/PMI,low,0,E0072,backbone,EEh2,LVh2,,NH3_cracked_to_H2,-0.0,73000.0,-0.0
S2040_PCIPMI_low,S2040_PCIPMI_low,2040,PCI/PMI,low,0,E0072,backbone,EEh2,LVh2,,LOHC_to_H2,-0.0,73000.0,-0.0
S2040_PCIPMI_low,S2040_PCIPMI_low,2040,PCI/PMI,low,0,E0074,backbone,FIh2S,EEh2,,NH3_cracked_to_H2,0.0,73000.0,0.0
S2040_PCIPMI_low,S2040_PCIPMI_low,2040,PCI/PMI,low,0,E0074,backbone,FIh2S,EEh2,,LOHC_to_H2,0.0,73000.0,0.0
S2040_PCIPMI_low,S2040_PCIPMI_low,2040,PCI/PMI,low,0,E0076,backbone,FIh2,FIh2Al,,NH3_cracked_to_H2,-0.0,183960.0,-0.0
S2040_PCIPMI_low,S2040_PCIPMI_low,2040,PCI/PMI,low,0,E0076,backbone,FIh2,FIh2Al,,LOHC_to_H2,-0.0,183960.0,-0.0
S2040_PCIPMI_low,S2040_PCIPMI_low,2040,PCI/PMI,low,0,E0078,backbone,FIh2,FIh2N,,NH3_cracked_to_H2,0.0,3649635.0,0.0
S2040_PCIPMI_low,S2040_PCIPMI_low,2040,PCI/PMI,low,0,E0078,backbone,FIh2,FIh2N,,LOHC_to_H2,0.0,3649635.0,0.0
S2040_PCIPMI_low,S2040_PCIPMI_low,2040,PCI/PMI,low,0,E0080,backbone,FIh2,FIh2S,,NH3_cracked_to_H2,0.0,3649635.0,0.0
S2040_PCIPMI_low,S2040_PCIPMI_low,2040,PCI/PMI,low,0,E0080,backbone,FIh2,FIh2S,,LOHC_to_H2,0.0,3649635.0,0.0
S2040_PCIPMI_low,S2040_PCIPMI_low,2040,PCI/PMI,low,0,E0082,backbone,FIh2Al,FIh2,,NH3_cracked_to_H2,0.0,183960.0,0.0
S2040_PCIPMI_low,S2040_PCIPMI_low,2040,PCI/PMI,low,0,E0082,backbone,FIh2Al,FIh2,,LOHC_to_H2,0.0,183960.0,0.0
S2040_PCIPMI_low,S2040_PCIPMI_low,2040,PCI/PMI,low,0,E0084,backbone,FIh2N,FIh2,,NH3_cracked_to_H2,0.0,3649635.0,0.0
S2040_PCIPMI_low,S2040_PCIPMI_low,2040,PCI/PMI,low,0,E0084,backbone,FIh2N,FIh2,,LOHC_to_H2,0.0,3649635.0,0.0
S2040_PCIPMI_low,S2040_PCIPMI_low,2040,PCI/PMI,low,0,E0086,backbone,FIh2S,FIh2,,NH3_cracked_to_H2,0.0,3649635.0,0.0
S2040_PCIPMI_low,S2040_PCIPMI_low,2040,PCI/PMI,low,0,E0086,backbone,FIh2S,FIh2,,LOHC_to_H2,0.0,3649635.0,0.0
S2040_PCIPMI_low,S2040_PCIPMI_low,2040,PCI/PMI,low,0,E0088,backbone,FIh2Al,DEh2,,NH3_cracked_to_H2,-0.0,95630.0,-0.0
S2040_PCIPMI_low,S2040_PCIPMI_low,2040,PCI/PMI,low,0,E0088,backbone,FIh2Al,DEh2,,LOHC_to_H2,-0.0,95630.0,-0.0
S2040_PCIPMI_low,S2040_PCIPMI_low,2040,PCI/PMI,low,0,E0092,backbone,FIh2Al,SEh2,,NH3_cracked_to_H2,0.0,183960.0,0.0
S2040_PCIPMI_low,S2040_PCIPMI_low,2040,PCI/PMI,low,0,E0092,backbone,FIh2Al,SEh2,,LOHC_to_H2,0.0,183960.0,0.0
S2040_PCIPMI_low,S2040_PCIPMI_low,2040,PCI/PMI,low,0,E0094,backbone,FIh2N,SEh2,,NH3_cracked_to_H2,0.0,59130.0,0.0
S2040_PCIPMI_low,S2040_PCIPMI_low,2040,PCI/PMI,low,0,E0094,backbone,FIh2N,SEh2,,LOHC_to_H2,0.0,59130.0,0.0
S2040_PCIPMI_low,S2040_PCIPMI_low,2040,PCI/PMI,low,0,E0096,backbone,FRh2,BEh2,,NH3_cracked_to_H2,0.0,13140.0,0.0
S2040_PCIPMI_low,S2040_PCIPMI_low,2040,PCI/PMI,low,0,E0096,backbone,FRh2,BEh2,,LOHC_to_H2,0.0,13140.0,0.0
S2040_PCIPMI_low,S2040_PCIPMI_low,2040,PCI/PMI,low,0,E0098,backbone,FRh2N,BEh2,,NH3_cracked_to_H2,0.0,17520.0,0.0
S2040_PCIPMI_low,S2040_PCIPMI_low,2040,PCI/PMI,low,0,E0098,backbone,FRh2N,BEh2,,LOHC_to_H2,0.0,17520.0,0.0
S2040_PCIPMI_low,S2040_PCIPMI_low,2040,PCI/PMI,low,0,E0100,backbone,FRh2Va,BEH2Mo,,NH3_cracked_to_H2,0.0,8760.0,0.0
S2040_PCIPMI_low,S2040_PCIPMI_low,2040,PCI/PMI,low,0,E0100,backbone,FRh2Va,BEH2Mo,,LOHC_to_H2,0.0,8760.0,0.0
S2040_PCIPMI_low,S2040_PCIPMI_low,2040,PCI/PMI,low,0,E0104,backbone,FRh2,FRh2S,,NH3_cracked_to_H2,24974.280207364678,70080.0,35.63681536439024
S2040_PCIPMI_low,S2040_PCIPMI_low,2040,PCI/PMI,low,0,E0104,backbone,FRh2,FRh2S,,LOHC_to_H2,58.4,70080.0,0.08333333333333333
S2040_PCIPMI_low,S2040_PCIPMI_low,2040,PCI/PMI,low,0,E0108,backbone,FRh2,FRh2Va,,NH3_cracked_to_H2,-0.0,8760.0,-0.0
S2040_PCIPMI_low,S2040_PCIPMI_low,2040,PCI/PMI,low,0,E0108,backbone,FRh2,FRh2Va,,LOHC_to_H2,-0.0,8760.0,-0.0
S2040_PCIPMI_low,S2040_PCIPMI_low,2040,PCI/PMI,low,0,E0112,backbone,FRh2S,FRh2,,NH3_cracked_to_H2,0.0,70080.0,0.0
S2040_PCIPMI_low,S2040_PCIPMI_low,2040,PCI/PMI,low,0,E0112,backbone,FRh2S,FRh2,,LOHC_to_H2,0.0,70080.0,0.0
S2040_PCIPMI_low,S2040_PCIPMI_low,2040,PCI/PMI,low,0,E0120,backbone,FRh2Va,FRh2,,NH3_cracked_to_H2,0.0,8760.0,0.0
S2040_PCIPMI_low,S2040_PCIPMI_low,2040,PCI/PMI,low,0,E0120,backbone,FRh2Va,FRh2,,LOHC_to_H2,0.0,8760.0,0.0
S2040_PCIPMI_low,S2040_PCIPMI_low,2040,PCI/PMI,low,0,E0122,terminal_backbone,LH2_Tk_FRn,FRh2N,LH2_Tk_FRn|FRh2N,NH3_cracked_to_H2,17520.0,17520.0,100.0
S2040_PCIPMI_low,S2040_PCIPMI_low,2040,PCI/PMI,low,0,E0128,backbone,FRh2,DEh2,,NH3_cracked_to_H2,0.0,76467.5,0.0
S2040_PCIPMI_low,S2040_PCIPMI_low,2040,PCI/PMI,low,0,E0128,backbone,FRh2,DEh2,,LOHC_to_H2,0.0,76467.5,0.0
S2040_PCIPMI_low,S2040_PCIPMI_low,2040,PCI/PMI,low,0,E0132,backbone,FRh2S,ESh2,,NH3_cracked_to_H2,24974.280207364678,78840.0,31.677169212791323
S2040_PCIPMI_low,S2040_PCIPMI_low,2040,PCI/PMI,low,0,E0132,backbone,FRh2S,ESh2,,LOHC_to_H2,58.4,78840.0,0.07407407407407407
S2040_PCIPMI_low,S2040_PCIPMI_low,2040,PCI/PMI,low,0,E0138,backbone,DEh2,ATh2,,NH3_cracked_to_H2,24725.7716527293,54750.0,45.16122676297589
S2040_PCIPMI_low,S2040_PCIPMI_low,2040,PCI/PMI,low,0,E0138,backbone,DEh2,ATh2,,LOHC_to_H2,0.0,54750.0,0.0
S2040_PCIPMI_low,S2040_PCIPMI_low,2040,PCI/PMI,low,0,E0140,backbone,DEh2,BEh2,,NH3_cracked_to_H2,0.0,33288.0,0.0
S2040_PCIPMI_low,S2040_PCIPMI_low,2040,PCI/PMI,low,0,E0140,backbone,DEh2,BEh2,,LOHC_to_H2,0.0,33288.0,0.0
S2040_PCIPMI_low,S2040_PCIPMI_low,2040,PCI/PMI,low,0,E0142,backbone,DEh2,CZh2,,NH3_cracked_to_H2,0.0,105120.0,0.0
S2040_PCIPMI_low,S2040_PCIPMI_low,2040,PCI/PMI,low,0,E0142,backbone,DEh2,CZh2,,LOHC_to_H2,0.0,105120.0,0.0
S2040_PCIPMI_low,S2040_PCIPMI_low,2040,PCI/PMI,low,0,E0144,backbone,DEh2,DKh2,,NH3_cracked_to_H2,0.0,37668.0,0.0
S2040_PCIPMI_low,S2040_PCIPMI_low,2040,PCI/PMI,low,0,E0144,backbone,DEh2,DKh2,,LOHC_to_H2,0.0,37668.0,0.0
S2040_PCIPMI_low,S2040_PCIPMI_low,2040,PCI/PMI,low,0,E0146,backbone,DEh2,FRh2,,NH3_cracked_to_H2,11834.280207364678,70408.5,16.808027734385306
S2040_PCIPMI_low,S2040_PCIPMI_low,2040,PCI/PMI,low,0,E0146,backbone,DEh2,FRh2,,LOHC_to_H2,58.4,70408.5,0.08294453084499741
S2040_PCIPMI_low,S2040_PCIPMI_low,2040,PCI/PMI,low,0,E0154,terminal_backbone,LH2_Tk_DE,DEh2,LH2_Tk_DE|DEh2,LOHC_to_H2,58.4,19965.5,0.29250457038391225
S2040_PCIPMI_low,S2040_PCIPMI_low,2040,PCI/PMI,low,0,E0154,terminal_backbone,LH2_Tk_DE,DEh2,LH2_Tk_DE|DEh2,NH3_cracked_to_H2,19907.1,19965.5,99.70749542961607
S2040_PCIPMI_low,S2040_PCIPMI_low,2040,PCI/PMI,low,0,E0156,terminal_backbone,LH2_Tk_DEbp,DEh2bp,LH2_Tk_DEbp|DEh2bp,LOHC_to_H2,0.0,4745.0,0.0
S2040_PCIPMI_low,S2040_PCIPMI_low,2040,PCI/PMI,low,0,E0156,terminal_backbone,LH2_Tk_DEbp,DEh2bp,LH2_Tk_DEbp|DEh2bp,NH3_cracked_to_H2,0.0,4745.0,0.0
S2040_PCIPMI_low,S2040_PCIPMI_low,2040,PCI/PMI,low,0,E0158,backbone,DEh2,NLh2,,NH3_cracked_to_H2,0.0,63072.00000000001,0.0
S2040_PCIPMI_low,S2040_PCIPMI_low,2040,PCI/PMI,low,0,E0158,backbone,DEh2,NLh2,,LOHC_to_H2,0.0,63072.00000000001,0.0
S2040_PCIPMI_low,S2040_PCIPMI_low,2040,PCI/PMI,low,0,E0164,backbone,DEh2,PLh2nbc,,NH3_cracked_to_H2,32103.707620674064,36500.0,87.9553633443125
S2040_PCIPMI_low,S2040_PCIPMI_low,2040,PCI/PMI,low,0,E0164,backbone,DEh2,PLh2nbc,,LOHC_to_H2,0.0,36500.0,0.0
S2040_PCIPMI_low,S2040_PCIPMI_low,2040,PCI/PMI,low,0,E0168,backbone,GRh2,BGh2,,NH3_cracked_to_H2,0.0,29200.0,0.0
S2040_PCIPMI_low,S2040_PCIPMI_low,2040,PCI/PMI,low,0,E0168,backbone,GRh2,BGh2,,LOHC_to_H2,0.0,29200.0,0.0
S2040_PCIPMI_low,S2040_PCIPMI_low,2040,PCI/PMI,low,0,E0194,backbone,IB-ITh2,ATh2,,NH3_cracked_to_H2,0.0,61320.0,0.0
S2040_PCIPMI_low,S2040_PCIPMI_low,2040,PCI/PMI,low,0,E0194,backbone,IB-ITh2,ATh2,,LOHC_to_H2,0.0,61320.0,0.0
S2040_PCIPMI_low,S2040_PCIPMI_low,2040,PCI/PMI,low,0,E0198,backbone,ITh2,IB-ITh2,,NH3_cracked_to_H2,0.0,73000.0,0.0
S2040_PCIPMI_low,S2040_PCIPMI_low,2040,PCI/PMI,low,0,E0198,backbone,ITh2,IB-ITh2,,LOHC_to_H2,0.0,73000.0,0.0
S2040_PCIPMI_low,S2040_PCIPMI_low,2040,PCI/PMI,low,0,E0208,backbone,LVh2,EEh2,,NH3_cracked_to_H2,0.0,36500.0,0.0
S2040_PCIPMI_low,S2040_PCIPMI_low,2040,PCI/PMI,low,0,E0208,backbone,LVh2,EEh2,,LOHC_to_H2,0.0,36500.0,0.0
S2040_PCIPMI_low,S2040_PCIPMI_low,2040,PCI/PMI,low,0,E0210,backbone,LVh2,LTh2,,NH3_cracked_to_H2,-0.0,73000.0,-0.0
S2040_PCIPMI_low,S2040_PCIPMI_low,2040,PCI/PMI,low,0,E0210,backbone,LVh2,LTh2,,LOHC_to_H2,-0.0,73000.0,-0.0
S2040_PCIPMI_low,S2040_PCIPMI_low,2040,PCI/PMI,low,0,E0212,backbone,LTh2,LVh2,,NH3_cracked_to_H2,0.0,36500.0,0.0
S2040_PCIPMI_low,S2040_PCIPMI_low,2040,PCI/PMI,low,0,E0212,backbone,LTh2,LVh2,,LOHC_to_H2,0.0,36500.0,0.0
S2040_PCIPMI_low,S2040_PCIPMI_low,2040,PCI/PMI,low,0,E0214,backbone,LTh2,PLh2nbc,,NH3_cracked_to_H2,-0.0,73000.0,-0.0
S2040_PCIPMI_low,S2040_PCIPMI_low,2040,PCI/PMI,low,0,E0214,backbone,LTh2,PLh2nbc,,LOHC_to_H2,-0.0,73000.0,-0.0
S2040_PCIPMI_low,S2040_PCIPMI_low,2040,PCI/PMI,low,0,E0222,backbone,MAh2,ESh2,,NH3_cracked_to_H2,0.0,38690.0,0.0
S2040_PCIPMI_low,S2040_PCIPMI_low,2040,PCI/PMI,low,0,E0222,backbone,MAh2,ESh2,,LOHC_to_H2,0.0,38690.0,0.0
S2040_PCIPMI_low,S2040_PCIPMI_low,2040,PCI/PMI,low,0,E0224,backbone,NLh2,BEh2,,NH3_cracked_to_H2,0.0,43800.0,0.0
S2040_PCIPMI_low,S2040_PCIPMI_low,2040,PCI/PMI,low,0,E0224,backbone,NLh2,BEh2,,LOHC_to_H2,0.0,43800.0,0.0
S2040_PCIPMI_low,S2040_PCIPMI_low,2040,PCI/PMI,low,0,E0226,backbone,NLh2,DEh2,,NH3_cracked_to_H2,25929.89289602721,74460.0,34.823922771994646
S2040_PCIPMI_low,S2040_PCIPMI_low,2040,PCI/PMI,low,0,E0226,backbone,NLh2,DEh2,,LOHC_to_H2,-0.0,74460.0,-0.0
S2040_PCIPMI_low,S2040_PCIPMI_low,2040,PCI/PMI,low,0,E0228,terminal_backbone,LH2_Tk_NL,NLh2,LH2_Tk_NL|NLh2,NH3_cracked_to_H2,64641.5,64641.5,100.0
S2040_PCIPMI_low,S2040_PCIPMI_low,2040,PCI/PMI,low,0,E0234,backbone,Y-NOh2,DEh2,,NH3_cracked_to_H2,0.0,157680.0,0.0
S2040_PCIPMI_low,S2040_PCIPMI_low,2040,PCI/PMI,low,0,E0234,backbone,Y-NOh2,DEh2,,LOHC_to_H2,0.0,157680.0,0.0
S2040_PCIPMI_low,S2040_PCIPMI_low,2040,PCI/PMI,low,0,E0236,backbone,NOh2,Y-NOh2,,NH3_cracked_to_H2,0.0,157680.0,0.0
S2040_PCIPMI_low,S2040_PCIPMI_low,2040,PCI/PMI,low,0,E0236,backbone,NOh2,Y-NOh2,,LOHC_to_H2,0.0,157680.0,0.0
S2040_PCIPMI_low,S2040_PCIPMI_low,2040,PCI/PMI,low,0,E0246,backbone,PLh2nbc,DEh2,,NH3_cracked_to_H2,0.0,73000.0,0.0
S2040_PCIPMI_low,S2040_PCIPMI_low,2040,PCI/PMI,low,0,E0246,backbone,PLh2nbc,DEh2,,LOHC_to_H2,0.0,73000.0,0.0
S2040_PCIPMI_low,S2040_PCIPMI_low,2040,PCI/PMI,low,0,E0248,backbone,PLh2nbc,LTh2,,NH3_cracked_to_H2,0.0,36500.0,0.0
S2040_PCIPMI_low,S2040_PCIPMI_low,2040,PCI/PMI,low,0,E0248,backbone,PLh2nbc,LTh2,,LOHC_to_H2,0.0,36500.0,0.0
S2040_PCIPMI_low,S2040_PCIPMI_low,2040,PCI/PMI,low,0,E0254,backbone,PLh2nbc,PLh2N,,NH3_cracked_to_H2,4689.393397353061,36500.0,12.847653143433044
S2040_PCIPMI_low,S2040_PCIPMI_low,2040,PCI/PMI,low,0,E0254,backbone,PLh2nbc,PLh2N,,LOHC_to_H2,-0.0,36500.0,-0.0
S2040_PCIPMI_low,S2040_PCIPMI_low,2040,PCI/PMI,low,0,E0260,backbone,PLh2S,PLh2nbc,,NH3_cracked_to_H2,0.0,18250.0,0.0
S2040_PCIPMI_low,S2040_PCIPMI_low,2040,PCI/PMI,low,0,E0260,backbone,PLh2S,PLh2nbc,,LOHC_to_H2,0.0,18250.0,0.0
S2040_PCIPMI_low,S2040_PCIPMI_low,2040,PCI/PMI,low,0,E0268,backbone,PTh2,ESh2,,NH3_cracked_to_H2,-0.0,29565.0,-0.0
S2040_PCIPMI_low,S2040_PCIPMI_low,2040,PCI/PMI,low,0,E0268,backbone,PTh2,ESh2,,LOHC_to_H2,-0.0,29565.0,-0.0
S2040_PCIPMI_low,S2040_PCIPMI_low,2040,PCI/PMI,low,0,E0286,backbone,IB-SKh2W,ATh2,,NH3_cracked_to_H2,0.0,52560.0,0.0
S2040_PCIPMI_low,S2040_PCIPMI_low,2040,PCI/PMI,low,0,E0286,backbone,IB-SKh2W,ATh2,,LOHC_to_H2,0.0,52560.0,0.0
S2040_PCIPMI_low,S2040_PCIPMI_low,2040,PCI/PMI,low,0,E0288,backbone,IB-SKh2W,CZh2,,NH3_cracked_to_H2,0.0,52560.0,0.0
S2040_PCIPMI_low,S2040_PCIPMI_low,2040,PCI/PMI,low,0,E0288,backbone,IB-SKh2W,CZh2,,LOHC_to_H2,0.0,52560.0,0.0
S2040_PCIPMI_low,S2040_PCIPMI_low,2040,PCI/PMI,low,0,E0294,backbone,IB-SKh2C,SKh2E,,NH3_cracked_to_H2,-0.0,52560.0,-0.0
S2040_PCIPMI_low,S2040_PCIPMI_low,2040,PCI/PMI,low,0,E0294,backbone,IB-SKh2C,SKh2E,,LOHC_to_H2,-0.0,52560.0,-0.0
S2040_PCIPMI_low,S2040_PCIPMI_low,2040,PCI/PMI,low,0,E0296,backbone,IB-SKh2C,SKh2W,,NH3_cracked_to_H2,0.0,52560.0,0.0
S2040_PCIPMI_low,S2040_PCIPMI_low,2040,PCI/PMI,low,0,E0296,backbone,IB-SKh2C,SKh2W,,LOHC_to_H2,0.0,52560.0,0.0
S2040_PCIPMI_low,S2040_PCIPMI_low,2040,PCI/PMI,low,0,E0298,backbone,IB-SKh2E,SKh2E,,NH3_cracked_to_H2,-0.0,52560.0,-0.0
S2040_PCIPMI_low,S2040_PCIPMI_low,2040,PCI/PMI,low,0,E0298,backbone,IB-SKh2E,SKh2E,,LOHC_to_H2,-0.0,52560.0,-0.0
S2040_PCIPMI_low,S2040_PCIPMI_low,2040,PCI/PMI,low,0,E0300,backbone,IB-SKh2W,SKh2W,,NH3_cracked_to_H2,0.0,52560.0,0.0
S2040_PCIPMI_low,S2040_PCIPMI_low,2040,PCI/PMI,low,0,E0300,backbone,IB-SKh2W,SKh2W,,LOHC_to_H2,0.0,52560.0,0.0
S2040_PCIPMI_low,S2040_PCIPMI_low,2040,PCI/PMI,low,0,E0302,backbone,SKh2E,IB-SKh2C,,NH3_cracked_to_H2,0.0,52560.0,0.0
S2040_PCIPMI_low,S2040_PCIPMI_low,2040,PCI/PMI,low,0,E0302,backbone,SKh2E,IB-SKh2C,,LOHC_to_H2,0.0,52560.0,0.0
S2040_PCIPMI_low,S2040_PCIPMI_low,2040,PCI/PMI,low,0,E0304,backbone,SKh2E,IB-SKh2E,,NH3_cracked_to_H2,0.0,52560.0,0.0
S2040_PCIPMI_low,S2040_PCIPMI_low,2040,PCI/PMI,low,0,E0304,backbone,SKh2E,IB-SKh2E,,LOHC_to_H2,0.0,52560.0,0.0
S2040_PCIPMI_low,S2040_PCIPMI_low,2040,PCI/PMI,low,0,E0306,backbone,SKh2W,IB-SKh2C,,NH3_cracked_to_H2,-0.0,52560.0,-0.0
S2040_PCIPMI_low,S2040_PCIPMI_low,2040,PCI/PMI,low,0,E0306,backbone,SKh2W,IB-SKh2C,,LOHC_to_H2,-0.0,52560.0,-0.0
S2040_PCIPMI_low,S2040_PCIPMI_low,2040,PCI/PMI,low,0,E0308,backbone,SKh2W,IB-SKh2W,,NH3_cracked_to_H2,-0.0,52560.0,-0.0
S2040_PCIPMI_low,S2040_PCIPMI_low,2040,PCI/PMI,low,0,E0308,backbone,SKh2W,IB-SKh2W,,LOHC_to_H2,-0.0,52560.0,-0.0
S2040_PCIPMI_low,S2040_PCIPMI_low,2040,PCI/PMI,low,0,E0320,backbone,ESh2,FRh2S,,NH3_cracked_to_H2,0.0,78840.0,0.0
S2040_PCIPMI_low,S2040_PCIPMI_low,2040,PCI/PMI,low,0,E0320,backbone,ESh2,FRh2S,,LOHC_to_H2,0.0,78840.0,0.0
S2040_PCIPMI_low,S2040_PCIPMI_low,2040,PCI/PMI,low,0,E0326,backbone,ESh2,PTh2,,NH3_cracked_to_H2,0.0,29565.0,0.0
S2040_PCIPMI_low,S2040_PCIPMI_low,2040,PCI/PMI,low,0,E0326,backbone,ESh2,PTh2,,LOHC_to_H2,0.0,29565.0,0.0
S2040_PCIPMI_low,S2040_PCIPMI_low,2040,PCI/PMI,low,0,E0328,backbone,SEh2,FIh2Al,,NH3_cracked_to_H2,0.0,183960.0,0.0
S2040_PCIPMI_low,S2040_PCIPMI_low,2040,PCI/PMI,low,0,E0328,backbone,SEh2,FIh2Al,,LOHC_to_H2,-0.0,183960.0,-0.0
S2040_PCIPMI_low,S2040_PCIPMI_low,2040,PCI/PMI,low,0,E0330,backbone,SEh2,FIh2N,,NH3_cracked_to_H2,0.0,59130.0,0.0
S2040_PCIPMI_low,S2040_PCIPMI_low,2040,PCI/PMI,low,0,E0330,backbone,SEh2,FIh2N,,LOHC_to_H2,0.0,59130.0,0.0
S2040_PCIPMI_low,S2040_PCIPMI_low,2040,PCI/PMI,low,0,E0346,backbone,UAh2,IB-SKh2E,,NH3_cracked_to_H2,0.0,52560.0,0.0
S2040_PCIPMI_low,S2040_PCIPMI_low,2040,PCI/PMI,low,0,E0346,backbone,UAh2,IB-SKh2E,,LOHC_to_H2,0.0,52560.0,0.0
S2040_PCIPMI_medium,S2040_PCIPMI_medium,2040,PCI/PMI,medium,0,E0004,backbone,DZh2,ITh2,,NH3_cracked_to_H2,-0.0,163520.0,-0.0
S2040_PCIPMI_medium,S2040_PCIPMI_medium,2040,PCI/PMI,medium,0,E0004,backbone,DZh2,ITh2,,LOHC_to_H2,-0.0,163520.0,-0.0
S2040_PCIPMI_medium,S2040_PCIPMI_medium,2040,PCI/PMI,medium,0,E0006,backbone,ATh2,DEh2,,NH3_cracked_to_H2,0.0,54750.0,0.0
S2040_PCIPMI_medium,S2040_PCIPMI_medium,2040,PCI/PMI,medium,0,E0006,backbone,ATh2,DEh2,,LOHC_to_H2,0.0,54750.0,0.0
S2040_PCIPMI_medium,S2040_PCIPMI_medium,2040,PCI/PMI,medium,0,E0010,backbone,ATh2,IB-ITh2,,NH3_cracked_to_H2,24461.520573139183,45990.0,53.18878141582775
S2040_PCIPMI_medium,S2040_PCIPMI_medium,2040,PCI/PMI,medium,0,E0010,backbone,ATh2,IB-ITh2,,LOHC_to_H2,58.4,45990.0,0.12698412698412698
S2040_PCIPMI_medium,S2040_PCIPMI_medium,2040,PCI/PMI,medium,0,E0012,backbone,ATh2,IB-SKh2W,,NH3_cracked_to_H2,-0.0,52560.0,-0.0
S2040_PCIPMI_medium,S2040_PCIPMI_medium,2040,PCI/PMI,medium,0,E0012,backbone,ATh2,IB-SKh2W,,LOHC_to_H2,-0.0,52560.0,-0.0
S2040_PCIPMI_medium,S2040_PCIPMI_medium,2040,PCI/PMI,medium,0,E0020,terminal_backbone,LH2_Tk_BE,BEh2,LH2_Tk_BE|BEh2,NH3_cracked_to_H2,70664.0,70664.0,100.0
S2040_PCIPMI_medium,S2040_PCIPMI_medium,2040,PCI/PMI,medium,0,E0022,backbone,BEh2,FRh2,,NH3_cracked_to_H2,13140.0,13140.0,100.0
S2040_PCIPMI_medium,S2040_PCIPMI_medium,2040,PCI/PMI,medium,0,E0022,backbone,BEh2,FRh2,,LOHC_to_H2,0.0,13140.0,0.0
S2040_PCIPMI_medium,S2040_PCIPMI_medium,2040,PCI/PMI,medium,0,E0024,backbone,BEh2,FRh2N,,NH3_cracked_to_H2,12751.580928605576,17520.0,72.78299616784004
S2040_PCIPMI_medium,S2040_PCIPMI_medium,2040,PCI/PMI,medium,0,E0024,backbone,BEh2,FRh2N,,LOHC_to_H2,-0.0,17520.0,-0.0
S2040_PCIPMI_medium,S2040_PCIPMI_medium,2040,PCI/PMI,medium,0,E0026,backbone,BEH2Mo,FRh2Va,,NH3_cracked_to_H2,-0.0,8760.0,-0.0
S2040_PCIPMI_medium,S2040_PCIPMI_medium,2040,PCI/PMI,medium,0,E0026,backbone,BEH2Mo,FRh2Va,,LOHC_to_H2,-0.0,8760.0,-0.0
S2040_PCIPMI_medium,S2040_PCIPMI_medium,2040,PCI/PMI,medium,0,E0028,backbone,BEh2,DEh2,,NH3_cracked_to_H2,33288.0,33288.0,100.0
S2040_PCIPMI_medium,S2040_PCIPMI_medium,2040,PCI/PMI,medium,0,E0028,backbone,BEh2,DEh2,,LOHC_to_H2,-0.0,33288.0,-0.0
S2040_PCIPMI_medium,S2040_PCIPMI_medium,2040,PCI/PMI,medium,0,E0032,backbone,BEh2,NLh2,,NH3_cracked_to_H2,11484.419071394426,43800.0,26.22013486619732
S2040_PCIPMI_medium,S2040_PCIPMI_medium,2040,PCI/PMI,medium,0,E0032,backbone,BEh2,NLh2,,LOHC_to_H2,0.0,43800.0,0.0
S2040_PCIPMI_medium,S2040_PCIPMI_medium,2040,PCI/PMI,medium,0,E0038,backbone,BGh2,GRh2,,NH3_cracked_to_H2,-0.0,29200.0,-0.0
S2040_PCIPMI_medium,S2040_PCIPMI_medium,2040,PCI/PMI,medium,0,E0038,backbone,BGh2,GRh2,,LOHC_to_H2,-0.0,29200.0,-0.0
S2040_PCIPMI_medium,S2040_PCIPMI_medium,2040,PCI/PMI,medium,0,E0058,backbone,CZh2,DEh2,,NH3_cracked_to_H2,-0.0,105120.0,-0.0
S2040_PCIPMI_medium,S2040_PCIPMI_medium,2040,PCI/PMI,medium,0,E0058,backbone,CZh2,DEh2,,LOHC_to_H2,-0.0,105120.0,-0.0
S2040_PCIPMI_medium,S2040_PCIPMI_medium,2040,PCI/PMI,medium,0,E0064,backbone,DKh2,DEh2,,NH3_cracked_to_H2,-0.0,37668.0,-0.0
S2040_PCIPMI_medium,S2040_PCIPMI_medium,2040,PCI/PMI,medium,0,E0064,backbone,DKh2,DEh2,,LOHC_to_H2,-0.0,37668.0,-0.0
S2040_PCIPMI_medium,S2040_PCIPMI_medium,2040,PCI/PMI,medium,0,E0070,backbone,EEh2,FIh2S,,NH3_cracked_to_H2,0.0,36500.0,0.0
S2040_PCIPMI_medium,S2040_PCIPMI_medium,2040,PCI/PMI,medium,0,E0070,backbone,EEh2,FIh2S,,LOHC_to_H2,0.0,36500.0,0.0
S2040_PCIPMI_medium,S2040_PCIPMI_medium,2040,PCI/PMI,medium,0,E0072,backbone,EEh2,LVh2,,NH3_cracked_to_H2,-0.0,73000.0,-0.0
S2040_PCIPMI_medium,S2040_PCIPMI_medium,2040,PCI/PMI,medium,0,E0072,backbone,EEh2,LVh2,,LOHC_to_H2,-0.0,73000.0,-0.0
S2040_PCIPMI_medium,S2040_PCIPMI_medium,2040,PCI/PMI,medium,0,E0074,backbone,FIh2S,EEh2,,NH3_cracked_to_H2,-0.0,73000.0,-0.0
S2040_PCIPMI_medium,S2040_PCIPMI_medium,2040,PCI/PMI,medium,0,E0074,backbone,FIh2S,EEh2,,LOHC_to_H2,0.0,73000.0,0.0
S2040_PCIPMI_medium,S2040_PCIPMI_medium,2040,PCI/PMI,medium,0,E0076,backbone,FIh2,FIh2Al,,NH3_cracked_to_H2,-0.0,183960.0,-0.0
S2040_PCIPMI_medium,S2040_PCIPMI_medium,2040,PCI/PMI,medium,0,E0076,backbone,FIh2,FIh2Al,,LOHC_to_H2,-0.0,183960.0,-0.0
S2040_PCIPMI_medium,S2040_PCIPMI_medium,2040,PCI/PMI,medium,0,E0078,backbone,FIh2,FIh2N,,NH3_cracked_to_H2,0.0,3649635.0,0.0
S2040_PCIPMI_medium,S2040_PCIPMI_medium,2040,PCI/PMI,medium,0,E0078,backbone,FIh2,FIh2N,,LOHC_to_H2,0.0,3649635.0,0.0
S2040_PCIPMI_medium,S2040_PCIPMI_medium,2040,PCI/PMI,medium,0,E0080,backbone,FIh2,FIh2S,,NH3_cracked_to_H2,0.0,3649635.0,0.0
S2040_PCIPMI_medium,S2040_PCIPMI_medium,2040,PCI/PMI,medium,0,E0080,backbone,FIh2,FIh2S,,LOHC_to_H2,0.0,3649635.0,0.0
S2040_PCIPMI_medium,S2040_PCIPMI_medium,2040,PCI/PMI,medium,0,E0082,backbone,FIh2Al,FIh2,,NH3_cracked_to_H2,0.0,183960.0,0.0
S2040_PCIPMI_medium,S2040_PCIPMI_medium,2040,PCI/PMI,medium,0,E0082,backbone,FIh2Al,FIh2,,LOHC_to_H2,0.0,183960.0,0.0
S2040_PCIPMI_medium,S2040_PCIPMI_medium,2040,PCI/PMI,medium,0,E0084,backbone,FIh2N,FIh2,,NH3_cracked_to_H2,-0.0,3649635.0,-0.0
S2040_PCIPMI_medium,S2040_PCIPMI_medium,2040,PCI/PMI,medium,0,E0084,backbone,FIh2N,FIh2,,LOHC_to_H2,-0.0,3649635.0,-0.0
S2040_PCIPMI_medium,S2040_PCIPMI_medium,2040,PCI/PMI,medium,0,E0086,backbone,FIh2S,FIh2,,NH3_cracked_to_H2,0.0,3649635.0,0.0
S2040_PCIPMI_medium,S2040_PCIPMI_medium,2040,PCI/PMI,medium,0,E0086,backbone,FIh2S,FIh2,,LOHC_to_H2,-0.0,3649635.0,-0.0
S2040_PCIPMI_medium,S2040_PCIPMI_medium,2040,PCI/PMI,medium,0,E0088,backbone,FIh2Al,DEh2,,NH3_cracked_to_H2,-0.0,95630.0,-0.0
S2040_PCIPMI_medium,S2040_PCIPMI_medium,2040,PCI/PMI,medium,0,E0088,backbone,FIh2Al,DEh2,,LOHC_to_H2,-0.0,95630.0,-0.0
S2040_PCIPMI_medium,S2040_PCIPMI_medium,2040,PCI/PMI,medium,0,E0092,backbone,FIh2Al,SEh2,,NH3_cracked_to_H2,0.0,183960.0,0.0
S2040_PCIPMI_medium,S2040_PCIPMI_medium,2040,PCI/PMI,medium,0,E0092,backbone,FIh2Al,SEh2,,LOHC_to_H2,0.0,183960.0,0.0
S2040_PCIPMI_medium,S2040_PCIPMI_medium,2040,PCI/PMI,medium,0,E0094,backbone,FIh2N,SEh2,,NH3_cracked_to_H2,0.0,59130.0,0.0
S2040_PCIPMI_medium,S2040_PCIPMI_medium,2040,PCI/PMI,medium,0,E0094,backbone,FIh2N,SEh2,,LOHC_to_H2,0.0,59130.0,0.0
S2040_PCIPMI_medium,S2040_PCIPMI_medium,2040,PCI/PMI,medium,0,E0096,backbone,FRh2,BEh2,,NH3_cracked_to_H2,0.0,13140.0,0.0
S2040_PCIPMI_medium,S2040_PCIPMI_medium,2040,PCI/PMI,medium,0,E0096,backbone,FRh2,BEh2,,LOHC_to_H2,0.0,13140.0,0.0
S2040_PCIPMI_medium,S2040_PCIPMI_medium,2040,PCI/PMI,medium,0,E0098,backbone,FRh2N,BEh2,,NH3_cracked_to_H2,0.0,17520.0,0.0
S2040_PCIPMI_medium,S2040_PCIPMI_medium,2040,PCI/PMI,medium,0,E0098,backbone,FRh2N,BEh2,,LOHC_to_H2,0.0,17520.0,0.0
S2040_PCIPMI_medium,S2040_PCIPMI_medium,2040,PCI/PMI,medium,0,E0100,backbone,FRh2Va,BEH2Mo,,NH3_cracked_to_H2,0.0,8760.0,0.0
S2040_PCIPMI_medium,S2040_PCIPMI_medium,2040,PCI/PMI,medium,0,E0100,backbone,FRh2Va,BEH2Mo,,LOHC_to_H2,0.0,8760.0,0.0
S2040_PCIPMI_medium,S2040_PCIPMI_medium,2040,PCI/PMI,medium,0,E0104,backbone,FRh2,FRh2S,,NH3_cracked_to_H2,29112.396743885503,70080.0,41.541662020384564
S2040_PCIPMI_medium,S2040_PCIPMI_medium,2040,PCI/PMI,medium,0,E0104,backbone,FRh2,FRh2S,,LOHC_to_H2,-0.0,70080.0,-0.0
S2040_PCIPMI_medium,S2040_PCIPMI_medium,2040,PCI/PMI,medium,0,E0108,backbone,FRh2,FRh2Va,,NH3_cracked_to_H2,-0.0,8760.0,-0.0
S2040_PCIPMI_medium,S2040_PCIPMI_medium,2040,PCI/PMI,medium,0,E0108,backbone,FRh2,FRh2Va,,LOHC_to_H2,-0.0,8760.0,-0.0
S2040_PCIPMI_medium,S2040_PCIPMI_medium,2040,PCI/PMI,medium,0,E0112,backbone,FRh2S,FRh2,,NH3_cracked_to_H2,0.0,70080.0,0.0
S2040_PCIPMI_medium,S2040_PCIPMI_medium,2040,PCI/PMI,medium,0,E0112,backbone,FRh2S,FRh2,,LOHC_to_H2,0.0,70080.0,0.0
S2040_PCIPMI_medium,S2040_PCIPMI_medium,2040,PCI/PMI,medium,0,E0120,backbone,FRh2Va,FRh2,,NH3_cracked_to_H2,0.0,8760.0,0.0
S2040_PCIPMI_medium,S2040_PCIPMI_medium,2040,PCI/PMI,medium,0,E0120,backbone,FRh2Va,FRh2,,LOHC_to_H2,0.0,8760.0,0.0
S2040_PCIPMI_medium,S2040_PCIPMI_medium,2040,PCI/PMI,medium,0,E0122,terminal_backbone,LH2_Tk_FRn,FRh2N,LH2_Tk_FRn|FRh2N,NH3_cracked_to_H2,17520.0,17520.0,100.0
S2040_PCIPMI_medium,S2040_PCIPMI_medium,2040,PCI/PMI,medium,0,E0128,backbone,FRh2,DEh2,,NH3_cracked_to_H2,0.0,76467.5,0.0
S2040_PCIPMI_medium,S2040_PCIPMI_medium,2040,PCI/PMI,medium,0,E0128,backbone,FRh2,DEh2,,LOHC_to_H2,0.0,76467.5,0.0
S2040_PCIPMI_medium,S2040_PCIPMI_medium,2040,PCI/PMI,medium,0,E0132,backbone,FRh2S,ESh2,,NH3_cracked_to_H2,29112.396743885503,78840.0,36.92592179589739
S2040_PCIPMI_medium,S2040_PCIPMI_medium,2040,PCI/PMI,medium,0,E0132,backbone,FRh2S,ESh2,,LOHC_to_H2,-0.0,78840.0,-0.0
S2040_PCIPMI_medium,S2040_PCIPMI_medium,2040,PCI/PMI,medium,0,E0138,backbone,DEh2,ATh2,,NH3_cracked_to_H2,24461.520573139183,54750.0,44.67857638929531
S2040_PCIPMI_medium,S2040_PCIPMI_medium,2040,PCI/PMI,medium,0,E0138,backbone,DEh2,ATh2,,LOHC_to_H2,58.4,54750.0,0.10666666666666667
S2040_PCIPMI_medium,S2040_PCIPMI_medium,2040,PCI/PMI,medium,0,E0140,backbone,DEh2,BEh2,,NH3_cracked_to_H2,0.0,33288.0,0.0
S2040_PCIPMI_medium,S2040_PCIPMI_medium,2040,PCI/PMI,medium,0,E0140,backbone,DEh2,BEh2,,LOHC_to_H2,0.0,33288.0,0.0
S2040_PCIPMI_medium,S2040_PCIPMI_medium,2040,PCI/PMI,medium,0,E0142,backbone,DEh2,CZh2,,NH3_cracked_to_H2,0.0,105120.0,0.0
S2040_PCIPMI_medium,S2040_PCIPMI_medium,2040,PCI/PMI,medium,0,E0142,backbone,DEh2,CZh2,,LOHC_to_H2,0.0,105120.0,0.0
S2040_PCIPMI_medium,S2040_PCIPMI_medium,2040,PCI/PMI,medium,0,E0144,backbone,DEh2,DKh2,,NH3_cracked_to_H2,0.0,37668.0,0.0
S2040_PCIPMI_medium,S2040_PCIPMI_medium,2040,PCI/PMI,medium,0,E0144,backbone,DEh2,DKh2,,LOHC_to_H2,0.0,37668.0,0.0
S2040_PCIPMI_medium,S2040_PCIPMI_medium,2040,PCI/PMI,medium,0,E0146,backbone,DEh2,FRh2,,NH3_cracked_to_H2,15972.396743885503,70408.5,22.685324561502522
S2040_PCIPMI_medium,S2040_PCIPMI_medium,2040,PCI/PMI,medium,0,E0146,backbone,DEh2,FRh2,,LOHC_to_H2,0.0,70408.5,0.0
S2040_PCIPMI_medium,S2040_PCIPMI_medium,2040,PCI/PMI,medium,0,E0154,terminal_backbone,LH2_Tk_DE,DEh2,LH2_Tk_DE|DEh2,LOHC_to_H2,58.4,19965.5,0.29250457038391225
S2040_PCIPMI_medium,S2040_PCIPMI_medium,2040,PCI/PMI,medium,0,E0154,terminal_backbone,LH2_Tk_DE,DEh2,LH2_Tk_DE|DEh2,NH3_cracked_to_H2,19907.1,19965.5,99.70749542961607
S2040_PCIPMI_medium,S2040_PCIPMI_medium,2040,PCI/PMI,medium,0,E0156,terminal_backbone,LH2_Tk_DEbp,DEh2bp,LH2_Tk_DEbp|DEh2bp,LOHC_to_H2,0.0,4745.0,0.0
S2040_PCIPMI_medium,S2040_PCIPMI_medium,2040,PCI/PMI,medium,0,E0156,terminal_backbone,LH2_Tk_DEbp,DEh2bp,LH2_Tk_DEbp|DEh2bp,NH3_cracked_to_H2,0.0,4745.0,0.0
S2040_PCIPMI_medium,S2040_PCIPMI_medium,2040,PCI/PMI,medium,0,E0158,backbone,DEh2,NLh2,,NH3_cracked_to_H2,0.0,63072.00000000001,0.0
S2040_PCIPMI_medium,S2040_PCIPMI_medium,2040,PCI/PMI,medium,0,E0158,backbone,DEh2,NLh2,,LOHC_to_H2,0.0,63072.00000000001,0.0
S2040_PCIPMI_medium,S2040_PCIPMI_medium,2040,PCI/PMI,medium,0,E0164,backbone,DEh2,PLh2nbc,,NH3_cracked_to_H2,36500.0,36500.0,100.0
S2040_PCIPMI_medium,S2040_PCIPMI_medium,2040,PCI/PMI,medium,0,E0164,backbone,DEh2,PLh2nbc,,LOHC_to_H2,0.0,36500.0,0.0
S2040_PCIPMI_medium,S2040_PCIPMI_medium,2040,PCI/PMI,medium,0,E0168,backbone,GRh2,BGh2,,NH3_cracked_to_H2,0.0,29200.0,0.0
S2040_PCIPMI_medium,S2040_PCIPMI_medium,2040,PCI/PMI,medium,0,E0168,backbone,GRh2,BGh2,,LOHC_to_H2,0.0,29200.0,0.0
S2040_PCIPMI_medium,S2040_PCIPMI_medium,2040,PCI/PMI,medium,0,E0194,backbone,IB-ITh2,ATh2,,NH3_cracked_to_H2,0.0,61320.0,0.0
S2040_PCIPMI_medium,S2040_PCIPMI_medium,2040,PCI/PMI,medium,0,E0194,backbone,IB-ITh2,ATh2,,LOHC_to_H2,0.0,61320.0,0.0
S2040_PCIPMI_medium,S2040_PCIPMI_medium,2040,PCI/PMI,medium,0,E0198,backbone,ITh2,IB-ITh2,,NH3_cracked_to_H2,-0.0,73000.0,-0.0
S2040_PCIPMI_medium,S2040_PCIPMI_medium,2040,PCI/PMI,medium,0,E0198,backbone,ITh2,IB-ITh2,,LOHC_to_H2,-0.0,73000.0,-0.0
S2040_PCIPMI_medium,S2040_PCIPMI_medium,2040,PCI/PMI,medium,0,E0208,backbone,LVh2,EEh2,,NH3_cracked_to_H2,0.0,36500.0,0.0
S2040_PCIPMI_medium,S2040_PCIPMI_medium,2040,PCI/PMI,medium,0,E0208,backbone,LVh2,EEh2,,LOHC_to_H2,0.0,36500.0,0.0
S2040_PCIPMI_medium,S2040_PCIPMI_medium,2040,PCI/PMI,medium,0,E0210,backbone,LVh2,LTh2,,NH3_cracked_to_H2,-0.0,73000.0,-0.0
S2040_PCIPMI_medium,S2040_PCIPMI_medium,2040,PCI/PMI,medium,0,E0210,backbone,LVh2,LTh2,,LOHC_to_H2,-0.0,73000.0,-0.0
S2040_PCIPMI_medium,S2040_PCIPMI_medium,2040,PCI/PMI,medium,0,E0212,backbone,LTh2,LVh2,,NH3_cracked_to_H2,0.0,36500.0,0.0
S2040_PCIPMI_medium,S2040_PCIPMI_medium,2040,PCI/PMI,medium,0,E0212,backbone,LTh2,LVh2,,LOHC_to_H2,0.0,36500.0,0.0
S2040_PCIPMI_medium,S2040_PCIPMI_medium,2040,PCI/PMI,medium,0,E0214,backbone,LTh2,PLh2nbc,,NH3_cracked_to_H2,-0.0,73000.0,-0.0
S2040_PCIPMI_medium,S2040_PCIPMI_medium,2040,PCI/PMI,medium,0,E0214,backbone,LTh2,PLh2nbc,,LOHC_to_H2,-0.0,73000.0,-0.0
S2040_PCIPMI_medium,S2040_PCIPMI_medium,2040,PCI/PMI,medium,0,E0222,backbone,MAh2,ESh2,,NH3_cracked_to_H2,-0.0,38690.0,-0.0
S2040_PCIPMI_medium,S2040_PCIPMI_medium,2040,PCI/PMI,medium,0,E0222,backbone,MAh2,ESh2,,LOHC_to_H2,-0.0,38690.0,-0.0
S2040_PCIPMI_medium,S2040_PCIPMI_medium,2040,PCI/PMI,medium,0,E0224,backbone,NLh2,BEh2,,NH3_cracked_to_H2,0.0,43800.0,0.0
S2040_PCIPMI_medium,S2040_PCIPMI_medium,2040,PCI/PMI,medium,0,E0224,backbone,NLh2,BEh2,,LOHC_to_H2,0.0,43800.0,0.0
S2040_PCIPMI_medium,S2040_PCIPMI_medium,2040,PCI/PMI,medium,0,E0226,backbone,NLh2,DEh2,,NH3_cracked_to_H2,23738.81731702469,74460.0,31.881301795628108
S2040_PCIPMI_medium,S2040_PCIPMI_medium,2040,PCI/PMI,medium,0,E0226,backbone,NLh2,DEh2,,LOHC_to_H2,-0.0,74460.0,-0.0
S2040_PCIPMI_medium,S2040_PCIPMI_medium,2040,PCI/PMI,medium,0,E0228,terminal_backbone,LH2_Tk_NL,NLh2,LH2_Tk_NL|NLh2,NH3_cracked_to_H2,64641.5,64641.5,100.0
S2040_PCIPMI_medium,S2040_PCIPMI_medium,2040,PCI/PMI,medium,0,E0234,backbone,Y-NOh2,DEh2,,NH3_cracked_to_H2,-0.0,157680.0,-0.0
S2040_PCIPMI_medium,S2040_PCIPMI_medium,2040,PCI/PMI,medium,0,E0234,backbone,Y-NOh2,DEh2,,LOHC_to_H2,-0.0,157680.0,-0.0
S2040_PCIPMI_medium,S2040_PCIPMI_medium,2040,PCI/PMI,medium,0,E0236,backbone,NOh2,Y-NOh2,,NH3_cracked_to_H2,-0.0,157680.0,-0.0
S2040_PCIPMI_medium,S2040_PCIPMI_medium,2040,PCI/PMI,medium,0,E0236,backbone,NOh2,Y-NOh2,,LOHC_to_H2,-0.0,157680.0,-0.0
S2040_PCIPMI_medium,S2040_PCIPMI_medium,2040,PCI/PMI,medium,0,E0246,backbone,PLh2nbc,DEh2,,NH3_cracked_to_H2,0.0,73000.0,0.0
S2040_PCIPMI_medium,S2040_PCIPMI_medium,2040,PCI/PMI,medium,0,E0246,backbone,PLh2nbc,DEh2,,LOHC_to_H2,0.0,73000.0,0.0
S2040_PCIPMI_medium,S2040_PCIPMI_medium,2040,PCI/PMI,medium,0,E0248,backbone,PLh2nbc,LTh2,,NH3_cracked_to_H2,0.0,36500.0,0.0
S2040_PCIPMI_medium,S2040_PCIPMI_medium,2040,PCI/PMI,medium,0,E0248,backbone,PLh2nbc,LTh2,,LOHC_to_H2,0.0,36500.0,0.0
S2040_PCIPMI_medium,S2040_PCIPMI_medium,2040,PCI/PMI,medium,0,E0254,backbone,PLh2nbc,PLh2N,,NH3_cracked_to_H2,26108.66738629406,36500.0,71.53059557888783
S2040_PCIPMI_medium,S2040_PCIPMI_medium,2040,PCI/PMI,medium,0,E0254,backbone,PLh2nbc,PLh2N,,LOHC_to_H2,-0.0,36500.0,-0.0
S2040_PCIPMI_medium,S2040_PCIPMI_medium,2040,PCI/PMI,medium,0,E0260,backbone,PLh2S,PLh2nbc,,NH3_cracked_to_H2,-0.0,18250.0,-0.0
S2040_PCIPMI_medium,S2040_PCIPMI_medium,2040,PCI/PMI,medium,0,E0260,backbone,PLh2S,PLh2nbc,,LOHC_to_H2,-0.0,18250.0,-0.0
S2040_PCIPMI_medium,S2040_PCIPMI_medium,2040,PCI/PMI,medium,0,E0268,backbone,PTh2,ESh2,,NH3_cracked_to_H2,-0.0,29565.0,-0.0
S2040_PCIPMI_medium,S2040_PCIPMI_medium,2040,PCI/PMI,medium,0,E0268,backbone,PTh2,ESh2,,LOHC_to_H2,-0.0,29565.0,-0.0
S2040_PCIPMI_medium,S2040_PCIPMI_medium,2040,PCI/PMI,medium,0,E0286,backbone,IB-SKh2W,ATh2,,NH3_cracked_to_H2,0.0,52560.0,0.0
S2040_PCIPMI_medium,S2040_PCIPMI_medium,2040,PCI/PMI,medium,0,E0286,backbone,IB-SKh2W,ATh2,,LOHC_to_H2,0.0,52560.0,0.0
S2040_PCIPMI_medium,S2040_PCIPMI_medium,2040,PCI/PMI,medium,0,E0288,backbone,IB-SKh2W,CZh2,,NH3_cracked_to_H2,0.0,52560.0,0.0
S2040_PCIPMI_medium,S2040_PCIPMI_medium,2040,PCI/PMI,medium,0,E0288,backbone,IB-SKh2W,CZh2,,LOHC_to_H2,0.0,52560.0,0.0
S2040_PCIPMI_medium,S2040_PCIPMI_medium,2040,PCI/PMI,medium,0,E0294,backbone,IB-SKh2C,SKh2E,,NH3_cracked_to_H2,-0.0,52560.0,-0.0
S2040_PCIPMI_medium,S2040_PCIPMI_medium,2040,PCI/PMI,medium,0,E0294,backbone,IB-SKh2C,SKh2E,,LOHC_to_H2,-0.0,52560.0,-0.0
S2040_PCIPMI_medium,S2040_PCIPMI_medium,2040,PCI/PMI,medium,0,E0296,backbone,IB-SKh2C,SKh2W,,NH3_cracked_to_H2,0.0,52560.0,0.0
S2040_PCIPMI_medium,S2040_PCIPMI_medium,2040,PCI/PMI,medium,0,E0296,backbone,IB-SKh2C,SKh2W,,LOHC_to_H2,0.0,52560.0,0.0
S2040_PCIPMI_medium,S2040_PCIPMI_medium,2040,PCI/PMI,medium,0,E0298,backbone,IB-SKh2E,SKh2E,,NH3_cracked_to_H2,-0.0,52560.0,-0.0
S2040_PCIPMI_medium,S2040_PCIPMI_medium,2040,PCI/PMI,medium,0,E0298,backbone,IB-SKh2E,SKh2E,,LOHC_to_H2,-0.0,52560.0,-0.0
S2040_PCIPMI_medium,S2040_PCIPMI_medium,2040,PCI/PMI,medium,0,E0300,backbone,IB-SKh2W,SKh2W,,NH3_cracked_to_H2,0.0,52560.0,0.0
S2040_PCIPMI_medium,S2040_PCIPMI_medium,2040,PCI/PMI,medium,0,E0300,backbone,IB-SKh2W,SKh2W,,LOHC_to_H2,0.0,52560.0,0.0
S2040_PCIPMI_medium,S2040_PCIPMI_medium,2040,PCI/PMI,medium,0,E0302,backbone,SKh2E,IB-SKh2C,,NH3_cracked_to_H2,0.0,52560.0,0.0
S2040_PCIPMI_medium,S2040_PCIPMI_medium,2040,PCI/PMI,medium,0,E0302,backbone,SKh2E,IB-SKh2C,,LOHC_to_H2,0.0,52560.0,0.0
S2040_PCIPMI_medium,S2040_PCIPMI_medium,2040,PCI/PMI,medium,0,E0304,backbone,SKh2E,IB-SKh2E,,NH3_cracked_to_H2,0.0,52560.0,0.0
S2040_PCIPMI_medium,S2040_PCIPMI_medium,2040,PCI/PMI,medium,0,E0304,backbone,SKh2E,IB-SKh2E,,LOHC_to_H2,0.0,52560.0,0.0
S2040_PCIPMI_medium,S2040_PCIPMI_medium,2040,PCI/PMI,medium,0,E0306,backbone,SKh2W,IB-SKh2C,,NH3_cracked_to_H2,-0.0,52560.0,-0.0
S2040_PCIPMI_medium,S2040_PCIPMI_medium,2040,PCI/PMI,medium,0,E0306,backbone,SKh2W,IB-SKh2C,,LOHC_to_H2,-0.0,52560.0,-0.0
S2040_PCIPMI_medium,S2040_PCIPMI_medium,2040,PCI/PMI,medium,0,E0308,backbone,SKh2W,IB-SKh2W,,NH3_cracked_to_H2,-0.0,52560.0,-0.0
S2040_PCIPMI_medium,S2040_PCIPMI_medium,2040,PCI/PMI,medium,0,E0308,backbone,SKh2W,IB-SKh2W,,LOHC_to_H2,-0.0,52560.0,-0.0
S2040_PCIPMI_medium,S2040_PCIPMI_medium,2040,PCI/PMI,medium,0,E0320,backbone,ESh2,FRh2S,,NH3_cracked_to_H2,0.0,78840.0,0.0
S2040_PCIPMI_medium,S2040_PCIPMI_medium,2040,PCI/PMI,medium,0,E0320,backbone,ESh2,FRh2S,,LOHC_to_H2,0.0,78840.0,0.0
S2040_PCIPMI_medium,S2040_PCIPMI_medium,2040,PCI/PMI,medium,0,E0326,backbone,ESh2,PTh2,,NH3_cracked_to_H2,0.0,29565.0,0.0
S2040_PCIPMI_medium,S2040_PCIPMI_medium,2040,PCI/PMI,medium,0,E0326,backbone,ESh2,PTh2,,LOHC_to_H2,0.0,29565.0,0.0
S2040_PCIPMI_medium,S2040_PCIPMI_medium,2040,PCI/PMI,medium,0,E0328,backbone,SEh2,FIh2Al,,NH3_cracked_to_H2,-0.0,183960.0,-0.0
S2040_PCIPMI_medium,S2040_PCIPMI_medium,2040,PCI/PMI,medium,0,E0328,backbone,SEh2,FIh2Al,,LOHC_to_H2,-0.0,183960.0,-0.0
S2040_PCIPMI_medium,S2040_PCIPMI_medium,2040,PCI/PMI,medium,0,E0330,backbone,SEh2,FIh2N,,NH3_cracked_to_H2,0.0,59130.0,0.0
S2040_PCIPMI_medium,S2040_PCIPMI_medium,2040,PCI/PMI,medium,0,E0330,backbone,SEh2,FIh2N,,LOHC_to_H2,0.0,59130.0,0.0
S2040_PCIPMI_medium,S2040_PCIPMI_medium,2040,PCI/PMI,medium,0,E0346,backbone,UAh2,IB-SKh2E,,NH3_cracked_to_H2,-0.0,52560.0,-0.0
S2040_PCIPMI_medium,S2040_PCIPMI_medium,2040,PCI/PMI,medium,0,E0346,backbone,UAh2,IB-SKh2E,,LOHC_to_H2,-0.0,52560.0,-0.0
S2040_PCIPMI_high,S2040_PCIPMI_high,2040,PCI/PMI,high,0,E0004,backbone,DZh2,ITh2,,NH3_cracked_to_H2,-0.0,163520.0,-0.0
S2040_PCIPMI_high,S2040_PCIPMI_high,2040,PCI/PMI,high,0,E0004,backbone,DZh2,ITh2,,LOHC_to_H2,-0.0,163520.0,-0.0
S2040_PCIPMI_high,S2040_PCIPMI_high,2040,PCI/PMI,high,0,E0006,backbone,ATh2,DEh2,,NH3_cracked_to_H2,0.0,54750.0,0.0
S2040_PCIPMI_high,S2040_PCIPMI_high,2040,PCI/PMI,high,0,E0006,backbone,ATh2,DEh2,,LOHC_to_H2,0.0,54750.0,0.0
S2040_PCIPMI_high,S2040_PCIPMI_high,2040,PCI/PMI,high,0,E0010,backbone,ATh2,IB-ITh2,,NH3_cracked_to_H2,33016.5264863492,45990.0,71.79066424516024
S2040_PCIPMI_high,S2040_PCIPMI_high,2040,PCI/PMI,high,0,E0010,backbone,ATh2,IB-ITh2,,LOHC_to_H2,-0.0,45990.0,-0.0
S2040_PCIPMI_high,S2040_PCIPMI_high,2040,PCI/PMI,high,0,E0012,backbone,ATh2,IB-SKh2W,,NH3_cracked_to_H2,-0.0,52560.0,-0.0
S2040_PCIPMI_high,S2040_PCIPMI_high,2040,PCI/PMI,high,0,E0012,backbone,ATh2,IB-SKh2W,,LOHC_to_H2,-0.0,52560.0,-0.0
S2040_PCIPMI_high,S2040_PCIPMI_high,2040,PCI/PMI,high,0,E0020,terminal_backbone,LH2_Tk_BE,BEh2,LH2_Tk_BE|BEh2,NH3_cracked_to_H2,70664.0,70664.0,100.0
S2040_PCIPMI_high,S2040_PCIPMI_high,2040,PCI/PMI,high,0,E0022,backbone,BEh2,FRh2,,NH3_cracked_to_H2,13140.0,13140.0,100.0
S2040_PCIPMI_high,S2040_PCIPMI_high,2040,PCI/PMI,high,0,E0022,backbone,BEh2,FRh2,,LOHC_to_H2,0.0,13140.0,0.0
S2040_PCIPMI_high,S2040_PCIPMI_high,2040,PCI/PMI,high,0,E0024,backbone,BEh2,FRh2N,,NH3_cracked_to_H2,15489.393821221765,17520.0,88.40978208459912
S2040_PCIPMI_high,S2040_PCIPMI_high,2040,PCI/PMI,high,0,E0024,backbone,BEh2,FRh2N,,LOHC_to_H2,-0.0,17520.0,-0.0
S2040_PCIPMI_high,S2040_PCIPMI_high,2040,PCI/PMI,high,0,E0026,backbone,BEH2Mo,FRh2Va,,NH3_cracked_to_H2,-0.0,8760.0,-0.0
S2040_PCIPMI_high,S2040_PCIPMI_high,2040,PCI/PMI,high,0,E0026,backbone,BEH2Mo,FRh2Va,,LOHC_to_H2,-0.0,8760.0,-0.0
S2040_PCIPMI_high,S2040_PCIPMI_high,2040,PCI/PMI,high,0,E0028,backbone,BEh2,DEh2,,NH3_cracked_to_H2,33288.0,33288.0,100.0
S2040_PCIPMI_high,S2040_PCIPMI_high,2040,PCI/PMI,high,0,E0028,backbone,BEh2,DEh2,,LOHC_to_H2,0.0,33288.0,0.0
S2040_PCIPMI_high,S2040_PCIPMI_high,2040,PCI/PMI,high,0,E0032,backbone,BEh2,NLh2,,NH3_cracked_to_H2,8746.606178778235,43800.0,19.969420499493687
S2040_PCIPMI_high,S2040_PCIPMI_high,2040,PCI/PMI,high,0,E0032,backbone,BEh2,NLh2,,LOHC_to_H2,0.0,43800.0,0.0
S2040_PCIPMI_high,S2040_PCIPMI_high,2040,PCI/PMI,high,0,E0038,backbone,BGh2,GRh2,,NH3_cracked_to_H2,-0.0,29200.0,-0.0
S2040_PCIPMI_high,S2040_PCIPMI_high,2040,PCI/PMI,high,0,E0038,backbone,BGh2,GRh2,,LOHC_to_H2,-0.0,29200.0,-0.0
S2040_PCIPMI_high,S2040_PCIPMI_high,2040,PCI/PMI,high,0,E0058,backbone,CZh2,DEh2,,NH3_cracked_to_H2,-0.0,105120.0,-0.0
S2040_PCIPMI_high,S2040_PCIPMI_high,2040,PCI/PMI,high,0,E0058,backbone,CZh2,DEh2,,LOHC_to_H2,-0.0,105120.0,-0.0
S2040_PCIPMI_high,S2040_PCIPMI_high,2040,PCI/PMI,high,0,E0064,backbone,DKh2,DEh2,,NH3_cracked_to_H2,-0.0,37668.0,-0.0
S2040_PCIPMI_high,S2040_PCIPMI_high,2040,PCI/PMI,high,0,E0064,backbone,DKh2,DEh2,,LOHC_to_H2,-0.0,37668.0,-0.0
S2040_PCIPMI_high,S2040_PCIPMI_high,2040,PCI/PMI,high,0,E0070,backbone,EEh2,FIh2S,,NH3_cracked_to_H2,0.0,36500.0,0.0
S2040_PCIPMI_high,S2040_PCIPMI_high,2040,PCI/PMI,high,0,E0070,backbone,EEh2,FIh2S,,LOHC_to_H2,0.0,36500.0,0.0
S2040_PCIPMI_high,S2040_PCIPMI_high,2040,PCI/PMI,high,0,E0072,backbone,EEh2,LVh2,,NH3_cracked_to_H2,-0.0,73000.0,-0.0
S2040_PCIPMI_high,S2040_PCIPMI_high,2040,PCI/PMI,high,0,E0072,backbone,EEh2,LVh2,,LOHC_to_H2,-0.0,73000.0,-0.0
S2040_PCIPMI_high,S2040_PCIPMI_high,2040,PCI/PMI,high,0,E0074,backbone,FIh2S,EEh2,,NH3_cracked_to_H2,0.0,73000.0,0.0
S2040_PCIPMI_high,S2040_PCIPMI_high,2040,PCI/PMI,high,0,E0074,backbone,FIh2S,EEh2,,LOHC_to_H2,-0.0,73000.0,-0.0
S2040_PCIPMI_high,S2040_PCIPMI_high,2040,PCI/PMI,high,0,E0076,backbone,FIh2,FIh2Al,,NH3_cracked_to_H2,-0.0,183960.0,-0.0
S2040_PCIPMI_high,S2040_PCIPMI_high,2040,PCI/PMI,high,0,E0076,backbone,FIh2,FIh2Al,,LOHC_to_H2,-0.0,183960.0,-0.0
S2040_PCIPMI_high,S2040_PCIPMI_high,2040,PCI/PMI,high,0,E0078,backbone,FIh2,FIh2N,,NH3_cracked_to_H2,0.0,3649635.0,0.0
S2040_PCIPMI_high,S2040_PCIPMI_high,2040,PCI/PMI,high,0,E0078,backbone,FIh2,FIh2N,,LOHC_to_H2,0.0,3649635.0,0.0
S2040_PCIPMI_high,S2040_PCIPMI_high,2040,PCI/PMI,high,0,E0080,backbone,FIh2,FIh2S,,NH3_cracked_to_H2,0.0,3649635.0,0.0
S2040_PCIPMI_high,S2040_PCIPMI_high,2040,PCI/PMI,high,0,E0080,backbone,FIh2,FIh2S,,LOHC_to_H2,0.0,3649635.0,0.0
S2040_PCIPMI_high,S2040_PCIPMI_high,2040,PCI/PMI,high,0,E0082,backbone,FIh2Al,FIh2,,NH3_cracked_to_H2,0.0,183960.0,0.0
S2040_PCIPMI_high,S2040_PCIPMI_high,2040,PCI/PMI,high,0,E0082,backbone,FIh2Al,FIh2,,LOHC_to_H2,0.0,183960.0,0.0
S2040_PCIPMI_high,S2040_PCIPMI_high,2040,PCI/PMI,high,0,E0084,backbone,FIh2N,FIh2,,NH3_cracked_to_H2,-0.0,3649635.0,-0.0
S2040_PCIPMI_high,S2040_PCIPMI_high,2040,PCI/PMI,high,0,E0084,backbone,FIh2N,FIh2,,LOHC_to_H2,0.0,3649635.0,0.0
S2040_PCIPMI_high,S2040_PCIPMI_high,2040,PCI/PMI,high,0,E0086,backbone,FIh2S,FIh2,,NH3_cracked_to_H2,-0.0,3649635.0,-0.0
S2040_PCIPMI_high,S2040_PCIPMI_high,2040,PCI/PMI,high,0,E0086,backbone,FIh2S,FIh2,,LOHC_to_H2,0.0,3649635.0,0.0
S2040_PCIPMI_high,S2040_PCIPMI_high,2040,PCI/PMI,high,0,E0088,backbone,FIh2Al,DEh2,,NH3_cracked_to_H2,-0.0,95630.0,-0.0
S2040_PCIPMI_high,S2040_PCIPMI_high,2040,PCI/PMI,high,0,E0088,backbone,FIh2Al,DEh2,,LOHC_to_H2,-0.0,95630.0,-0.0
S2040_PCIPMI_high,S2040_PCIPMI_high,2040,PCI/PMI,high,0,E0092,backbone,FIh2Al,SEh2,,NH3_cracked_to_H2,0.0,183960.0,0.0
S2040_PCIPMI_high,S2040_PCIPMI_high,2040,PCI/PMI,high,0,E0092,backbone,FIh2Al,SEh2,,LOHC_to_H2,0.0,183960.0,0.0
S2040_PCIPMI_high,S2040_PCIPMI_high,2040,PCI/PMI,high,0,E0094,backbone,FIh2N,SEh2,,NH3_cracked_to_H2,0.0,59130.0,0.0
S2040_PCIPMI_high,S2040_PCIPMI_high,2040,PCI/PMI,high,0,E0094,backbone,FIh2N,SEh2,,LOHC_to_H2,-0.0,59130.0,-0.0
S2040_PCIPMI_high,S2040_PCIPMI_high,2040,PCI/PMI,high,0,E0096,backbone,FRh2,BEh2,,NH3_cracked_to_H2,0.0,13140.0,0.0
S2040_PCIPMI_high,S2040_PCIPMI_high,2040,PCI/PMI,high,0,E0096,backbone,FRh2,BEh2,,LOHC_to_H2,0.0,13140.0,0.0
S2040_PCIPMI_high,S2040_PCIPMI_high,2040,PCI/PMI,high,0,E0098,backbone,FRh2N,BEh2,,NH3_cracked_to_H2,0.0,17520.0,0.0
S2040_PCIPMI_high,S2040_PCIPMI_high,2040,PCI/PMI,high,0,E0098,backbone,FRh2N,BEh2,,LOHC_to_H2,0.0,17520.0,0.0
S2040_PCIPMI_high,S2040_PCIPMI_high,2040,PCI/PMI,high,0,E0100,backbone,FRh2Va,BEH2Mo,,NH3_cracked_to_H2,0.0,8760.0,0.0
S2040_PCIPMI_high,S2040_PCIPMI_high,2040,PCI/PMI,high,0,E0100,backbone,FRh2Va,BEH2Mo,,LOHC_to_H2,0.0,8760.0,0.0
S2040_PCIPMI_high,S2040_PCIPMI_high,2040,PCI/PMI,high,0,E0104,backbone,FRh2,FRh2S,,NH3_cracked_to_H2,13140.0,70080.0,18.75
S2040_PCIPMI_high,S2040_PCIPMI_high,2040,PCI/PMI,high,0,E0104,backbone,FRh2,FRh2S,,LOHC_to_H2,-0.0,70080.0,-0.0
S2040_PCIPMI_high,S2040_PCIPMI_high,2040,PCI/PMI,high,0,E0108,backbone,FRh2,FRh2Va,,NH3_cracked_to_H2,-0.0,8760.0,-0.0
S2040_PCIPMI_high,S2040_PCIPMI_high,2040,PCI/PMI,high,0,E0108,backbone,FRh2,FRh2Va,,LOHC_to_H2,-0.0,8760.0,-0.0
S2040_PCIPMI_high,S2040_PCIPMI_high,2040,PCI/PMI,high,0,E0112,backbone,FRh2S,FRh2,,NH3_cracked_to_H2,0.0,70080.0,0.0
S2040_PCIPMI_high,S2040_PCIPMI_high,2040,PCI/PMI,high,0,E0112,backbone,FRh2S,FRh2,,LOHC_to_H2,0.0,70080.0,0.0
S2040_PCIPMI_high,S2040_PCIPMI_high,2040,PCI/PMI,high,0,E0120,backbone,FRh2Va,FRh2,,NH3_cracked_to_H2,0.0,8760.0,0.0
S2040_PCIPMI_high,S2040_PCIPMI_high,2040,PCI/PMI,high,0,E0120,backbone,FRh2Va,FRh2,,LOHC_to_H2,0.0,8760.0,0.0
S2040_PCIPMI_high,S2040_PCIPMI_high,2040,PCI/PMI,high,0,E0122,terminal_backbone,LH2_Tk_FRn,FRh2N,LH2_Tk_FRn|FRh2N,NH3_cracked_to_H2,17520.0,17520.0,100.0
S2040_PCIPMI_high,S2040_PCIPMI_high,2040,PCI/PMI,high,0,E0128,backbone,FRh2,DEh2,,NH3_cracked_to_H2,0.0,76467.5,0.0
S2040_PCIPMI_high,S2040_PCIPMI_high,2040,PCI/PMI,high,0,E0128,backbone,FRh2,DEh2,,LOHC_to_H2,0.0,76467.5,0.0
S2040_PCIPMI_high,S2040_PCIPMI_high,2040,PCI/PMI,high,0,E0132,backbone,FRh2S,ESh2,,NH3_cracked_to_H2,13140.0,78840.0,16.666666666666668
S2040_PCIPMI_high,S2040_PCIPMI_high,2040,PCI/PMI,high,0,E0132,backbone,FRh2S,ESh2,,LOHC_to_H2,-0.0,78840.0,-0.0
S2040_PCIPMI_high,S2040_PCIPMI_high,2040,PCI/PMI,high,0,E0138,backbone,DEh2,ATh2,,NH3_cracked_to_H2,33016.5264863492,54750.0,60.30415796593461
S2040_PCIPMI_high,S2040_PCIPMI_high,2040,PCI/PMI,high,0,E0138,backbone,DEh2,ATh2,,LOHC_to_H2,0.0,54750.0,0.0
S2040_PCIPMI_high,S2040_PCIPMI_high,2040,PCI/PMI,high,0,E0140,backbone,DEh2,BEh2,,NH3_cracked_to_H2,0.0,33288.0,0.0
S2040_PCIPMI_high,S2040_PCIPMI_high,2040,PCI/PMI,high,0,E0140,backbone,DEh2,BEh2,,LOHC_to_H2,0.0,33288.0,0.0
S2040_PCIPMI_high,S2040_PCIPMI_high,2040,PCI/PMI,high,0,E0142,backbone,DEh2,CZh2,,NH3_cracked_to_H2,0.0,105120.0,0.0
S2040_PCIPMI_high,S2040_PCIPMI_high,2040,PCI/PMI,high,0,E0142,backbone,DEh2,CZh2,,LOHC_to_H2,0.0,105120.0,0.0
S2040_PCIPMI_high,S2040_PCIPMI_high,2040,PCI/PMI,high,0,E0144,backbone,DEh2,DKh2,,NH3_cracked_to_H2,0.0,37668.0,0.0
S2040_PCIPMI_high,S2040_PCIPMI_high,2040,PCI/PMI,high,0,E0144,backbone,DEh2,DKh2,,LOHC_to_H2,0.0,37668.0,0.0
S2040_PCIPMI_high,S2040_PCIPMI_high,2040,PCI/PMI,high,0,E0146,backbone,DEh2,FRh2,,NH3_cracked_to_H2,0.0,70408.5,0.0
S2040_PCIPMI_high,S2040_PCIPMI_high,2040,PCI/PMI,high,0,E0146,backbone,DEh2,FRh2,,LOHC_to_H2,0.0,70408.5,0.0
S2040_PCIPMI_high,S2040_PCIPMI_high,2040,PCI/PMI,high,0,E0154,terminal_backbone,LH2_Tk_DE,DEh2,LH2_Tk_DE|DEh2,LOHC_to_H2,58.4,19965.5,0.29250457038391225
S2040_PCIPMI_high,S2040_PCIPMI_high,2040,PCI/PMI,high,0,E0154,terminal_backbone,LH2_Tk_DE,DEh2,LH2_Tk_DE|DEh2,NH3_cracked_to_H2,19907.1,19965.5,99.70749542961607
S2040_PCIPMI_high,S2040_PCIPMI_high,2040,PCI/PMI,high,0,E0156,terminal_backbone,LH2_Tk_DEbp,DEh2bp,LH2_Tk_DEbp|DEh2bp,LOHC_to_H2,0.0,4745.0,0.0
S2040_PCIPMI_high,S2040_PCIPMI_high,2040,PCI/PMI,high,0,E0156,terminal_backbone,LH2_Tk_DEbp,DEh2bp,LH2_Tk_DEbp|DEh2bp,NH3_cracked_to_H2,0.0,4745.0,0.0
S2040_PCIPMI_high,S2040_PCIPMI_high,2040,PCI/PMI,high,0,E0158,backbone,DEh2,NLh2,,NH3_cracked_to_H2,0.0,63072.00000000001,0.0
S2040_PCIPMI_high,S2040_PCIPMI_high,2040,PCI/PMI,high,0,E0158,backbone,DEh2,NLh2,,LOHC_to_H2,0.0,63072.00000000001,0.0
S2040_PCIPMI_high,S2040_PCIPMI_high,2040,PCI/PMI,high,0,E0164,backbone,DEh2,PLh2nbc,,NH3_cracked_to_H2,36441.6,36500.0,99.84
S2040_PCIPMI_high,S2040_PCIPMI_high,2040,PCI/PMI,high,0,E0164,backbone,DEh2,PLh2nbc,,LOHC_to_H2,58.4,36500.0,0.16
S2040_PCIPMI_high,S2040_PCIPMI_high,2040,PCI/PMI,high,0,E0168,backbone,GRh2,BGh2,,NH3_cracked_to_H2,0.0,29200.0,0.0
S2040_PCIPMI_high,S2040_PCIPMI_high,2040,PCI/PMI,high,0,E0168,backbone,GRh2,BGh2,,LOHC_to_H2,0.0,29200.0,0.0
S2040_PCIPMI_high,S2040_PCIPMI_high,2040,PCI/PMI,high,0,E0194,backbone,IB-ITh2,ATh2,,NH3_cracked_to_H2,0.0,61320.0,0.0
S2040_PCIPMI_high,S2040_PCIPMI_high,2040,PCI/PMI,high,0,E0194,backbone,IB-ITh2,ATh2,,LOHC_to_H2,0.0,61320.0,0.0
S2040_PCIPMI_high,S2040_PCIPMI_high,2040,PCI/PMI,high,0,E0198,backbone,ITh2,IB-ITh2,,NH3_cracked_to_H2,-0.0,73000.0,-0.0
S2040_PCIPMI_high,S2040_PCIPMI_high,2040,PCI/PMI,high,0,E0198,backbone,ITh2,IB-ITh2,,LOHC_to_H2,-0.0,73000.0,-0.0
S2040_PCIPMI_high,S2040_PCIPMI_high,2040,PCI/PMI,high,0,E0208,backbone,LVh2,EEh2,,NH3_cracked_to_H2,0.0,36500.0,0.0
S2040_PCIPMI_high,S2040_PCIPMI_high,2040,PCI/PMI,high,0,E0208,backbone,LVh2,EEh2,,LOHC_to_H2,0.0,36500.0,0.0
S2040_PCIPMI_high,S2040_PCIPMI_high,2040,PCI/PMI,high,0,E0210,backbone,LVh2,LTh2,,NH3_cracked_to_H2,-0.0,73000.0,-0.0
S2040_PCIPMI_high,S2040_PCIPMI_high,2040,PCI/PMI,high,0,E0210,backbone,LVh2,LTh2,,LOHC_to_H2,-0.0,73000.0,-0.0
S2040_PCIPMI_high,S2040_PCIPMI_high,2040,PCI/PMI,high,0,E0212,backbone,LTh2,LVh2,,NH3_cracked_to_H2,0.0,36500.0,0.0
S2040_PCIPMI_high,S2040_PCIPMI_high,2040,PCI/PMI,high,0,E0212,backbone,LTh2,LVh2,,LOHC_to_H2,0.0,36500.0,0.0
S2040_PCIPMI_high,S2040_PCIPMI_high,2040,PCI/PMI,high,0,E0214,backbone,LTh2,PLh2nbc,,NH3_cracked_to_H2,-0.0,73000.0,-0.0
S2040_PCIPMI_high,S2040_PCIPMI_high,2040,PCI/PMI,high,0,E0214,backbone,LTh2,PLh2nbc,,LOHC_to_H2,-0.0,73000.0,-0.0
S2040_PCIPMI_high,S2040_PCIPMI_high,2040,PCI/PMI,high,0,E0222,backbone,MAh2,ESh2,,NH3_cracked_to_H2,-0.0,38690.0,-0.0
S2040_PCIPMI_high,S2040_PCIPMI_high,2040,PCI/PMI,high,0,E0222,backbone,MAh2,ESh2,,LOHC_to_H2,-0.0,38690.0,-0.0
S2040_PCIPMI_high,S2040_PCIPMI_high,2040,PCI/PMI,high,0,E0224,backbone,NLh2,BEh2,,NH3_cracked_to_H2,0.0,43800.0,0.0
S2040_PCIPMI_high,S2040_PCIPMI_high,2040,PCI/PMI,high,0,E0224,backbone,NLh2,BEh2,,LOHC_to_H2,0.0,43800.0,0.0
S2040_PCIPMI_high,S2040_PCIPMI_high,2040,PCI/PMI,high,0,E0226,backbone,NLh2,DEh2,,NH3_cracked_to_H2,16263.026486349203,74460.0,21.841292622010748
S2040_PCIPMI_high,S2040_PCIPMI_high,2040,PCI/PMI,high,0,E0226,backbone,NLh2,DEh2,,LOHC_to_H2,-0.0,74460.0,-0.0
S2040_PCIPMI_high,S2040_PCIPMI_high,2040,PCI/PMI,high,0,E0228,terminal_backbone,LH2_Tk_NL,NLh2,LH2_Tk_NL|NLh2,NH3_cracked_to_H2,64641.5,64641.5,100.0
S2040_PCIPMI_high,S2040_PCIPMI_high,2040,PCI/PMI,high,0,E0234,backbone,Y-NOh2,DEh2,,NH3_cracked_to_H2,-0.0,157680.0,-0.0
S2040_PCIPMI_high,S2040_PCIPMI_high,2040,PCI/PMI,high,0,E0234,backbone,Y-NOh2,DEh2,,LOHC_to_H2,-0.0,157680.0,-0.0
S2040_PCIPMI_high,S2040_PCIPMI_high,2040,PCI/PMI,high,0,E0236,backbone,NOh2,Y-NOh2,,NH3_cracked_to_H2,-0.0,157680.0,-0.0
S2040_PCIPMI_high,S2040_PCIPMI_high,2040,PCI/PMI,high,0,E0236,backbone,NOh2,Y-NOh2,,LOHC_to_H2,-0.0,157680.0,-0.0
S2040_PCIPMI_high,S2040_PCIPMI_high,2040,PCI/PMI,high,0,E0246,backbone,PLh2nbc,DEh2,,NH3_cracked_to_H2,0.0,73000.0,0.0
S2040_PCIPMI_high,S2040_PCIPMI_high,2040,PCI/PMI,high,0,E0246,backbone,PLh2nbc,DEh2,,LOHC_to_H2,0.0,73000.0,0.0
S2040_PCIPMI_high,S2040_PCIPMI_high,2040,PCI/PMI,high,0,E0248,backbone,PLh2nbc,LTh2,,NH3_cracked_to_H2,0.0,36500.0,0.0
S2040_PCIPMI_high,S2040_PCIPMI_high,2040,PCI/PMI,high,0,E0248,backbone,PLh2nbc,LTh2,,LOHC_to_H2,0.0,36500.0,0.0
S2040_PCIPMI_high,S2040_PCIPMI_high,2040,PCI/PMI,high,0,E0254,backbone,PLh2nbc,PLh2N,,NH3_cracked_to_H2,22554.300858849027,36500.0,61.792605092737055
S2040_PCIPMI_high,S2040_PCIPMI_high,2040,PCI/PMI,high,0,E0254,backbone,PLh2nbc,PLh2N,,LOHC_to_H2,58.4,36500.0,0.16
S2040_PCIPMI_high,S2040_PCIPMI_high,2040,PCI/PMI,high,0,E0260,backbone,PLh2S,PLh2nbc,,NH3_cracked_to_H2,-0.0,18250.0,-0.0
S2040_PCIPMI_high,S2040_PCIPMI_high,2040,PCI/PMI,high,0,E0260,backbone,PLh2S,PLh2nbc,,LOHC_to_H2,-0.0,18250.0,-0.0
S2040_PCIPMI_high,S2040_PCIPMI_high,2040,PCI/PMI,high,0,E0268,backbone,PTh2,ESh2,,NH3_cracked_to_H2,-0.0,29565.0,-0.0
S2040_PCIPMI_high,S2040_PCIPMI_high,2040,PCI/PMI,high,0,E0268,backbone,PTh2,ESh2,,LOHC_to_H2,-0.0,29565.0,-0.0
S2040_PCIPMI_high,S2040_PCIPMI_high,2040,PCI/PMI,high,0,E0286,backbone,IB-SKh2W,ATh2,,NH3_cracked_to_H2,0.0,52560.0,0.0
S2040_PCIPMI_high,S2040_PCIPMI_high,2040,PCI/PMI,high,0,E0286,backbone,IB-SKh2W,ATh2,,LOHC_to_H2,0.0,52560.0,0.0
S2040_PCIPMI_high,S2040_PCIPMI_high,2040,PCI/PMI,high,0,E0288,backbone,IB-SKh2W,CZh2,,NH3_cracked_to_H2,0.0,52560.0,0.0
S2040_PCIPMI_high,S2040_PCIPMI_high,2040,PCI/PMI,high,0,E0288,backbone,IB-SKh2W,CZh2,,LOHC_to_H2,0.0,52560.0,0.0
S2040_PCIPMI_high,S2040_PCIPMI_high,2040,PCI/PMI,high,0,E0294,backbone,IB-SKh2C,SKh2E,,NH3_cracked_to_H2,-0.0,52560.0,-0.0
S2040_PCIPMI_high,S2040_PCIPMI_high,2040,PCI/PMI,high,0,E0294,backbone,IB-SKh2C,SKh2E,,LOHC_to_H2,-0.0,52560.0,-0.0
S2040_PCIPMI_high,S2040_PCIPMI_high,2040,PCI/PMI,high,0,E0296,backbone,IB-SKh2C,SKh2W,,NH3_cracked_to_H2,0.0,52560.0,0.0
S2040_PCIPMI_high,S2040_PCIPMI_high,2040,PCI/PMI,high,0,E0296,backbone,IB-SKh2C,SKh2W,,LOHC_to_H2,0.0,52560.0,0.0
S2040_PCIPMI_high,S2040_PCIPMI_high,2040,PCI/PMI,high,0,E0298,backbone,IB-SKh2E,SKh2E,,NH3_cracked_to_H2,-0.0,52560.0,-0.0
S2040_PCIPMI_high,S2040_PCIPMI_high,2040,PCI/PMI,high,0,E0298,backbone,IB-SKh2E,SKh2E,,LOHC_to_H2,-0.0,52560.0,-0.0
S2040_PCIPMI_high,S2040_PCIPMI_high,2040,PCI/PMI,high,0,E0300,backbone,IB-SKh2W,SKh2W,,NH3_cracked_to_H2,0.0,52560.0,0.0
S2040_PCIPMI_high,S2040_PCIPMI_high,2040,PCI/PMI,high,0,E0300,backbone,IB-SKh2W,SKh2W,,LOHC_to_H2,0.0,52560.0,0.0
S2040_PCIPMI_high,S2040_PCIPMI_high,2040,PCI/PMI,high,0,E0302,backbone,SKh2E,IB-SKh2C,,NH3_cracked_to_H2,0.0,52560.0,0.0
S2040_PCIPMI_high,S2040_PCIPMI_high,2040,PCI/PMI,high,0,E0302,backbone,SKh2E,IB-SKh2C,,LOHC_to_H2,0.0,52560.0,0.0
S2040_PCIPMI_high,S2040_PCIPMI_high,2040,PCI/PMI,high,0,E0304,backbone,SKh2E,IB-SKh2E,,NH3_cracked_to_H2,0.0,52560.0,0.0
S2040_PCIPMI_high,S2040_PCIPMI_high,2040,PCI/PMI,high,0,E0304,backbone,SKh2E,IB-SKh2E,,LOHC_to_H2,0.0,52560.0,0.0
S2040_PCIPMI_high,S2040_PCIPMI_high,2040,PCI/PMI,high,0,E0306,backbone,SKh2W,IB-SKh2C,,NH3_cracked_to_H2,-0.0,52560.0,-0.0
S2040_PCIPMI_high,S2040_PCIPMI_high,2040,PCI/PMI,high,0,E0306,backbone,SKh2W,IB-SKh2C,,LOHC_to_H2,-0.0,52560.0,-0.0
S2040_PCIPMI_high,S2040_PCIPMI_high,2040,PCI/PMI,high,0,E0308,backbone,SKh2W,IB-SKh2W,,NH3_cracked_to_H2,-0.0,52560.0,-0.0
S2040_PCIPMI_high,S2040_PCIPMI_high,2040,PCI/PMI,high,0,E0308,backbone,SKh2W,IB-SKh2W,,LOHC_to_H2,-0.0,52560.0,-0.0
S2040_PCIPMI_high,S2040_PCIPMI_high,2040,PCI/PMI,high,0,E0320,backbone,ESh2,FRh2S,,NH3_cracked_to_H2,0.0,78840.0,0.0
S2040_PCIPMI_high,S2040_PCIPMI_high,2040,PCI/PMI,high,0,E0320,backbone,ESh2,FRh2S,,LOHC_to_H2,0.0,78840.0,0.0
S2040_PCIPMI_high,S2040_PCIPMI_high,2040,PCI/PMI,high,0,E0326,backbone,ESh2,PTh2,,NH3_cracked_to_H2,0.0,29565.0,0.0
S2040_PCIPMI_high,S2040_PCIPMI_high,2040,PCI/PMI,high,0,E0326,backbone,ESh2,PTh2,,LOHC_to_H2,0.0,29565.0,0.0
S2040_PCIPMI_high,S2040_PCIPMI_high,2040,PCI/PMI,high,0,E0328,backbone,SEh2,FIh2Al,,NH3_cracked_to_H2,-0.0,183960.0,-0.0
S2040_PCIPMI_high,S2040_PCIPMI_high,2040,PCI/PMI,high,0,E0328,backbone,SEh2,FIh2Al,,LOHC_to_H2,-0.0,183960.0,-0.0
S2040_PCIPMI_high,S2040_PCIPMI_high,2040,PCI/PMI,high,0,E0330,backbone,SEh2,FIh2N,,NH3_cracked_to_H2,0.0,59130.0,0.0
S2040_PCIPMI_high,S2040_PCIPMI_high,2040,PCI/PMI,high,0,E0330,backbone,SEh2,FIh2N,,LOHC_to_H2,0.0,59130.0,0.0
S2040_PCIPMI_high,S2040_PCIPMI_high,2040,PCI/PMI,high,0,E0346,backbone,UAh2,IB-SKh2E,,NH3_cracked_to_H2,-0.0,52560.0,-0.0
S2040_PCIPMI_high,S2040_PCIPMI_high,2040,PCI/PMI,high,0,E0346,backbone,UAh2,IB-SKh2E,,LOHC_to_H2,-0.0,52560.0,-0.0
S2040_Advanced_low,S2040_Advanced_low,2040,Advanced,low,0,E0004,backbone,DZh2,ITh2,,NH3_cracked_to_H2,0.0,163520.0,0.0
S2040_Advanced_low,S2040_Advanced_low,2040,Advanced,low,0,E0004,backbone,DZh2,ITh2,,LOHC_to_H2,0.0,163520.0,0.0
S2040_Advanced_low,S2040_Advanced_low,2040,Advanced,low,0,E0006,backbone,ATh2,DEh2,,NH3_cracked_to_H2,0.0,54750.0,0.0
S2040_Advanced_low,S2040_Advanced_low,2040,Advanced,low,0,E0006,backbone,ATh2,DEh2,,LOHC_to_H2,0.0,54750.0,0.0
S2040_Advanced_low,S2040_Advanced_low,2040,Advanced,low,0,E0010,backbone,ATh2,IB-ITh2,,NH3_cracked_to_H2,24667.3716527293,45990.0,53.6363810670348
S2040_Advanced_low,S2040_Advanced_low,2040,Advanced,low,0,E0010,backbone,ATh2,IB-ITh2,,LOHC_to_H2,58.4,45990.0,0.12698412698412698
S2040_Advanced_low,S2040_Advanced_low,2040,Advanced,low,0,E0012,backbone,ATh2,IB-SKh2W,,NH3_cracked_to_H2,-0.0,52560.0,-0.0
S2040_Advanced_low,S2040_Advanced_low,2040,Advanced,low,0,E0012,backbone,ATh2,IB-SKh2W,,LOHC_to_H2,-0.0,52560.0,-0.0
S2040_Advanced_low,S2040_Advanced_low,2040,Advanced,low,0,E0020,terminal_backbone,LH2_Tk_BE,BEh2,LH2_Tk_BE|BEh2,NH3_cracked_to_H2,17989.27617830179,70664.0,25.457483553580026
S2040_Advanced_low,S2040_Advanced_low,2040,Advanced,low,0,E0022,backbone,BEh2,FRh2,,NH3_cracked_to_H2,13140.0,13140.0,100.0
S2040_Advanced_low,S2040_Advanced_low,2040,Advanced,low,0,E0022,backbone,BEh2,FRh2,,LOHC_to_H2,0.0,13140.0,0.0
S2040_Advanced_low,S2040_Advanced_low,2040,Advanced,low,0,E0024,backbone,BEh2,FRh2N,,NH3_cracked_to_H2,4849.276178301789,17520.0,27.678516999439434
S2040_Advanced_low,S2040_Advanced_low,2040,Advanced,low,0,E0024,backbone,BEh2,FRh2N,,LOHC_to_H2,-0.0,17520.0,-0.0
S2040_Advanced_low,S2040_Advanced_low,2040,Advanced,low,0,E0026,backbone,BEH2Mo,FRh2Va,,NH3_cracked_to_H2,-0.0,8760.0,-0.0
S2040_Advanced_low,S2040_Advanced_low,2040,Advanced,low,0,E0026,backbone,BEH2Mo,FRh2Va,,LOHC_to_H2,-0.0,8760.0,-0.0
S2040_Advanced_low,S2040_Advanced_low,2040,Advanced,low,0,E0028,backbone,BEh2,DEh2,,NH3_cracked_to_H2,0.0,33288.0,0.0
S2040_Advanced_low,S2040_Advanced_low,2040,Advanced,low,0,E0028,backbone,BEh2,DEh2,,LOHC_to_H2,0.0,33288.0,0.0
S2040_Advanced_low,S2040_Advanced_low,2040,Advanced,low,0,E0032,backbone,BEh2,NLh2,,NH3_cracked_to_H2,0.0,43800.0,0.0
S2040_Advanced_low,S2040_Advanced_low,2040,Advanced,low,0,E0032,backbone,BEh2,NLh2,,LOHC_to_H2,0.0,43800.0,0.0
S2040_Advanced_low,S2040_Advanced_low,2040,Advanced,low,0,E0036,backbone,BAh2,HRh2,,NH3_cracked_to_H2,-0.0,41975.0,-0.0
S2040_Advanced_low,S2040_Advanced_low,2040,Advanced,low,0,E0036,backbone,BAh2,HRh2,,LOHC_to_H2,-0.0,41975.0,-0.0
S2040_Advanced_low,S2040_Advanced_low,2040,Advanced,low,0,E0038,backbone,BGh2,GRh2,,NH3_cracked_to_H2,-0.0,29200.0,-0.0
S2040_Advanced_low,S2040_Advanced_low,2040,Advanced,low,0,E0038,backbone,BGh2,GRh2,,LOHC_to_H2,-0.0,29200.0,-0.0
S2040_Advanced_low,S2040_Advanced_low,2040,Advanced,low,0,E0046,backbone,HRh2,BAh2,,NH3_cracked_to_H2,0.0,41975.0,0.0
S2040_Advanced_low,S2040_Advanced_low,2040,Advanced,low,0,E0046,backbone,HRh2,BAh2,,LOHC_to_H2,0.0,41975.0,0.0
S2040_Advanced_low,S2040_Advanced_low,2040,Advanced,low,0,E0058,backbone,CZh2,DEh2,,NH3_cracked_to_H2,-0.0,105120.0,-0.0
S2040_Advanced_low,S2040_Advanced_low,2040,Advanced,low,0,E0058,backbone,CZh2,DEh2,,LOHC_to_H2,-0.0,105120.0,-0.0
S2040_Advanced_low,S2040_Advanced_low,2040,Advanced,low,0,E0064,backbone,DKh2,DEh2,,NH3_cracked_to_H2,-0.0,37668.0,-0.0
S2040_Advanced_low,S2040_Advanced_low,2040,Advanced,low,0,E0064,backbone,DKh2,DEh2,,LOHC_to_H2,-0.0,37668.0,-0.0
S2040_Advanced_low,S2040_Advanced_low,2040,Advanced,low,0,E0070,backbone,EEh2,FIh2S,,NH3_cracked_to_H2,0.0,36500.0,0.0
S2040_Advanced_low,S2040_Advanced_low,2040,Advanced,low,0,E0070,backbone,EEh2,FIh2S,,LOHC_to_H2,0.0,36500.0,0.0
S2040_Advanced_low,S2040_Advanced_low,2040,Advanced,low,0,E0072,backbone,EEh2,LVh2,,NH3_cracked_to_H2,0.0,73000.0,0.0
S2040_Advanced_low,S2040_Advanced_low,2040,Advanced,low,0,E0072,backbone,EEh2,LVh2,,LOHC_to_H2,0.0,73000.0,0.0
S2040_Advanced_low,S2040_Advanced_low,2040,Advanced,low,0,E0074,backbone,FIh2S,EEh2,,NH3_cracked_to_H2,0.0,73000.0,0.0
S2040_Advanced_low,S2040_Advanced_low,2040,Advanced,low,0,E0074,backbone,FIh2S,EEh2,,LOHC_to_H2,0.0,73000.0,0.0
S2040_Advanced_low,S2040_Advanced_low,2040,Advanced,low,0,E0076,backbone,FIh2,FIh2Al,,NH3_cracked_to_H2,0.0,183960.0,0.0
S2040_Advanced_low,S2040_Advanced_low,2040,Advanced,low,0,E0076,backbone,FIh2,FIh2Al,,LOHC_to_H2,-0.0,183960.0,-0.0
S2040_Advanced_low,S2040_Advanced_low,2040,Advanced,low,0,E0078,backbone,FIh2,FIh2N,,NH3_cracked_to_H2,0.0,3649635.0,0.0
S2040_Advanced_low,S2040_Advanced_low,2040,Advanced,low,0,E0078,backbone,FIh2,FIh2N,,LOHC_to_H2,0.0,3649635.0,0.0
S2040_Advanced_low,S2040_Advanced_low,2040,Advanced,low,0,E0080,backbone,FIh2,FIh2S,,NH3_cracked_to_H2,0.0,3649635.0,0.0
S2040_Advanced_low,S2040_Advanced_low,2040,Advanced,low,0,E0080,backbone,FIh2,FIh2S,,LOHC_to_H2,0.0,3649635.0,0.0
S2040_Advanced_low,S2040_Advanced_low,2040,Advanced,low,0,E0082,backbone,FIh2Al,FIh2,,NH3_cracked_to_H2,0.0,183960.0,0.0
S2040_Advanced_low,S2040_Advanced_low,2040,Advanced,low,0,E0082,backbone,FIh2Al,FIh2,,LOHC_to_H2,0.0,183960.0,0.0
S2040_Advanced_low,S2040_Advanced_low,2040,Advanced,low,0,E0084,backbone,FIh2N,FIh2,,NH3_cracked_to_H2,0.0,3649635.0,0.0
S2040_Advanced_low,S2040_Advanced_low,2040,Advanced,low,0,E0084,backbone,FIh2N,FIh2,,LOHC_to_H2,-0.0,3649635.0,-0.0
S2040_Advanced_low,S2040_Advanced_low,2040,Advanced,low,0,E0086,backbone,FIh2S,FIh2,,NH3_cracked_to_H2,0.0,3649635.0,0.0
S2040_Advanced_low,S2040_Advanced_low,2040,Advanced,low,0,E0086,backbone,FIh2S,FIh2,,LOHC_to_H2,0.0,3649635.0,0.0
S2040_Advanced_low,S2040_Advanced_low,2040,Advanced,low,0,E0088,backbone,FIh2Al,DEh2,,NH3_cracked_to_H2,-0.0,95630.0,-0.0
S2040_Advanced_low,S2040_Advanced_low,2040,Advanced,low,0,E0088,backbone,FIh2Al,DEh2,,LOHC_to_H2,-0.0,95630.0,-0.0
S2040_Advanced_low,S2040_Advanced_low,2040,Advanced,low,0,E0092,backbone,FIh2Al,SEh2,,NH3_cracked_to_H2,0.0,183960.0,0.0
S2040_Advanced_low,S2040_Advanced_low,2040,Advanced,low,0,E0092,backbone,FIh2Al,SEh2,,LOHC_to_H2,0.0,183960.0,0.0
S2040_Advanced_low,S2040_Advanced_low,2040,Advanced,low,0,E0094,backbone,FIh2N,SEh2,,NH3_cracked_to_H2,0.0,59130.0,0.0
S2040_Advanced_low,S2040_Advanced_low,2040,Advanced,low,0,E0094,backbone,FIh2N,SEh2,,LOHC_to_H2,0.0,59130.0,0.0
S2040_Advanced_low,S2040_Advanced_low,2040,Advanced,low,0,E0096,backbone,FRh2,BEh2,,NH3_cracked_to_H2,0.0,13140.0,0.0
S2040_Advanced_low,S2040_Advanced_low,2040,Advanced,low,0,E0096,backbone,FRh2,BEh2,,LOHC_to_H2,0.0,13140.0,0.0
S2040_Advanced_low,S2040_Advanced_low,2040,Advanced,low,0,E0098,backbone,FRh2N,BEh2,,NH3_cracked_to_H2,0.0,17520.0,0.0
S2040_Advanced_low,S2040_Advanced_low,2040,Advanced,low,0,E0098,backbone,FRh2N,BEh2,,LOHC_to_H2,0.0,17520.0,0.0
S2040_Advanced_low,S2040_Advanced_low,2040,Advanced,low,0,E0100,backbone,FRh2Va,BEH2Mo,,NH3_cracked_to_H2,0.0,8760.0,0.0
S2040_Advanced_low,S2040_Advanced_low,2040,Advanced,low,0,E0100,backbone,FRh2Va,BEH2Mo,,LOHC_to_H2,0.0,8760.0,0.0
S2040_Advanced_low,S2040_Advanced_low,2040,Advanced,low,0,E0104,backbone,FRh2,FRh2S,,NH3_cracked_to_H2,25032.68020736468,70080.0,35.72014869772357
S2040_Advanced_low,S2040_Advanced_low,2040,Advanced,low,0,E0104,backbone,FRh2,FRh2S,,LOHC_to_H2,-0.0,70080.0,-0.0
S2040_Advanced_low,S2040_Advanced_low,2040,Advanced,low,0,E0108,backbone,FRh2,FRh2Va,,NH3_cracked_to_H2,-0.0,8760.0,-0.0
S2040_Advanced_low,S2040_Advanced_low,2040,Advanced,low,0,E0108,backbone,FRh2,FRh2Va,,LOHC_to_H2,-0.0,8760.0,-0.0
S2040_Advanced_low,S2040_Advanced_low,2040,Advanced,low,0,E0112,backbone,FRh2S,FRh2,,NH3_cracked_to_H2,0.0,70080.0,0.0
S2040_Advanced_low,S2040_Advanced_low,2040,Advanced,low,0,E0112,backbone,FRh2S,FRh2,,LOHC_to_H2,0.0,70080.0,0.0
S2040_Advanced_low,S2040_Advanced_low,2040,Advanced,low,0,E0120,backbone,FRh2Va,FRh2,,NH3_cracked_to_H2,0.0,8760.0,0.0
S2040_Advanced_low,S2040_Advanced_low,2040,Advanced,low,0,E0120,backbone,FRh2Va,FRh2,,LOHC_to_H2,0.0,8760.0,0.0
S2040_Advanced_low,S2040_Advanced_low,2040,Advanced,low,0,E0122,terminal_backbone,LH2_Tk_FRn,FRh2N,LH2_Tk_FRn|FRh2N,NH3_cracked_to_H2,17520.0,17520.0,100.0
S2040_Advanced_low,S2040_Advanced_low,2040,Advanced,low,0,E0128,backbone,FRh2,DEh2,,NH3_cracked_to_H2,0.0,76467.5,0.0
S2040_Advanced_low,S2040_Advanced_low,2040,Advanced,low,0,E0128,backbone,FRh2,DEh2,,LOHC_to_H2,0.0,76467.5,0.0
S2040_Advanced_low,S2040_Advanced_low,2040,Advanced,low,0,E0132,backbone,FRh2S,ESh2,,NH3_cracked_to_H2,25032.68020736468,78840.0,31.7512432868654
S2040_Advanced_low,S2040_Advanced_low,2040,Advanced,low,0,E0132,backbone,FRh2S,ESh2,,LOHC_to_H2,-0.0,78840.0,-0.0
S2040_Advanced_low,S2040_Advanced_low,2040,Advanced,low,0,E0138,backbone,DEh2,ATh2,,NH3_cracked_to_H2,24667.3716527293,54750.0,45.054560096309224
S2040_Advanced_low,S2040_Advanced_low,2040,Advanced,low,0,E0138,backbone,DEh2,ATh2,,LOHC_to_H2,58.4,54750.0,0.10666666666666667
S2040_Advanced_low,S2040_Advanced_low,2040,Advanced,low,0,E0140,backbone,DEh2,BEh2,,NH3_cracked_to_H2,0.0,33288.0,0.0
S2040_Advanced_low,S2040_Advanced_low,2040,Advanced,low,0,E0140,backbone,DEh2,BEh2,,LOHC_to_H2,0.0,33288.0,0.0
S2040_Advanced_low,S2040_Advanced_low,2040,Advanced,low,0,E0142,backbone,DEh2,CZh2,,NH3_cracked_to_H2,0.0,105120.0,0.0
S2040_Advanced_low,S2040_Advanced_low,2040,Advanced,low,0,E0142,backbone,DEh2,CZh2,,LOHC_to_H2,0.0,105120.0,0.0
S2040_Advanced_low,S2040_Advanced_low,2040,Advanced,low,0,E0144,backbone,DEh2,DKh2,,NH3_cracked_to_H2,0.0,37668.0,0.0
S2040_Advanced_low,S2040_Advanced_low,2040,Advanced,low,0,E0144,backbone,DEh2,DKh2,,LOHC_to_H2,0.0,37668.0,0.0
S2040_Advanced_low,S2040_Advanced_low,2040,Advanced,low,0,E0146,backbone,DEh2,FRh2,,NH3_cracked_to_H2,11892.68020736468,70408.5,16.890972265230307
S2040_Advanced_low,S2040_Advanced_low,2040,Advanced,low,0,E0146,backbone,DEh2,FRh2,,LOHC_to_H2,0.0,70408.5,0.0
S2040_Advanced_low,S2040_Advanced_low,2040,Advanced,low,0,E0148,backbone,DEh2ba,DEh2,,NH3_cracked_to_H2,-0.0,15695.0,-0.0
S2040_Advanced_low,S2040_Advanced_low,2040,Advanced,low,0,E0148,backbone,DEh2ba,DEh2,,LOHC_to_H2,-0.0,15695.0,-0.0
S2040_Advanced_low,S2040_Advanced_low,2040,Advanced,low,0,E0150,backbone,DEh2bp,DEh2,,NH3_cracked_to_H2,4686.6,4745.0,98.76923076923079
S2040_Advanced_low,S2040_Advanced_low,2040,Advanced,low,0,E0150,backbone,DEh2bp,DEh2,,LOHC_to_H2,58.4,4745.0,1.2307692307692308
S2040_Advanced_low,S2040_Advanced_low,2040,Advanced,low,0,E0152,backbone,DEh2bp,DEh2ba,,NH3_cracked_to_H2,-0.0,15695.0,-0.0
S2040_Advanced_low,S2040_Advanced_low,2040,Advanced,low,0,E0152,backbone,DEh2bp,DEh2ba,,LOHC_to_H2,0.0,15695.0,0.0
S2040_Advanced_low,S2040_Advanced_low,2040,Advanced,low,0,E0154,terminal_backbone,LH2_Tk_DE,DEh2,LH2_Tk_DE|DEh2,LOHC_to_H2,0.0,19965.5,0.0
S2040_Advanced_low,S2040_Advanced_low,2040,Advanced,low,0,E0154,terminal_backbone,LH2_Tk_DE,DEh2,LH2_Tk_DE|DEh2,NH3_cracked_to_H2,19965.5,19965.5,100.0
S2040_Advanced_low,S2040_Advanced_low,2040,Advanced,low,0,E0156,terminal_backbone,LH2_Tk_DEbp,DEh2bp,LH2_Tk_DEbp|DEh2bp,LOHC_to_H2,58.4,4745.0,1.2307692307692308
S2040_Advanced_low,S2040_Advanced_low,2040,Advanced,low,0,E0156,terminal_backbone,LH2_Tk_DEbp,DEh2bp,LH2_Tk_DEbp|DEh2bp,NH3_cracked_to_H2,4686.6,4745.0,98.76923076923079
S2040_Advanced_low,S2040_Advanced_low,2040,Advanced,low,0,E0158,backbone,DEh2,NLh2,,NH3_cracked_to_H2,0.0,108879.5,0.0
S2040_Advanced_low,S2040_Advanced_low,2040,Advanced,low,0,E0158,backbone,DEh2,NLh2,,LOHC_to_H2,0.0,108879.5,0.0
S2040_Advanced_low,S2040_Advanced_low,2040,Advanced,low,0,E0162,backbone,DEh2,PLh2N,,NH3_cracked_to_H2,7008.0,7008.0,100.0
S2040_Advanced_low,S2040_Advanced_low,2040,Advanced,low,0,E0162,backbone,DEh2,PLh2N,,LOHC_to_H2,0.0,7008.0,0.0
S2040_Advanced_low,S2040_Advanced_low,2040,Advanced,low,0,E0164,backbone,DEh2,PLh2nbc,,NH3_cracked_to_H2,18635.20762067406,36500.0,51.05536334431249
S2040_Advanced_low,S2040_Advanced_low,2040,Advanced,low,0,E0164,backbone,DEh2,PLh2nbc,,LOHC_to_H2,0.0,36500.0,0.0
S2040_Advanced_low,S2040_Advanced_low,2040,Advanced,low,0,E0168,backbone,GRh2,BGh2,,NH3_cracked_to_H2,0.0,29200.0,0.0
S2040_Advanced_low,S2040_Advanced_low,2040,Advanced,low,0,E0168,backbone,GRh2,BGh2,,LOHC_to_H2,0.0,29200.0,0.0
S2040_Advanced_low,S2040_Advanced_low,2040,Advanced,low,0,E0180,backbone,HUh2,ROh2,,NH3_cracked_to_H2,-0.0,28032.0,-0.0
S2040_Advanced_low,S2040_Advanced_low,2040,Advanced,low,0,E0180,backbone,HUh2,ROh2,,LOHC_to_H2,-0.0,28032.0,-0.0
S2040_Advanced_low,S2040_Advanced_low,2040,Advanced,low,0,E0184,backbone,HUh2,IB-SKh2C,,NH3_cracked_to_H2,0.0,36500.0,0.0
S2040_Advanced_low,S2040_Advanced_low,2040,Advanced,low,0,E0184,backbone,HUh2,IB-SKh2C,,LOHC_to_H2,0.0,36500.0,0.0
S2040_Advanced_low,S2040_Advanced_low,2040,Advanced,low,0,E0194,backbone,IB-ITh2,ATh2,,NH3_cracked_to_H2,0.0,61320.0,0.0
S2040_Advanced_low,S2040_Advanced_low,2040,Advanced,low,0,E0194,backbone,IB-ITh2,ATh2,,LOHC_to_H2,0.0,61320.0,0.0
S2040_Advanced_low,S2040_Advanced_low,2040,Advanced,low,0,E0198,backbone,ITh2,IB-ITh2,,NH3_cracked_to_H2,0.0,73000.0,0.0
S2040_Advanced_low,S2040_Advanced_low,2040,Advanced,low,0,E0198,backbone,ITh2,IB-ITh2,,LOHC_to_H2,0.0,73000.0,0.0
S2040_Advanced_low,S2040_Advanced_low,2040,Advanced,low,0,E0208,backbone,LVh2,EEh2,,NH3_cracked_to_H2,0.0,36500.0,0.0
S2040_Advanced_low,S2040_Advanced_low,2040,Advanced,low,0,E0208,backbone,LVh2,EEh2,,LOHC_to_H2,0.0,36500.0,0.0
S2040_Advanced_low,S2040_Advanced_low,2040,Advanced,low,0,E0210,backbone,LVh2,LTh2,,NH3_cracked_to_H2,-0.0,73000.0,-0.0
S2040_Advanced_low,S2040_Advanced_low,2040,Advanced,low,0,E0210,backbone,LVh2,LTh2,,LOHC_to_H2,-0.0,73000.0,-0.0
S2040_Advanced_low,S2040_Advanced_low,2040,Advanced,low,0,E0212,backbone,LTh2,LVh2,,NH3_cracked_to_H2,0.0,36500.0,0.0
S2040_Advanced_low,S2040_Advanced_low,2040,Advanced,low,0,E0212,backbone,LTh2,LVh2,,LOHC_to_H2,0.0,36500.0,0.0
S2040_Advanced_low,S2040_Advanced_low,2040,Advanced,low,0,E0214,backbone,LTh2,PLh2nbc,,NH3_cracked_to_H2,-0.0,73000.0,-0.0
S2040_Advanced_low,S2040_Advanced_low,2040,Advanced,low,0,E0214,backbone,LTh2,PLh2nbc,,LOHC_to_H2,-0.0,73000.0,-0.0
S2040_Advanced_low,S2040_Advanced_low,2040,Advanced,low,0,E0222,backbone,MAh2,ESh2,,NH3_cracked_to_H2,0.0,38690.0,0.0
S2040_Advanced_low,S2040_Advanced_low,2040,Advanced,low,0,E0222,backbone,MAh2,ESh2,,LOHC_to_H2,0.0,38690.0,0.0
S2040_Advanced_low,S2040_Advanced_low,2040,Advanced,low,0,E0224,backbone,NLh2,BEh2,,NH3_cracked_to_H2,0.0,43800.0,0.0
S2040_Advanced_low,S2040_Advanced_low,2040,Advanced,low,0,E0224,backbone,NLh2,BEh2,,LOHC_to_H2,-0.0,43800.0,-0.0
S2040_Advanced_low,S2040_Advanced_low,2040,Advanced,low,0,E0226,backbone,NLh2,DEh2,,NH3_cracked_to_H2,37551.15948076804,102492.0,36.638137104133044
S2040_Advanced_low,S2040_Advanced_low,2040,Advanced,low,0,E0226,backbone,NLh2,DEh2,,LOHC_to_H2,0.0,102492.0,0.0
S2040_Advanced_low,S2040_Advanced_low,2040,Advanced,low,0,E0228,terminal_backbone,LH2_Tk_NL,NLh2,LH2_Tk_NL|NLh2,NH3_cracked_to_H2,76262.76658474082,81249.0,93.86302180302629
S2040_Advanced_low,S2040_Advanced_low,2040,Advanced,low,0,E0234,backbone,Y-NOh2,DEh2,,NH3_cracked_to_H2,0.0,157680.0,0.0
S2040_Advanced_low,S2040_Advanced_low,2040,Advanced,low,0,E0234,backbone,Y-NOh2,DEh2,,LOHC_to_H2,0.0,157680.0,0.0
S2040_Advanced_low,S2040_Advanced_low,2040,Advanced,low,0,E0236,backbone,NOh2,Y-NOh2,,NH3_cracked_to_H2,0.0,157680.0,0.0
S2040_Advanced_low,S2040_Advanced_low,2040,Advanced,low,0,E0236,backbone,NOh2,Y-NOh2,,LOHC_to_H2,0.0,157680.0,0.0
S2040_Advanced_low,S2040_Advanced_low,2040,Advanced,low,0,E0244,backbone,PLh2N,DEh2,,NH3_cracked_to_H2,0.0,7008.0,0.0
S2040_Advanced_low,S2040_Advanced_low,2040,Advanced,low,0,E0244,backbone,PLh2N,DEh2,,LOHC_to_H2,0.0,7008.0,0.0
S2040_Advanced_low,S2040_Advanced_low,2040,Advanced,low,0,E0246,backbone,PLh2nbc,DEh2,,NH3_cracked_to_H2,0.0,73000.0,0.0
S2040_Advanced_low,S2040_Advanced_low,2040,Advanced,low,0,E0246,backbone,PLh2nbc,DEh2,,LOHC_to_H2,0.0,73000.0,0.0
S2040_Advanced_low,S2040_Advanced_low,2040,Advanced,low,0,E0248,backbone,PLh2nbc,LTh2,,NH3_cracked_to_H2,0.0,36500.0,0.0
S2040_Advanced_low,S2040_Advanced_low,2040,Advanced,low,0,E0248,backbone,PLh2nbc,LTh2,,LOHC_to_H2,0.0,36500.0,0.0
S2040_Advanced_low,S2040_Advanced_low,2040,Advanced,low,0,E0250,terminal_backbone,LH2_Tk_PLN,PLh2N,LH2_Tk_PLN|PLh2N,NH3_cracked_to_H2,6460.5,6460.5,100.0
S2040_Advanced_low,S2040_Advanced_low,2040,Advanced,low,0,E0252,backbone,PLh2N,PLh2S,,NH3_cracked_to_H2,1370.2979447074995,36500.0,3.754240944404108
S2040_Advanced_low,S2040_Advanced_low,2040,Advanced,low,0,E0252,backbone,PLh2N,PLh2S,,LOHC_to_H2,-0.0,36500.0,-0.0
S2040_Advanced_low,S2040_Advanced_low,2040,Advanced,low,0,E0254,backbone,PLh2nbc,PLh2N,,NH3_cracked_to_H2,0.0,54750.0,0.0
S2040_Advanced_low,S2040_Advanced_low,2040,Advanced,low,0,E0254,backbone,PLh2nbc,PLh2N,,LOHC_to_H2,0.0,54750.0,0.0
S2040_Advanced_low,S2040_Advanced_low,2040,Advanced,low,0,E0260,backbone,PLh2S,PLh2nbc,,NH3_cracked_to_H2,0.0,18250.0,0.0
S2040_Advanced_low,S2040_Advanced_low,2040,Advanced,low,0,E0260,backbone,PLh2S,PLh2nbc,,LOHC_to_H2,0.0,18250.0,0.0
S2040_Advanced_low,S2040_Advanced_low,2040,Advanced,low,0,E0268,backbone,PTh2,ESh2,,NH3_cracked_to_H2,-0.0,29565.0,-0.0
S2040_Advanced_low,S2040_Advanced_low,2040,Advanced,low,0,E0268,backbone,PTh2,ESh2,,LOHC_to_H2,-0.0,29565.0,-0.0
S2040_Advanced_low,S2040_Advanced_low,2040,Advanced,low,0,E0272,backbone,ROh2,HUh2,,NH3_cracked_to_H2,0.0,36500.0,0.0
S2040_Advanced_low,S2040_Advanced_low,2040,Advanced,low,0,E0272,backbone,ROh2,HUh2,,LOHC_to_H2,0.0,36500.0,0.0
S2040_Advanced_low,S2040_Advanced_low,2040,Advanced,low,0,E0286,backbone,IB-SKh2W,ATh2,,NH3_cracked_to_H2,0.0,52560.0,0.0
S2040_Advanced_low,S2040_Advanced_low,2040,Advanced,low,0,E0286,backbone,IB-SKh2W,ATh2,,LOHC_to_H2,0.0,52560.0,0.0
S2040_Advanced_low,S2040_Advanced_low,2040,Advanced,low,0,E0288,backbone,IB-SKh2W,CZh2,,NH3_cracked_to_H2,0.0,52560.0,0.0
S2040_Advanced_low,S2040_Advanced_low,2040,Advanced,low,0,E0288,backbone,IB-SKh2W,CZh2,,LOHC_to_H2,0.0,52560.0,0.0
S2040_Advanced_low,S2040_Advanced_low,2040,Advanced,low,0,E0290,backbone,IB-SKh2C,HUh2,,NH3_cracked_to_H2,-0.0,36500.0,-0.0
S2040_Advanced_low,S2040_Advanced_low,2040,Advanced,low,0,E0290,backbone,IB-SKh2C,HUh2,,LOHC_to_H2,-0.0,36500.0,-0.0
S2040_Advanced_low,S2040_Advanced_low,2040,Advanced,low,0,E0294,backbone,IB-SKh2C,SKh2E,,NH3_cracked_to_H2,-0.0,105120.0,-0.0
S2040_Advanced_low,S2040_Advanced_low,2040,Advanced,low,0,E0294,backbone,IB-SKh2C,SKh2E,,LOHC_to_H2,-0.0,105120.0,-0.0
S2040_Advanced_low,S2040_Advanced_low,2040,Advanced,low,0,E0296,backbone,IB-SKh2C,SKh2W,,NH3_cracked_to_H2,0.0,105120.0,0.0
S2040_Advanced_low,S2040_Advanced_low,2040,Advanced,low,0,E0296,backbone,IB-SKh2C,SKh2W,,LOHC_to_H2,0.0,105120.0,0.0
S2040_Advanced_low,S2040_Advanced_low,2040,Advanced,low,0,E0298,backbone,IB-SKh2E,SKh2E,,NH3_cracked_to_H2,-0.0,105120.0,-0.0
S2040_Advanced_low,S2040_Advanced_low,2040,Advanced,low,0,E0298,backbone,IB-SKh2E,SKh2E,,LOHC_to_H2,-0.0,105120.0,-0.0
S2040_Advanced_low,S2040_Advanced_low,2040,Advanced,low,0,E0300,backbone,IB-SKh2W,SKh2W,,NH3_cracked_to_H2,0.0,105120.0,0.0
S2040_Advanced_low,S2040_Advanced_low,2040,Advanced,low,0,E0300,backbone,IB-SKh2W,SKh2W,,LOHC_to_H2,0.0,105120.0,0.0
S2040_Advanced_low,S2040_Advanced_low,2040,Advanced,low,0,E0302,backbone,SKh2E,IB-SKh2C,,NH3_cracked_to_H2,0.0,105120.0,0.0
S2040_Advanced_low,S2040_Advanced_low,2040,Advanced,low,0,E0302,backbone,SKh2E,IB-SKh2C,,LOHC_to_H2,0.0,105120.0,0.0
S2040_Advanced_low,S2040_Advanced_low,2040,Advanced,low,0,E0304,backbone,SKh2E,IB-SKh2E,,NH3_cracked_to_H2,0.0,105120.0,0.0
S2040_Advanced_low,S2040_Advanced_low,2040,Advanced,low,0,E0304,backbone,SKh2E,IB-SKh2E,,LOHC_to_H2,0.0,105120.0,0.0
S2040_Advanced_low,S2040_Advanced_low,2040,Advanced,low,0,E0306,backbone,SKh2W,IB-SKh2C,,NH3_cracked_to_H2,-0.0,105120.0,-0.0
S2040_Advanced_low,S2040_Advanced_low,2040,Advanced,low,0,E0306,backbone,SKh2W,IB-SKh2C,,LOHC_to_H2,-0.0,105120.0,-0.0
S2040_Advanced_low,S2040_Advanced_low,2040,Advanced,low,0,E0308,backbone,SKh2W,IB-SKh2W,,NH3_cracked_to_H2,-0.0,105120.0,-0.0
S2040_Advanced_low,S2040_Advanced_low,2040,Advanced,low,0,E0308,backbone,SKh2W,IB-SKh2W,,LOHC_to_H2,-0.0,105120.0,-0.0
S2040_Advanced_low,S2040_Advanced_low,2040,Advanced,low,0,E0320,backbone,ESh2,FRh2S,,NH3_cracked_to_H2,0.0,78840.0,0.0
S2040_Advanced_low,S2040_Advanced_low,2040,Advanced,low,0,E0320,backbone,ESh2,FRh2S,,LOHC_to_H2,0.0,78840.0,0.0
S2040_Advanced_low,S2040_Advanced_low,2040,Advanced,low,0,E0326,backbone,ESh2,PTh2,,NH3_cracked_to_H2,0.0,29565.0,0.0
S2040_Advanced_low,S2040_Advanced_low,2040,Advanced,low,0,E0326,backbone,ESh2,PTh2,,LOHC_to_H2,0.0,29565.0,0.0
S2040_Advanced_low,S2040_Advanced_low,2040,Advanced,low,0,E0328,backbone,SEh2,FIh2Al,,NH3_cracked_to_H2,0.0,183960.0,0.0
S2040_Advanced_low,S2040_Advanced_low,2040,Advanced,low,0,E0328,backbone,SEh2,FIh2Al,,LOHC_to_H2,-0.0,183960.0,-0.0
S2040_Advanced_low,S2040_Advanced_low,2040,Advanced,low,0,E0330,backbone,SEh2,FIh2N,,NH3_cracked_to_H2,0.0,59130.0,0.0
S2040_Advanced_low,S2040_Advanced_low,2040,Advanced,low,0,E0330,backbone,SEh2,FIh2N,,LOHC_to_H2,0.0,59130.0,0.0
S2040_Advanced_low,S2040_Advanced_low,2040,Advanced,low,0,E0346,backbone,UAh2,IB-SKh2E,,NH3_cracked_to_H2,0.0,52560.0,0.0
S2040_Advanced_low,S2040_Advanced_low,2040,Advanced,low,0,E0346,backbone,UAh2,IB-SKh2E,,LOHC_to_H2,0.0,52560.0,0.0
S2040_Advanced_medium,S2040_Advanced_medium,2040,Advanced,medium,0,E0004,backbone,DZh2,ITh2,,NH3_cracked_to_H2,0.0,163520.0,0.0
S2040_Advanced_medium,S2040_Advanced_medium,2040,Advanced,medium,0,E0004,backbone,DZh2,ITh2,,LOHC_to_H2,0.0,163520.0,0.0
S2040_Advanced_medium,S2040_Advanced_medium,2040,Advanced,medium,0,E0006,backbone,ATh2,DEh2,,NH3_cracked_to_H2,0.0,54750.0,0.0
S2040_Advanced_medium,S2040_Advanced_medium,2040,Advanced,medium,0,E0006,backbone,ATh2,DEh2,,LOHC_to_H2,0.0,54750.0,0.0
S2040_Advanced_medium,S2040_Advanced_medium,2040,Advanced,medium,0,E0010,backbone,ATh2,IB-ITh2,,NH3_cracked_to_H2,33460.5461366627,45990.0,72.75613423931877
S2040_Advanced_medium,S2040_Advanced_medium,2040,Advanced,medium,0,E0010,backbone,ATh2,IB-ITh2,,LOHC_to_H2,-0.0,45990.0,-0.0
S2040_Advanced_medium,S2040_Advanced_medium,2040,Advanced,medium,0,E0012,backbone,ATh2,IB-SKh2W,,NH3_cracked_to_H2,-0.0,52560.0,-0.0
S2040_Advanced_medium,S2040_Advanced_medium,2040,Advanced,medium,0,E0012,backbone,ATh2,IB-SKh2W,,LOHC_to_H2,-0.0,52560.0,-0.0
S2040_Advanced_medium,S2040_Advanced_medium,2040,Advanced,medium,0,E0020,terminal_backbone,LH2_Tk_BE,BEh2,LH2_Tk_BE|BEh2,NH3_cracked_to_H2,63499.95991161636,70664.0,89.86182484945144
S2040_Advanced_medium,S2040_Advanced_medium,2040,Advanced,medium,0,E0022,backbone,BEh2,FRh2,,NH3_cracked_to_H2,13140.0,13140.0,100.0
S2040_Advanced_medium,S2040_Advanced_medium,2040,Advanced,medium,0,E0022,backbone,BEh2,FRh2,,LOHC_to_H2,0.0,13140.0,0.0
S2040_Advanced_medium,S2040_Advanced_medium,2040,Advanced,medium,0,E0024,backbone,BEh2,FRh2N,,NH3_cracked_to_H2,12751.580928605574,17520.0,72.78299616784004
S2040_Advanced_medium,S2040_Advanced_medium,2040,Advanced,medium,0,E0024,backbone,BEh2,FRh2N,,LOHC_to_H2,-0.0,17520.0,-0.0
S2040_Advanced_medium,S2040_Advanced_medium,2040,Advanced,medium,0,E0026,backbone,BEH2Mo,FRh2Va,,NH3_cracked_to_H2,-0.0,8760.0,-0.0
S2040_Advanced_medium,S2040_Advanced_medium,2040,Advanced,medium,0,E0026,backbone,BEH2Mo,FRh2Va,,LOHC_to_H2,-0.0,8760.0,-0.0
S2040_Advanced_medium,S2040_Advanced_medium,2040,Advanced,medium,0,E0028,backbone,BEh2,DEh2,,NH3_cracked_to_H2,33288.0,33288.0,100.0
S2040_Advanced_medium,S2040_Advanced_medium,2040,Advanced,medium,0,E0028,backbone,BEh2,DEh2,,LOHC_to_H2,0.0,33288.0,0.0
S2040_Advanced_medium,S2040_Advanced_medium,2040,Advanced,medium,0,E0032,backbone,BEh2,NLh2,,NH3_cracked_to_H2,4320.378983010785,43800.0,9.863878956645628
S2040_Advanced_medium,S2040_Advanced_medium,2040,Advanced,medium,0,E0032,backbone,BEh2,NLh2,,LOHC_to_H2,0.0,43800.0,0.0
S2040_Advanced_medium,S2040_Advanced_medium,2040,Advanced,medium,0,E0036,backbone,BAh2,HRh2,,NH3_cracked_to_H2,-0.0,41975.0,-0.0
S2040_Advanced_medium,S2040_Advanced_medium,2040,Advanced,medium,0,E0036,backbone,BAh2,HRh2,,LOHC_to_H2,-0.0,41975.0,-0.0
S2040_Advanced_medium,S2040_Advanced_medium,2040,Advanced,medium,0,E0038,backbone,BGh2,GRh2,,NH3_cracked_to_H2,-0.0,29200.0,-0.0
S2040_Advanced_medium,S2040_Advanced_medium,2040,Advanced,medium,0,E0038,backbone,BGh2,GRh2,,LOHC_to_H2,-0.0,29200.0,-0.0
S2040_Advanced_medium,S2040_Advanced_medium,2040,Advanced,medium,0,E0046,backbone,HRh2,BAh2,,NH3_cracked_to_H2,0.0,41975.0,0.0
S2040_Advanced_medium,S2040_Advanced_medium,2040,Advanced,medium,0,E0046,backbone,HRh2,BAh2,,LOHC_to_H2,0.0,41975.0,0.0
S2040_Advanced_medium,S2040_Advanced_medium,2040,Advanced,medium,0,E0058,backbone,CZh2,DEh2,,NH3_cracked_to_H2,-0.0,105120.0,-0.0
S2040_Advanced_medium,S2040_Advanced_medium,2040,Advanced,medium,0,E0058,backbone,CZh2,DEh2,,LOHC_to_H2,-0.0,105120.0,-0.0
S2040_Advanced_medium,S2040_Advanced_medium,2040,Advanced,medium,0,E0064,backbone,DKh2,DEh2,,NH3_cracked_to_H2,-0.0,37668.0,-0.0
S2040_Advanced_medium,S2040_Advanced_medium,2040,Advanced,medium,0,E0064,backbone,DKh2,DEh2,,LOHC_to_H2,-0.0,37668.0,-0.0
S2040_Advanced_medium,S2040_Advanced_medium,2040,Advanced,medium,0,E0070,backbone,EEh2,FIh2S,,NH3_cracked_to_H2,0.0,36500.0,0.0
S2040_Advanced_medium,S2040_Advanced_medium,2040,Advanced,medium,0,E0070,backbone,EEh2,FIh2S,,LOHC_to_H2,0.0,36500.0,0.0
S2040_Advanced_medium,S2040_Advanced_medium,2040,Advanced,medium,0,E0072,backbone,EEh2,LVh2,,NH3_cracked_to_H2,-0.0,73000.0,-0.0
S2040_Advanced_medium,S2040_Advanced_medium,2040,Advanced,medium,0,E0072,backbone,EEh2,LVh2,,LOHC_to_H2,-0.0,73000.0,-0.0
S2040_Advanced_medium,S2040_Advanced_medium,2040,Advanced,medium,0,E0074,backbone,FIh2S,EEh2,,NH3_cracked_to_H2,0.0,73000.0,0.0
S2040_Advanced_medium,S2040_Advanced_medium,2040,Advanced,medium,0,E0074,backbone,FIh2S,EEh2,,LOHC_to_H2,0.0,73000.0,0.0
S2040_Advanced_medium,S2040_Advanced_medium,2040,Advanced,medium,0,E0076,backbone,FIh2,FIh2Al,,NH3_cracked_to_H2,-0.0,183960.0,-0.0
S2040_Advanced_medium,S2040_Advanced_medium,2040,Advanced,medium,0,E0076,backbone,FIh2,FIh2Al,,LOHC_to_H2,-0.0,183960.0,-0.0
S2040_Advanced_medium,S2040_Advanced_medium,2040,Advanced,medium,0,E0078,backbone,FIh2,FIh2N,,NH3_cracked_to_H2,0.0,3649635.0,0.0
S2040_Advanced_medium,S2040_Advanced_medium,2040,Advanced,medium,0,E0078,backbone,FIh2,FIh2N,,LOHC_to_H2,0.0,3649635.0,0.0
S2040_Advanced_medium,S2040_Advanced_medium,2040,Advanced,medium,0,E0080,backbone,FIh2,FIh2S,,NH3_cracked_to_H2,0.0,3649635.0,0.0
S2040_Advanced_medium,S2040_Advanced_medium,2040,Advanced,medium,0,E0080,backbone,FIh2,FIh2S,,LOHC_to_H2,0.0,3649635.0,0.0
S2040_Advanced_medium,S2040_Advanced_medium,2040,Advanced,medium,0,E0082,backbone,FIh2Al,FIh2,,NH3_cracked_to_H2,0.0,183960.0,0.0
S2040_Advanced_medium,S2040_Advanced_medium,2040,Advanced,medium,0,E0082,backbone,FIh2Al,FIh2,,LOHC_to_H2,0.0,183960.0,0.0
S2040_Advanced_medium,S2040_Advanced_medium,2040,Advanced,medium,0,E0084,backbone,FIh2N,FIh2,,NH3_cracked_to_H2,-0.0,3649635.0,-0.0
S2040_Advanced_medium,S2040_Advanced_medium,2040,Advanced,medium,0,E0084,backbone,FIh2N,FIh2,,LOHC_to_H2,-0.0,3649635.0,-0.0
S2040_Advanced_medium,S2040_Advanced_medium,2040,Advanced,medium,0,E0086,backbone,FIh2S,FIh2,,NH3_cracked_to_H2,-0.0,3649635.0,-0.0
S2040_Advanced_medium,S2040_Advanced_medium,2040,Advanced,medium,0,E0086,backbone,FIh2S,FIh2,,LOHC_to_H2,-0.0,3649635.0,-0.0
S2040_Advanced_medium,S2040_Advanced_medium,2040,Advanced,medium,0,E0088,backbone,FIh2Al,DEh2,,NH3_cracked_to_H2,-0.0,95630.0,-0.0
S2040_Advanced_medium,S2040_Advanced_medium,2040,Advanced,medium,0,E0088,backbone,FIh2Al,DEh2,,LOHC_to_H2,-0.0,95630.0,-0.0
S2040_Advanced_medium,S2040_Advanced_medium,2040,Advanced,medium,0,E0092,backbone,FIh2Al,SEh2,,NH3_cracked_to_H2,0.0,183960.0,0.0
S2040_Advanced_medium,S2040_Advanced_medium,2040,Advanced,medium,0,E0092,backbone,FIh2Al,SEh2,,LOHC_to_H2,0.0,183960.0,0.0
S2040_Advanced_medium,S2040_Advanced_medium,2040,Advanced,medium,0,E0094,backbone,FIh2N,SEh2,,NH3_cracked_to_H2,0.0,59130.0,0.0
S2040_Advanced_medium,S2040_Advanced_medium,2040,Advanced,medium,0,E0094,backbone,FIh2N,SEh2,,LOHC_to_H2,0.0,59130.0,0.0
S2040_Advanced_medium,S2040_Advanced_medium,2040,Advanced,medium,0,E0096,backbone,FRh2,BEh2,,NH3_cracked_to_H2,0.0,13140.0,0.0
S2040_Advanced_medium,S2040_Advanced_medium,2040,Advanced,medium,0,E0096,backbone,FRh2,BEh2,,LOHC_to_H2,0.0,13140.0,0.0
S2040_Advanced_medium,S2040_Advanced_medium,2040,Advanced,medium,0,E0098,backbone,FRh2N,BEh2,,NH3_cracked_to_H2,0.0,17520.0,0.0
S2040_Advanced_medium,S2040_Advanced_medium,2040,Advanced,medium,0,E0098,backbone,FRh2N,BEh2,,LOHC_to_H2,0.0,17520.0,0.0
S2040_Advanced_medium,S2040_Advanced_medium,2040,Advanced,medium,0,E0100,backbone,FRh2Va,BEH2Mo,,NH3_cracked_to_H2,0.0,8760.0,0.0
S2040_Advanced_medium,S2040_Advanced_medium,2040,Advanced,medium,0,E0100,backbone,FRh2Va,BEH2Mo,,LOHC_to_H2,0.0,8760.0,0.0
S2040_Advanced_medium,S2040_Advanced_medium,2040,Advanced,medium,0,E0104,backbone,FRh2,FRh2S,,NH3_cracked_to_H2,33817.475049197565,70080.0,48.25552946517918
S2040_Advanced_medium,S2040_Advanced_medium,2040,Advanced,medium,0,E0104,backbone,FRh2,FRh2S,,LOHC_to_H2,58.4,70080.0,0.08333333333333333
S2040_Advanced_medium,S2040_Advanced_medium,2040,Advanced,medium,0,E0108,backbone,FRh2,FRh2Va,,NH3_cracked_to_H2,-0.0,8760.0,-0.0
S2040_Advanced_medium,S2040_Advanced_medium,2040,Advanced,medium,0,E0108,backbone,FRh2,FRh2Va,,LOHC_to_H2,-0.0,8760.0,-0.0
S2040_Advanced_medium,S2040_Advanced_medium,2040,Advanced,medium,0,E0112,backbone,FRh2S,FRh2,,NH3_cracked_to_H2,0.0,70080.0,0.0
S2040_Advanced_medium,S2040_Advanced_medium,2040,Advanced,medium,0,E0112,backbone,FRh2S,FRh2,,LOHC_to_H2,0.0,70080.0,0.0
S2040_Advanced_medium,S2040_Advanced_medium,2040,Advanced,medium,0,E0120,backbone,FRh2Va,FRh2,,NH3_cracked_to_H2,0.0,8760.0,0.0
S2040_Advanced_medium,S2040_Advanced_medium,2040,Advanced,medium,0,E0120,backbone,FRh2Va,FRh2,,LOHC_to_H2,0.0,8760.0,0.0
S2040_Advanced_medium,S2040_Advanced_medium,2040,Advanced,medium,0,E0122,terminal_backbone,LH2_Tk_FRn,FRh2N,LH2_Tk_FRn|FRh2N,NH3_cracked_to_H2,17520.0,17520.0,100.0
S2040_Advanced_medium,S2040_Advanced_medium,2040,Advanced,medium,0,E0128,backbone,FRh2,DEh2,,NH3_cracked_to_H2,0.0,76467.5,0.0
S2040_Advanced_medium,S2040_Advanced_medium,2040,Advanced,medium,0,E0128,backbone,FRh2,DEh2,,LOHC_to_H2,0.0,76467.5,0.0
S2040_Advanced_medium,S2040_Advanced_medium,2040,Advanced,medium,0,E0132,backbone,FRh2S,ESh2,,NH3_cracked_to_H2,33817.475049197565,78840.0,42.89380396904816
S2040_Advanced_medium,S2040_Advanced_medium,2040,Advanced,medium,0,E0132,backbone,FRh2S,ESh2,,LOHC_to_H2,58.4,78840.0,0.07407407407407407
S2040_Advanced_medium,S2040_Advanced_medium,2040,Advanced,medium,0,E0138,backbone,DEh2,ATh2,,NH3_cracked_to_H2,33460.5461366627,54750.0,61.11515276102776
S2040_Advanced_medium,S2040_Advanced_medium,2040,Advanced,medium,0,E0138,backbone,DEh2,ATh2,,LOHC_to_H2,0.0,54750.0,0.0
S2040_Advanced_medium,S2040_Advanced_medium,2040,Advanced,medium,0,E0140,backbone,DEh2,BEh2,,NH3_cracked_to_H2,0.0,33288.0,0.0
S2040_Advanced_medium,S2040_Advanced_medium,2040,Advanced,medium,0,E0140,backbone,DEh2,BEh2,,LOHC_to_H2,0.0,33288.0,0.0
S2040_Advanced_medium,S2040_Advanced_medium,2040,Advanced,medium,0,E0142,backbone,DEh2,CZh2,,NH3_cracked_to_H2,0.0,105120.0,0.0
S2040_Advanced_medium,S2040_Advanced_medium,2040,Advanced,medium,0,E0142,backbone,DEh2,CZh2,,LOHC_to_H2,0.0,105120.0,0.0
S2040_Advanced_medium,S2040_Advanced_medium,2040,Advanced,medium,0,E0144,backbone,DEh2,DKh2,,NH3_cracked_to_H2,0.0,37668.0,0.0
S2040_Advanced_medium,S2040_Advanced_medium,2040,Advanced,medium,0,E0144,backbone,DEh2,DKh2,,LOHC_to_H2,0.0,37668.0,0.0
S2040_Advanced_medium,S2040_Advanced_medium,2040,Advanced,medium,0,E0146,backbone,DEh2,FRh2,,NH3_cracked_to_H2,20677.475049197565,70408.5,29.367867585870407
S2040_Advanced_medium,S2040_Advanced_medium,2040,Advanced,medium,0,E0146,backbone,DEh2,FRh2,,LOHC_to_H2,58.4,70408.5,0.08294453084499741
S2040_Advanced_medium,S2040_Advanced_medium,2040,Advanced,medium,0,E0148,backbone,DEh2ba,DEh2,,NH3_cracked_to_H2,-0.0,15695.0,-0.0
S2040_Advanced_medium,S2040_Advanced_medium,2040,Advanced,medium,0,E0148,backbone,DEh2ba,DEh2,,LOHC_to_H2,-0.0,15695.0,-0.0
S2040_Advanced_medium,S2040_Advanced_medium,2040,Advanced,medium,0,E0150,backbone,DEh2bp,DEh2,,NH3_cracked_to_H2,4745.0,4745.0,100.0
S2040_Advanced_medium,S2040_Advanced_medium,2040,Advanced,medium,0,E0150,backbone,DEh2bp,DEh2,,LOHC_to_H2,0.0,4745.0,0.0
S2040_Advanced_medium,S2040_Advanced_medium,2040,Advanced,medium,0,E0152,backbone,DEh2bp,DEh2ba,,NH3_cracked_to_H2,-0.0,15695.0,-0.0
S2040_Advanced_medium,S2040_Advanced_medium,2040,Advanced,medium,0,E0152,backbone,DEh2bp,DEh2ba,,LOHC_to_H2,0.0,15695.0,0.0
S2040_Advanced_medium,S2040_Advanced_medium,2040,Advanced,medium,0,E0154,terminal_backbone,LH2_Tk_DE,DEh2,LH2_Tk_DE|DEh2,LOHC_to_H2,58.4,19965.5,0.29250457038391225
S2040_Advanced_medium,S2040_Advanced_medium,2040,Advanced,medium,0,E0154,terminal_backbone,LH2_Tk_DE,DEh2,LH2_Tk_DE|DEh2,NH3_cracked_to_H2,19907.1,19965.5,99.70749542961607
S2040_Advanced_medium,S2040_Advanced_medium,2040,Advanced,medium,0,E0156,terminal_backbone,LH2_Tk_DEbp,DEh2bp,LH2_Tk_DEbp|DEh2bp,LOHC_to_H2,-0.0,4745.0,-0.0
S2040_Advanced_medium,S2040_Advanced_medium,2040,Advanced,medium,0,E0156,terminal_backbone,LH2_Tk_DEbp,DEh2bp,LH2_Tk_DEbp|DEh2bp,NH3_cracked_to_H2,4745.0,4745.0,100.0
S2040_Advanced_medium,S2040_Advanced_medium,2040,Advanced,medium,0,E0158,backbone,DEh2,NLh2,,NH3_cracked_to_H2,0.0,108879.5,0.0
S2040_Advanced_medium,S2040_Advanced_medium,2040,Advanced,medium,0,E0158,backbone,DEh2,NLh2,,LOHC_to_H2,0.0,108879.5,0.0
S2040_Advanced_medium,S2040_Advanced_medium,2040,Advanced,medium,0,E0162,backbone,DEh2,PLh2N,,NH3_cracked_to_H2,6256.275255689199,7008.0,89.27333412798515
S2040_Advanced_medium,S2040_Advanced_medium,2040,Advanced,medium,0,E0162,backbone,DEh2,PLh2N,,LOHC_to_H2,0.0,7008.0,0.0
S2040_Advanced_medium,S2040_Advanced_medium,2040,Advanced,medium,0,E0164,backbone,DEh2,PLh2nbc,,NH3_cracked_to_H2,30728.08078709158,36500.0,84.1865227043605
S2040_Advanced_medium,S2040_Advanced_medium,2040,Advanced,medium,0,E0164,backbone,DEh2,PLh2nbc,,LOHC_to_H2,0.0,36500.0,0.0
S2040_Advanced_medium,S2040_Advanced_medium,2040,Advanced,medium,0,E0168,backbone,GRh2,BGh2,,NH3_cracked_to_H2,0.0,29200.0,0.0
S2040_Advanced_medium,S2040_Advanced_medium,2040,Advanced,medium,0,E0168,backbone,GRh2,BGh2,,LOHC_to_H2,0.0,29200.0,0.0
S2040_Advanced_medium,S2040_Advanced_medium,2040,Advanced,medium,0,E0180,backbone,HUh2,ROh2,,NH3_cracked_to_H2,-0.0,28032.0,-0.0
S2040_Advanced_medium,S2040_Advanced_medium,2040,Advanced,medium,0,E0180,backbone,HUh2,ROh2,,LOHC_to_H2,-0.0,28032.0,-0.0
S2040_Advanced_medium,S2040_Advanced_medium,2040,Advanced,medium,0,E0184,backbone,HUh2,IB-SKh2C,,NH3_cracked_to_H2,0.0,36500.0,0.0
S2040_Advanced_medium,S2040_Advanced_medium,2040,Advanced,medium,0,E0184,backbone,HUh2,IB-SKh2C,,LOHC_to_H2,0.0,36500.0,0.0
S2040_Advanced_medium,S2040_Advanced_medium,2040,Advanced,medium,0,E0194,backbone,IB-ITh2,ATh2,,NH3_cracked_to_H2,0.0,61320.0,0.0
S2040_Advanced_medium,S2040_Advanced_medium,2040,Advanced,medium,0,E0194,backbone,IB-ITh2,ATh2,,LOHC_to_H2,0.0,61320.0,0.0
S2040_Advanced_medium,S2040_Advanced_medium,2040,Advanced,medium,0,E0198,backbone,ITh2,IB-ITh2,,NH3_cracked_to_H2,0.0,73000.0,0.0
S2040_Advanced_medium,S2040_Advanced_medium,2040,Advanced,medium,0,E0198,backbone,ITh2,IB-ITh2,,LOHC_to_H2,0.0,73000.0,0.0
S2040_Advanced_medium,S2040_Advanced_medium,2040,Advanced,medium,0,E0208,backbone,LVh2,EEh2,,NH3_cracked_to_H2,0.0,36500.0,0.0
S2040_Advanced_medium,S2040_Advanced_medium,2040,Advanced,medium,0,E0208,backbone,LVh2,EEh2,,LOHC_to_H2,0.0,36500.0,0.0
S2040_Advanced_medium,S2040_Advanced_medium,2040,Advanced,medium,0,E0210,backbone,LVh2,LTh2,,NH3_cracked_to_H2,-0.0,73000.0,-0.0
S2040_Advanced_medium,S2040_Advanced_medium,2040,Advanced,medium,0,E0210,backbone,LVh2,LTh2,,LOHC_to_H2,-0.0,73000.0,-0.0
S2040_Advanced_medium,S2040_Advanced_medium,2040,Advanced,medium,0,E0212,backbone,LTh2,LVh2,,NH3_cracked_to_H2,0.0,36500.0,0.0
S2040_Advanced_medium,S2040_Advanced_medium,2040,Advanced,medium,0,E0212,backbone,LTh2,LVh2,,LOHC_to_H2,0.0,36500.0,0.0
S2040_Advanced_medium,S2040_Advanced_medium,2040,Advanced,medium,0,E0214,backbone,LTh2,PLh2nbc,,NH3_cracked_to_H2,-0.0,73000.0,-0.0
S2040_Advanced_medium,S2040_Advanced_medium,2040,Advanced,medium,0,E0214,backbone,LTh2,PLh2nbc,,LOHC_to_H2,-0.0,73000.0,-0.0
S2040_Advanced_medium,S2040_Advanced_medium,2040,Advanced,medium,0,E0222,backbone,MAh2,ESh2,,NH3_cracked_to_H2,0.0,38690.0,0.0
S2040_Advanced_medium,S2040_Advanced_medium,2040,Advanced,medium,0,E0222,backbone,MAh2,ESh2,,LOHC_to_H2,0.0,38690.0,0.0
S2040_Advanced_medium,S2040_Advanced_medium,2040,Advanced,medium,0,E0224,backbone,NLh2,BEh2,,NH3_cracked_to_H2,0.0,43800.0,0.0
S2040_Advanced_medium,S2040_Advanced_medium,2040,Advanced,medium,0,E0224,backbone,NLh2,BEh2,,LOHC_to_H2,0.0,43800.0,0.0
S2040_Advanced_medium,S2040_Advanced_medium,2040,Advanced,medium,0,E0226,backbone,NLh2,DEh2,,NH3_cracked_to_H2,33182.27722864105,102492.0,32.37548026054819
S2040_Advanced_medium,S2040_Advanced_medium,2040,Advanced,medium,0,E0226,backbone,NLh2,DEh2,,LOHC_to_H2,-0.0,102492.0,-0.0
S2040_Advanced_medium,S2040_Advanced_medium,2040,Advanced,medium,0,E0228,terminal_backbone,LH2_Tk_NL,NLh2,LH2_Tk_NL|NLh2,NH3_cracked_to_H2,81249.0,81249.0,100.0
S2040_Advanced_medium,S2040_Advanced_medium,2040,Advanced,medium,0,E0234,backbone,Y-NOh2,DEh2,,NH3_cracked_to_H2,0.0,157680.0,0.0
S2040_Advanced_medium,S2040_Advanced_medium,2040,Advanced,medium,0,E0234,backbone,Y-NOh2,DEh2,,LOHC_to_H2,0.0,157680.0,0.0
S2040_Advanced_medium,S2040_Advanced_medium,2040,Advanced,medium,0,E0236,backbone,NOh2,Y-NOh2,,NH3_cracked_to_H2,0.0,157680.0,0.0
S2040_Advanced_medium,S2040_Advanced_medium,2040,Advanced,medium,0,E0236,backbone,NOh2,Y-NOh2,,LOHC_to_H2,0.0,157680.0,0.0
S2040_Advanced_medium,S2040_Advanced_medium,2040,Advanced,medium,0,E0244,backbone,PLh2N,DEh2,,NH3_cracked_to_H2,0.0,7008.0,0.0
S2040_Advanced_medium,S2040_Advanced_medium,2040,Advanced,medium,0,E0244,backbone,PLh2N,DEh2,,LOHC_to_H2,0.0,7008.0,0.0
S2040_Advanced_medium,S2040_Advanced_medium,2040,Advanced,medium,0,E0246,backbone,PLh2nbc,DEh2,,NH3_cracked_to_H2,0.0,73000.0,0.0
S2040_Advanced_medium,S2040_Advanced_medium,2040,Advanced,medium,0,E0246,backbone,PLh2nbc,DEh2,,LOHC_to_H2,0.0,73000.0,0.0
S2040_Advanced_medium,S2040_Advanced_medium,2040,Advanced,medium,0,E0248,backbone,PLh2nbc,LTh2,,NH3_cracked_to_H2,0.0,36500.0,0.0
S2040_Advanced_medium,S2040_Advanced_medium,2040,Advanced,medium,0,E0248,backbone,PLh2nbc,LTh2,,LOHC_to_H2,0.0,36500.0,0.0
S2040_Advanced_medium,S2040_Advanced_medium,2040,Advanced,medium,0,E0250,terminal_backbone,LH2_Tk_PLN,PLh2N,LH2_Tk_PLN|PLh2N,NH3_cracked_to_H2,6460.5,6460.5,100.0
S2040_Advanced_medium,S2040_Advanced_medium,2040,Advanced,medium,0,E0252,backbone,PLh2N,PLh2S,,NH3_cracked_to_H2,-0.0,36500.0,-0.0
S2040_Advanced_medium,S2040_Advanced_medium,2040,Advanced,medium,0,E0252,backbone,PLh2N,PLh2S,,LOHC_to_H2,-0.0,36500.0,-0.0
S2040_Advanced_medium,S2040_Advanced_medium,2040,Advanced,medium,0,E0254,backbone,PLh2nbc,PLh2N,,NH3_cracked_to_H2,0.0,54750.0,0.0
S2040_Advanced_medium,S2040_Advanced_medium,2040,Advanced,medium,0,E0254,backbone,PLh2nbc,PLh2N,,LOHC_to_H2,0.0,54750.0,0.0
S2040_Advanced_medium,S2040_Advanced_medium,2040,Advanced,medium,0,E0260,backbone,PLh2S,PLh2nbc,,NH3_cracked_to_H2,0.0,18250.0,0.0
S2040_Advanced_medium,S2040_Advanced_medium,2040,Advanced,medium,0,E0260,backbone,PLh2S,PLh2nbc,,LOHC_to_H2,0.0,18250.0,0.0
S2040_Advanced_medium,S2040_Advanced_medium,2040,Advanced,medium,0,E0268,backbone,PTh2,ESh2,,NH3_cracked_to_H2,-0.0,29565.0,-0.0
S2040_Advanced_medium,S2040_Advanced_medium,2040,Advanced,medium,0,E0268,backbone,PTh2,ESh2,,LOHC_to_H2,-0.0,29565.0,-0.0
S2040_Advanced_medium,S2040_Advanced_medium,2040,Advanced,medium,0,E0272,backbone,ROh2,HUh2,,NH3_cracked_to_H2,0.0,36500.0,0.0
S2040_Advanced_medium,S2040_Advanced_medium,2040,Advanced,medium,0,E0272,backbone,ROh2,HUh2,,LOHC_to_H2,0.0,36500.0,0.0
S2040_Advanced_medium,S2040_Advanced_medium,2040,Advanced,medium,0,E0286,backbone,IB-SKh2W,ATh2,,NH3_cracked_to_H2,0.0,52560.0,0.0
S2040_Advanced_medium,S2040_Advanced_medium,2040,Advanced,medium,0,E0286,backbone,IB-SKh2W,ATh2,,LOHC_to_H2,0.0,52560.0,0.0
S2040_Advanced_medium,S2040_Advanced_medium,2040,Advanced,medium,0,E0288,backbone,IB-SKh2W,CZh2,,NH3_cracked_to_H2,0.0,52560.0,0.0
S2040_Advanced_medium,S2040_Advanced_medium,2040,Advanced,medium,0,E0288,backbone,IB-SKh2W,CZh2,,LOHC_to_H2,0.0,52560.0,0.0
S2040_Advanced_medium,S2040_Advanced_medium,2040,Advanced,medium,0,E0290,backbone,IB-SKh2C,HUh2,,NH3_cracked_to_H2,-0.0,36500.0,-0.0
S2040_Advanced_medium,S2040_Advanced_medium,2040,Advanced,medium,0,E0290,backbone,IB-SKh2C,HUh2,,LOHC_to_H2,-0.0,36500.0,-0.0
S2040_Advanced_medium,S2040_Advanced_medium,2040,Advanced,medium,0,E0294,backbone,IB-SKh2C,SKh2E,,NH3_cracked_to_H2,-0.0,105120.0,-0.0
S2040_Advanced_medium,S2040_Advanced_medium,2040,Advanced,medium,0,E0294,backbone,IB-SKh2C,SKh2E,,LOHC_to_H2,-0.0,105120.0,-0.0
S2040_Advanced_medium,S2040_Advanced_medium,2040,Advanced,medium,0,E0296,backbone,IB-SKh2C,SKh2W,,NH3_cracked_to_H2,0.0,105120.0,0.0
S2040_Advanced_medium,S2040_Advanced_medium,2040,Advanced,medium,0,E0296,backbone,IB-SKh2C,SKh2W,,LOHC_to_H2,0.0,105120.0,0.0
S2040_Advanced_medium,S2040_Advanced_medium,2040,Advanced,medium,0,E0298,backbone,IB-SKh2E,SKh2E,,NH3_cracked_to_H2,-0.0,105120.0,-0.0
S2040_Advanced_medium,S2040_Advanced_medium,2040,Advanced,medium,0,E0298,backbone,IB-SKh2E,SKh2E,,LOHC_to_H2,-0.0,105120.0,-0.0
S2040_Advanced_medium,S2040_Advanced_medium,2040,Advanced,medium,0,E0300,backbone,IB-SKh2W,SKh2W,,NH3_cracked_to_H2,0.0,105120.0,0.0
S2040_Advanced_medium,S2040_Advanced_medium,2040,Advanced,medium,0,E0300,backbone,IB-SKh2W,SKh2W,,LOHC_to_H2,0.0,105120.0,0.0
S2040_Advanced_medium,S2040_Advanced_medium,2040,Advanced,medium,0,E0302,backbone,SKh2E,IB-SKh2C,,NH3_cracked_to_H2,0.0,105120.0,0.0
S2040_Advanced_medium,S2040_Advanced_medium,2040,Advanced,medium,0,E0302,backbone,SKh2E,IB-SKh2C,,LOHC_to_H2,0.0,105120.0,0.0
S2040_Advanced_medium,S2040_Advanced_medium,2040,Advanced,medium,0,E0304,backbone,SKh2E,IB-SKh2E,,NH3_cracked_to_H2,0.0,105120.0,0.0
S2040_Advanced_medium,S2040_Advanced_medium,2040,Advanced,medium,0,E0304,backbone,SKh2E,IB-SKh2E,,LOHC_to_H2,0.0,105120.0,0.0
S2040_Advanced_medium,S2040_Advanced_medium,2040,Advanced,medium,0,E0306,backbone,SKh2W,IB-SKh2C,,NH3_cracked_to_H2,-0.0,105120.0,-0.0
S2040_Advanced_medium,S2040_Advanced_medium,2040,Advanced,medium,0,E0306,backbone,SKh2W,IB-SKh2C,,LOHC_to_H2,-0.0,105120.0,-0.0
S2040_Advanced_medium,S2040_Advanced_medium,2040,Advanced,medium,0,E0308,backbone,SKh2W,IB-SKh2W,,NH3_cracked_to_H2,-0.0,105120.0,-0.0
S2040_Advanced_medium,S2040_Advanced_medium,2040,Advanced,medium,0,E0308,backbone,SKh2W,IB-SKh2W,,LOHC_to_H2,-0.0,105120.0,-0.0
S2040_Advanced_medium,S2040_Advanced_medium,2040,Advanced,medium,0,E0320,backbone,ESh2,FRh2S,,NH3_cracked_to_H2,0.0,78840.0,0.0
S2040_Advanced_medium,S2040_Advanced_medium,2040,Advanced,medium,0,E0320,backbone,ESh2,FRh2S,,LOHC_to_H2,0.0,78840.0,0.0
S2040_Advanced_medium,S2040_Advanced_medium,2040,Advanced,medium,0,E0326,backbone,ESh2,PTh2,,NH3_cracked_to_H2,0.0,29565.0,0.0
S2040_Advanced_medium,S2040_Advanced_medium,2040,Advanced,medium,0,E0326,backbone,ESh2,PTh2,,LOHC_to_H2,0.0,29565.0,0.0
S2040_Advanced_medium,S2040_Advanced_medium,2040,Advanced,medium,0,E0328,backbone,SEh2,FIh2Al,,NH3_cracked_to_H2,-0.0,183960.0,-0.0
S2040_Advanced_medium,S2040_Advanced_medium,2040,Advanced,medium,0,E0328,backbone,SEh2,FIh2Al,,LOHC_to_H2,-0.0,183960.0,-0.0
S2040_Advanced_medium,S2040_Advanced_medium,2040,Advanced,medium,0,E0330,backbone,SEh2,FIh2N,,NH3_cracked_to_H2,0.0,59130.0,0.0
S2040_Advanced_medium,S2040_Advanced_medium,2040,Advanced,medium,0,E0330,backbone,SEh2,FIh2N,,LOHC_to_H2,0.0,59130.0,0.0
S2040_Advanced_medium,S2040_Advanced_medium,2040,Advanced,medium,0,E0346,backbone,UAh2,IB-SKh2E,,NH3_cracked_to_H2,0.0,52560.0,0.0
S2040_Advanced_medium,S2040_Advanced_medium,2040,Advanced,medium,0,E0346,backbone,UAh2,IB-SKh2E,,LOHC_to_H2,0.0,52560.0,0.0
S2040_Advanced_high,S2040_Advanced_high,2040,Advanced,high,0,E0004,backbone,DZh2,ITh2,,NH3_cracked_to_H2,-0.0,163520.0,-0.0
S2040_Advanced_high,S2040_Advanced_high,2040,Advanced,high,0,E0004,backbone,DZh2,ITh2,,LOHC_to_H2,-0.0,163520.0,-0.0
S2040_Advanced_high,S2040_Advanced_high,2040,Advanced,high,0,E0006,backbone,ATh2,DEh2,,NH3_cracked_to_H2,0.0,54750.0,0.0
S2040_Advanced_high,S2040_Advanced_high,2040,Advanced,high,0,E0006,backbone,ATh2,DEh2,,LOHC_to_H2,0.0,54750.0,0.0
S2040_Advanced_high,S2040_Advanced_high,2040,Advanced,high,0,E0010,backbone,ATh2,IB-ITh2,,NH3_cracked_to_H2,36486.7744272495,45990.0,79.33632186833985
S2040_Advanced_high,S2040_Advanced_high,2040,Advanced,high,0,E0010,backbone,ATh2,IB-ITh2,,LOHC_to_H2,-0.0,45990.0,-0.0
S2040_Advanced_high,S2040_Advanced_high,2040,Advanced,high,0,E0012,backbone,ATh2,IB-SKh2W,,NH3_cracked_to_H2,-0.0,52560.0,-0.0
S2040_Advanced_high,S2040_Advanced_high,2040,Advanced,high,0,E0012,backbone,ATh2,IB-SKh2W,,LOHC_to_H2,-0.0,52560.0,-0.0
S2040_Advanced_high,S2040_Advanced_high,2040,Advanced,high,0,E0020,terminal_backbone,LH2_Tk_BE,BEh2,LH2_Tk_BE|BEh2,NH3_cracked_to_H2,70664.0,70664.0,100.0
S2040_Advanced_high,S2040_Advanced_high,2040,Advanced,high,0,E0022,backbone,BEh2,FRh2,,NH3_cracked_to_H2,13140.0,13140.0,100.0
S2040_Advanced_high,S2040_Advanced_high,2040,Advanced,high,0,E0022,backbone,BEh2,FRh2,,LOHC_to_H2,0.0,13140.0,0.0
S2040_Advanced_high,S2040_Advanced_high,2040,Advanced,high,0,E0024,backbone,BEh2,FRh2N,,NH3_cracked_to_H2,15489.393821221765,17520.0,88.40978208459912
S2040_Advanced_high,S2040_Advanced_high,2040,Advanced,high,0,E0024,backbone,BEh2,FRh2N,,LOHC_to_H2,-0.0,17520.0,-0.0
S2040_Advanced_high,S2040_Advanced_high,2040,Advanced,high,0,E0026,backbone,BEH2Mo,FRh2Va,,NH3_cracked_to_H2,-0.0,8760.0,-0.0
S2040_Advanced_high,S2040_Advanced_high,2040,Advanced,high,0,E0026,backbone,BEH2Mo,FRh2Va,,LOHC_to_H2,-0.0,8760.0,-0.0
S2040_Advanced_high,S2040_Advanced_high,2040,Advanced,high,0,E0028,backbone,BEh2,DEh2,,NH3_cracked_to_H2,33288.0,33288.0,100.0
S2040_Advanced_high,S2040_Advanced_high,2040,Advanced,high,0,E0028,backbone,BEh2,DEh2,,LOHC_to_H2,0.0,33288.0,0.0
S2040_Advanced_high,S2040_Advanced_high,2040,Advanced,high,0,E0032,backbone,BEh2,NLh2,,NH3_cracked_to_H2,8746.606178778235,43800.0,19.969420499493687
S2040_Advanced_high,S2040_Advanced_high,2040,Advanced,high,0,E0032,backbone,BEh2,NLh2,,LOHC_to_H2,0.0,43800.0,0.0
S2040_Advanced_high,S2040_Advanced_high,2040,Advanced,high,0,E0036,backbone,BAh2,HRh2,,NH3_cracked_to_H2,-0.0,41975.0,-0.0
S2040_Advanced_high,S2040_Advanced_high,2040,Advanced,high,0,E0036,backbone,BAh2,HRh2,,LOHC_to_H2,-0.0,41975.0,-0.0
S2040_Advanced_high,S2040_Advanced_high,2040,Advanced,high,0,E0038,backbone,BGh2,GRh2,,NH3_cracked_to_H2,-0.0,29200.0,-0.0
S2040_Advanced_high,S2040_Advanced_high,2040,Advanced,high,0,E0038,backbone,BGh2,GRh2,,LOHC_to_H2,-0.0,29200.0,-0.0
S2040_Advanced_high,S2040_Advanced_high,2040,Advanced,high,0,E0046,backbone,HRh2,BAh2,,NH3_cracked_to_H2,0.0,41975.0,0.0
S2040_Advanced_high,S2040_Advanced_high,2040,Advanced,high,0,E0046,backbone,HRh2,BAh2,,LOHC_to_H2,0.0,41975.0,0.0
S2040_Advanced_high,S2040_Advanced_high,2040,Advanced,high,0,E0058,backbone,CZh2,DEh2,,NH3_cracked_to_H2,-0.0,105120.0,-0.0
S2040_Advanced_high,S2040_Advanced_high,2040,Advanced,high,0,E0058,backbone,CZh2,DEh2,,LOHC_to_H2,-0.0,105120.0,-0.0
S2040_Advanced_high,S2040_Advanced_high,2040,Advanced,high,0,E0064,backbone,DKh2,DEh2,,NH3_cracked_to_H2,-0.0,37668.0,-0.0
S2040_Advanced_high,S2040_Advanced_high,2040,Advanced,high,0,E0064,backbone,DKh2,DEh2,,LOHC_to_H2,-0.0,37668.0,-0.0
S2040_Advanced_high,S2040_Advanced_high,2040,Advanced,high,0,E0070,backbone,EEh2,FIh2S,,NH3_cracked_to_H2,0.0,36500.0,0.0
S2040_Advanced_high,S2040_Advanced_high,2040,Advanced,high,0,E0070,backbone,EEh2,FIh2S,,LOHC_to_H2,0.0,36500.0,0.0
S2040_Advanced_high,S2040_Advanced_high,2040,Advanced,high,0,E0072,backbone,EEh2,LVh2,,NH3_cracked_to_H2,-0.0,73000.0,-0.0
S2040_Advanced_high,S2040_Advanced_high,2040,Advanced,high,0,E0072,backbone,EEh2,LVh2,,LOHC_to_H2,-0.0,73000.0,-0.0
S2040_Advanced_high,S2040_Advanced_high,2040,Advanced,high,0,E0074,backbone,FIh2S,EEh2,,NH3_cracked_to_H2,0.0,73000.0,0.0
S2040_Advanced_high,S2040_Advanced_high,2040,Advanced,high,0,E0074,backbone,FIh2S,EEh2,,LOHC_to_H2,0.0,73000.0,0.0
S2040_Advanced_high,S2040_Advanced_high,2040,Advanced,high,0,E0076,backbone,FIh2,FIh2Al,,NH3_cracked_to_H2,-0.0,183960.0,-0.0
S2040_Advanced_high,S2040_Advanced_high,2040,Advanced,high,0,E0076,backbone,FIh2,FIh2Al,,LOHC_to_H2,-0.0,183960.0,-0.0
S2040_Advanced_high,S2040_Advanced_high,2040,Advanced,high,0,E0078,backbone,FIh2,FIh2N,,NH3_cracked_to_H2,0.0,3649635.0,0.0
S2040_Advanced_high,S2040_Advanced_high,2040,Advanced,high,0,E0078,backbone,FIh2,FIh2N,,LOHC_to_H2,0.0,3649635.0,0.0
S2040_Advanced_high,S2040_Advanced_high,2040,Advanced,high,0,E0080,backbone,FIh2,FIh2S,,NH3_cracked_to_H2,0.0,3649635.0,0.0
S2040_Advanced_high,S2040_Advanced_high,2040,Advanced,high,0,E0080,backbone,FIh2,FIh2S,,LOHC_to_H2,0.0,3649635.0,0.0
S2040_Advanced_high,S2040_Advanced_high,2040,Advanced,high,0,E0082,backbone,FIh2Al,FIh2,,NH3_cracked_to_H2,0.0,183960.0,0.0
S2040_Advanced_high,S2040_Advanced_high,2040,Advanced,high,0,E0082,backbone,FIh2Al,FIh2,,LOHC_to_H2,0.0,183960.0,0.0
S2040_Advanced_high,S2040_Advanced_high,2040,Advanced,high,0,E0084,backbone,FIh2N,FIh2,,NH3_cracked_to_H2,0.0,3649635.0,0.0
S2040_Advanced_high,S2040_Advanced_high,2040,Advanced,high,0,E0084,backbone,FIh2N,FIh2,,LOHC_to_H2,0.0,3649635.0,0.0
S2040_Advanced_high,S2040_Advanced_high,2040,Advanced,high,0,E0086,backbone,FIh2S,FIh2,,NH3_cracked_to_H2,-0.0,3649635.0,-0.0
S2040_Advanced_high,S2040_Advanced_high,2040,Advanced,high,0,E0086,backbone,FIh2S,FIh2,,LOHC_to_H2,-0.0,3649635.0,-0.0
S2040_Advanced_high,S2040_Advanced_high,2040,Advanced,high,0,E0088,backbone,FIh2Al,DEh2,,NH3_cracked_to_H2,-0.0,95630.0,-0.0
S2040_Advanced_high,S2040_Advanced_high,2040,Advanced,high,0,E0088,backbone,FIh2Al,DEh2,,LOHC_to_H2,-0.0,95630.0,-0.0
S2040_Advanced_high,S2040_Advanced_high,2040,Advanced,high,0,E0092,backbone,FIh2Al,SEh2,,NH3_cracked_to_H2,0.0,183960.0,0.0
S2040_Advanced_high,S2040_Advanced_high,2040,Advanced,high,0,E0092,backbone,FIh2Al,SEh2,,LOHC_to_H2,0.0,183960.0,0.0
S2040_Advanced_high,S2040_Advanced_high,2040,Advanced,high,0,E0094,backbone,FIh2N,SEh2,,NH3_cracked_to_H2,-0.0,59130.0,-0.0
S2040_Advanced_high,S2040_Advanced_high,2040,Advanced,high,0,E0094,backbone,FIh2N,SEh2,,LOHC_to_H2,-0.0,59130.0,-0.0
S2040_Advanced_high,S2040_Advanced_high,2040,Advanced,high,0,E0096,backbone,FRh2,BEh2,,NH3_cracked_to_H2,0.0,13140.0,0.0
S2040_Advanced_high,S2040_Advanced_high,2040,Advanced,high,0,E0096,backbone,FRh2,BEh2,,LOHC_to_H2,0.0,13140.0,0.0
S2040_Advanced_high,S2040_Advanced_high,2040,Advanced,high,0,E0098,backbone,FRh2N,BEh2,,NH3_cracked_to_H2,0.0,17520.0,0.0
S2040_Advanced_high,S2040_Advanced_high,2040,Advanced,high,0,E0098,backbone,FRh2N,BEh2,,LOHC_to_H2,0.0,17520.0,0.0
S2040_Advanced_high,S2040_Advanced_high,2040,Advanced,high,0,E0100,backbone,FRh2Va,BEH2Mo,,NH3_cracked_to_H2,0.0,8760.0,0.0
S2040_Advanced_high,S2040_Advanced_high,2040,Advanced,high,0,E0100,backbone,FRh2Va,BEH2Mo,,LOHC_to_H2,0.0,8760.0,0.0
S2040_Advanced_high,S2040_Advanced_high,2040,Advanced,high,0,E0104,backbone,FRh2,FRh2S,,NH3_cracked_to_H2,26550.26987935882,70080.0,37.885659074427544
S2040_Advanced_high,S2040_Advanced_high,2040,Advanced,high,0,E0104,backbone,FRh2,FRh2S,,LOHC_to_H2,58.4,70080.0,0.08333333333333333
S2040_Advanced_high,S2040_Advanced_high,2040,Advanced,high,0,E0108,backbone,FRh2,FRh2Va,,NH3_cracked_to_H2,-0.0,8760.0,-0.0
S2040_Advanced_high,S2040_Advanced_high,2040,Advanced,high,0,E0108,backbone,FRh2,FRh2Va,,LOHC_to_H2,-0.0,8760.0,-0.0
S2040_Advanced_high,S2040_Advanced_high,2040,Advanced,high,0,E0112,backbone,FRh2S,FRh2,,NH3_cracked_to_H2,0.0,70080.0,0.0
S2040_Advanced_high,S2040_Advanced_high,2040,Advanced,high,0,E0112,backbone,FRh2S,FRh2,,LOHC_to_H2,0.0,70080.0,0.0
S2040_Advanced_high,S2040_Advanced_high,2040,Advanced,high,0,E0120,backbone,FRh2Va,FRh2,,NH3_cracked_to_H2,0.0,8760.0,0.0
S2040_Advanced_high,S2040_Advanced_high,2040,Advanced,high,0,E0120,backbone,FRh2Va,FRh2,,LOHC_to_H2,0.0,8760.0,0.0
S2040_Advanced_high,S2040_Advanced_high,2040,Advanced,high,0,E0122,terminal_backbone,LH2_Tk_FRn,FRh2N,LH2_Tk_FRn|FRh2N,NH3_cracked_to_H2,17520.0,17520.0,100.0
S2040_Advanced_high,S2040_Advanced_high,2040,Advanced,high,0,E0128,backbone,FRh2,DEh2,,NH3_cracked_to_H2,0.0,76467.5,0.0
S2040_Advanced_high,S2040_Advanced_high,2040,Advanced,high,0,E0128,backbone,FRh2,DEh2,,LOHC_to_H2,0.0,76467.5,0.0
S2040_Advanced_high,S2040_Advanced_high,2040,Advanced,high,0,E0132,backbone,FRh2S,ESh2,,NH3_cracked_to_H2,26550.26987935882,78840.0,33.67614139949115
S2040_Advanced_high,S2040_Advanced_high,2040,Advanced,high,0,E0132,backbone,FRh2S,ESh2,,LOHC_to_H2,58.4,78840.0,0.07407407407407407
S2040_Advanced_high,S2040_Advanced_high,2040,Advanced,high,0,E0138,backbone,DEh2,ATh2,,NH3_cracked_to_H2,36486.7744272495,54750.0,66.64251036940547
S2040_Advanced_high,S2040_Advanced_high,2040,Advanced,high,0,E0138,backbone,DEh2,ATh2,,LOHC_to_H2,0.0,54750.0,0.0
S2040_Advanced_high,S2040_Advanced_high,2040,Advanced,high,0,E0140,backbone,DEh2,BEh2,,NH3_cracked_to_H2,0.0,33288.0,0.0
S2040_Advanced_high,S2040_Advanced_high,2040,Advanced,high,0,E0140,backbone,DEh2,BEh2,,LOHC_to_H2,0.0,33288.0,0.0
S2040_Advanced_high,S2040_Advanced_high,2040,Advanced,high,0,E0142,backbone,DEh2,CZh2,,NH3_cracked_to_H2,0.0,105120.0,0.0
S2040_Advanced_high,S2040_Advanced_high,2040,Advanced,high,0,E0142,backbone,DEh2,CZh2,,LOHC_to_H2,0.0,105120.0,0.0
S2040_Advanced_high,S2040_Advanced_high,2040,Advanced,high,0,E0144,backbone,DEh2,DKh2,,NH3_cracked_to_H2,0.0,37668.0,0.0
S2040_Advanced_high,S2040_Advanced_high,2040,Advanced,high,0,E0144,backbone,DEh2,DKh2,,LOHC_to_H2,0.0,37668.0,0.0
S2040_Advanced_high,S2040_Advanced_high,2040,Advanced,high,0,E0146,backbone,DEh2,FRh2,,NH3_cracked_to_H2,13410.26987935882,70408.5,19.046379172058515
S2040_Advanced_high,S2040_Advanced_high,2040,Advanced,high,0,E0146,backbone,DEh2,FRh2,,LOHC_to_H2,58.4,70408.5,0.08294453084499741
S2040_Advanced_high,S2040_Advanced_high,2040,Advanced,high,0,E0148,backbone,DEh2ba,DEh2,,NH3_cracked_to_H2,-0.0,15695.0,-0.0
S2040_Advanced_high,S2040_Advanced_high,2040,Advanced,high,0,E0148,backbone,DEh2ba,DEh2,,LOHC_to_H2,-0.0,15695.0,-0.0
S2040_Advanced_high,S2040_Advanced_high,2040,Advanced,high,0,E0150,backbone,DEh2bp,DEh2,,NH3_cracked_to_H2,4745.0,4745.0,100.0
S2040_Advanced_high,S2040_Advanced_high,2040,Advanced,high,0,E0150,backbone,DEh2bp,DEh2,,LOHC_to_H2,0.0,4745.0,0.0
S2040_Advanced_high,S2040_Advanced_high,2040,Advanced,high,0,E0152,backbone,DEh2bp,DEh2ba,,NH3_cracked_to_H2,-0.0,15695.0,-0.0
S2040_Advanced_high,S2040_Advanced_high,2040,Advanced,high,0,E0152,backbone,DEh2bp,DEh2ba,,LOHC_to_H2,0.0,15695.0,0.0
S2040_Advanced_high,S2040_Advanced_high,2040,Advanced,high,0,E0154,terminal_backbone,LH2_Tk_DE,DEh2,LH2_Tk_DE|DEh2,LOHC_to_H2,58.4,19965.5,0.29250457038391225
S2040_Advanced_high,S2040_Advanced_high,2040,Advanced,high,0,E0154,terminal_backbone,LH2_Tk_DE,DEh2,LH2_Tk_DE|DEh2,NH3_cracked_to_H2,19907.1,19965.5,99.70749542961607
S2040_Advanced_high,S2040_Advanced_high,2040,Advanced,high,0,E0156,terminal_backbone,LH2_Tk_DEbp,DEh2bp,LH2_Tk_DEbp|DEh2bp,LOHC_to_H2,-0.0,4745.0,-0.0
S2040_Advanced_high,S2040_Advanced_high,2040,Advanced,high,0,E0156,terminal_backbone,LH2_Tk_DEbp,DEh2bp,LH2_Tk_DEbp|DEh2bp,NH3_cracked_to_H2,4745.0,4745.0,100.0
S2040_Advanced_high,S2040_Advanced_high,2040,Advanced,high,0,E0158,backbone,DEh2,NLh2,,NH3_cracked_to_H2,0.0,108879.5,0.0
S2040_Advanced_high,S2040_Advanced_high,2040,Advanced,high,0,E0158,backbone,DEh2,NLh2,,LOHC_to_H2,0.0,108879.5,0.0
S2040_Advanced_high,S2040_Advanced_high,2040,Advanced,high,0,E0162,backbone,DEh2,PLh2N,,NH3_cracked_to_H2,7008.0,7008.0,100.0
S2040_Advanced_high,S2040_Advanced_high,2040,Advanced,high,0,E0162,backbone,DEh2,PLh2N,,LOHC_to_H2,0.0,7008.0,0.0
S2040_Advanced_high,S2040_Advanced_high,2040,Advanced,high,0,E0164,backbone,DEh2,PLh2nbc,,NH3_cracked_to_H2,33905.58217974087,36500.0,92.8920059718928
S2040_Advanced_high,S2040_Advanced_high,2040,Advanced,high,0,E0164,backbone,DEh2,PLh2nbc,,LOHC_to_H2,0.0,36500.0,0.0
S2040_Advanced_high,S2040_Advanced_high,2040,Advanced,high,0,E0168,backbone,GRh2,BGh2,,NH3_cracked_to_H2,0.0,29200.0,0.0
S2040_Advanced_high,S2040_Advanced_high,2040,Advanced,high,0,E0168,backbone,GRh2,BGh2,,LOHC_to_H2,0.0,29200.0,0.0
S2040_Advanced_high,S2040_Advanced_high,2040,Advanced,high,0,E0180,backbone,HUh2,ROh2,,NH3_cracked_to_H2,-0.0,28032.0,-0.0
S2040_Advanced_high,S2040_Advanced_high,2040,Advanced,high,0,E0180,backbone,HUh2,ROh2,,LOHC_to_H2,-0.0,28032.0,-0.0
S2040_Advanced_high,S2040_Advanced_high,2040,Advanced,high,0,E0184,backbone,HUh2,IB-SKh2C,,NH3_cracked_to_H2,0.0,36500.0,0.0
S2040_Advanced_high,S2040_Advanced_high,2040,Advanced,high,0,E0184,backbone,HUh2,IB-SKh2C,,LOHC_to_H2,0.0,36500.0,0.0
S2040_Advanced_high,S2040_Advanced_high,2040,Advanced,high,0,E0194,backbone,IB-ITh2,ATh2,,NH3_cracked_to_H2,0.0,61320.0,0.0
S2040_Advanced_high,S2040_Advanced_high,2040,Advanced,high,0,E0194,backbone,IB-ITh2,ATh2,,LOHC_to_H2,0.0,61320.0,0.0
S2040_Advanced_high,S2040_Advanced_high,2040,Advanced,high,0,E0198,backbone,ITh2,IB-ITh2,,NH3_cracked_to_H2,-0.0,73000.0,-0.0
S2040_Advanced_high,S2040_Advanced_high,2040,Advanced,high,0,E0198,backbone,ITh2,IB-ITh2,,LOHC_to_H2,-0.0,73000.0,-0.0
S2040_Advanced_high,S2040_Advanced_high,2040,Advanced,high,0,E0208,backbone,LVh2,EEh2,,NH3_cracked_to_H2,0.0,36500.0,0.0
S2040_Advanced_high,S2040_Advanced_high,2040,Advanced,high,0,E0208,backbone,LVh2,EEh2,,LOHC_to_H2,0.0,36500.0,0.0
S2040_Advanced_high,S2040_Advanced_high,2040,Advanced,high,0,E0210,backbone,LVh2,LTh2,,NH3_cracked_to_H2,-0.0,73000.0,-0.0
S2040_Advanced_high,S2040_Advanced_high,2040,Advanced,high,0,E0210,backbone,LVh2,LTh2,,LOHC_to_H2,-0.0,73000.0,-0.0
S2040_Advanced_high,S2040_Advanced_high,2040,Advanced,high,0,E0212,backbone,LTh2,LVh2,,NH3_cracked_to_H2,0.0,36500.0,0.0
S2040_Advanced_high,S2040_Advanced_high,2040,Advanced,high,0,E0212,backbone,LTh2,LVh2,,LOHC_to_H2,0.0,36500.0,0.0
S2040_Advanced_high,S2040_Advanced_high,2040,Advanced,high,0,E0214,backbone,LTh2,PLh2nbc,,NH3_cracked_to_H2,-0.0,73000.0,-0.0
S2040_Advanced_high,S2040_Advanced_high,2040,Advanced,high,0,E0214,backbone,LTh2,PLh2nbc,,LOHC_to_H2,-0.0,73000.0,-0.0
S2040_Advanced_high,S2040_Advanced_high,2040,Advanced,high,0,E0222,backbone,MAh2,ESh2,,NH3_cracked_to_H2,-0.0,38690.0,-0.0
S2040_Advanced_high,S2040_Advanced_high,2040,Advanced,high,0,E0222,backbone,MAh2,ESh2,,LOHC_to_H2,-0.0,38690.0,-0.0
S2040_Advanced_high,S2040_Advanced_high,2040,Advanced,high,0,E0224,backbone,NLh2,BEh2,,NH3_cracked_to_H2,0.0,43800.0,0.0
S2040_Advanced_high,S2040_Advanced_high,2040,Advanced,high,0,E0224,backbone,NLh2,BEh2,,LOHC_to_H2,0.0,43800.0,0.0
S2040_Advanced_high,S2040_Advanced_high,2040,Advanced,high,0,E0226,backbone,NLh2,DEh2,,NH3_cracked_to_H2,32870.52648634919,102492.0,32.07130945473714
S2040_Advanced_high,S2040_Advanced_high,2040,Advanced,high,0,E0226,backbone,NLh2,DEh2,,LOHC_to_H2,-0.0,102492.0,-0.0
S2040_Advanced_high,S2040_Advanced_high,2040,Advanced,high,0,E0228,terminal_backbone,LH2_Tk_NL,NLh2,LH2_Tk_NL|NLh2,NH3_cracked_to_H2,81249.0,81249.0,100.0
S2040_Advanced_high,S2040_Advanced_high,2040,Advanced,high,0,E0234,backbone,Y-NOh2,DEh2,,NH3_cracked_to_H2,-0.0,157680.0,-0.0
S2040_Advanced_high,S2040_Advanced_high,2040,Advanced,high,0,E0234,backbone,Y-NOh2,DEh2,,LOHC_to_H2,-0.0,157680.0,-0.0
S2040_Advanced_high,S2040_Advanced_high,2040,Advanced,high,0,E0236,backbone,NOh2,Y-NOh2,,NH3_cracked_to_H2,-0.0,157680.0,-0.0
S2040_Advanced_high,S2040_Advanced_high,2040,Advanced,high,0,E0236,backbone,NOh2,Y-NOh2,,LOHC_to_H2,-0.0,157680.0,-0.0
S2040_Advanced_high,S2040_Advanced_high,2040,Advanced,high,0,E0244,backbone,PLh2N,DEh2,,NH3_cracked_to_H2,0.0,7008.0,0.0
S2040_Advanced_high,S2040_Advanced_high,2040,Advanced,high,0,E0244,backbone,PLh2N,DEh2,,LOHC_to_H2,0.0,7008.0,0.0
S2040_Advanced_high,S2040_Advanced_high,2040,Advanced,high,0,E0246,backbone,PLh2nbc,DEh2,,NH3_cracked_to_H2,0.0,73000.0,0.0
S2040_Advanced_high,S2040_Advanced_high,2040,Advanced,high,0,E0246,backbone,PLh2nbc,DEh2,,LOHC_to_H2,0.0,73000.0,0.0
S2040_Advanced_high,S2040_Advanced_high,2040,Advanced,high,0,E0248,backbone,PLh2nbc,LTh2,,NH3_cracked_to_H2,0.0,36500.0,0.0
S2040_Advanced_high,S2040_Advanced_high,2040,Advanced,high,0,E0248,backbone,PLh2nbc,LTh2,,LOHC_to_H2,0.0,36500.0,0.0
S2040_Advanced_high,S2040_Advanced_high,2040,Advanced,high,0,E0250,terminal_backbone,LH2_Tk_PLN,PLh2N,LH2_Tk_PLN|PLh2N,NH3_cracked_to_H2,6460.5,6460.5,100.0
S2040_Advanced_high,S2040_Advanced_high,2040,Advanced,high,0,E0252,backbone,PLh2N,PLh2S,,NH3_cracked_to_H2,-0.0,36500.0,-0.0
S2040_Advanced_high,S2040_Advanced_high,2040,Advanced,high,0,E0252,backbone,PLh2N,PLh2S,,LOHC_to_H2,-0.0,36500.0,-0.0
S2040_Advanced_high,S2040_Advanced_high,2040,Advanced,high,0,E0254,backbone,PLh2nbc,PLh2N,,NH3_cracked_to_H2,0.0,54750.0,0.0
S2040_Advanced_high,S2040_Advanced_high,2040,Advanced,high,0,E0254,backbone,PLh2nbc,PLh2N,,LOHC_to_H2,0.0,54750.0,0.0
S2040_Advanced_high,S2040_Advanced_high,2040,Advanced,high,0,E0260,backbone,PLh2S,PLh2nbc,,NH3_cracked_to_H2,0.0,18250.0,0.0
S2040_Advanced_high,S2040_Advanced_high,2040,Advanced,high,0,E0260,backbone,PLh2S,PLh2nbc,,LOHC_to_H2,0.0,18250.0,0.0
S2040_Advanced_high,S2040_Advanced_high,2040,Advanced,high,0,E0268,backbone,PTh2,ESh2,,NH3_cracked_to_H2,-0.0,29565.0,-0.0
S2040_Advanced_high,S2040_Advanced_high,2040,Advanced,high,0,E0268,backbone,PTh2,ESh2,,LOHC_to_H2,-0.0,29565.0,-0.0
S2040_Advanced_high,S2040_Advanced_high,2040,Advanced,high,0,E0272,backbone,ROh2,HUh2,,NH3_cracked_to_H2,0.0,36500.0,0.0
S2040_Advanced_high,S2040_Advanced_high,2040,Advanced,high,0,E0272,backbone,ROh2,HUh2,,LOHC_to_H2,0.0,36500.0,0.0
S2040_Advanced_high,S2040_Advanced_high,2040,Advanced,high,0,E0286,backbone,IB-SKh2W,ATh2,,NH3_cracked_to_H2,0.0,52560.0,0.0
S2040_Advanced_high,S2040_Advanced_high,2040,Advanced,high,0,E0286,backbone,IB-SKh2W,ATh2,,LOHC_to_H2,0.0,52560.0,0.0
S2040_Advanced_high,S2040_Advanced_high,2040,Advanced,high,0,E0288,backbone,IB-SKh2W,CZh2,,NH3_cracked_to_H2,0.0,52560.0,0.0
S2040_Advanced_high,S2040_Advanced_high,2040,Advanced,high,0,E0288,backbone,IB-SKh2W,CZh2,,LOHC_to_H2,0.0,52560.0,0.0
S2040_Advanced_high,S2040_Advanced_high,2040,Advanced,high,0,E0290,backbone,IB-SKh2C,HUh2,,NH3_cracked_to_H2,-0.0,36500.0,-0.0
S2040_Advanced_high,S2040_Advanced_high,2040,Advanced,high,0,E0290,backbone,IB-SKh2C,HUh2,,LOHC_to_H2,-0.0,36500.0,-0.0
S2040_Advanced_high,S2040_Advanced_high,2040,Advanced,high,0,E0294,backbone,IB-SKh2C,SKh2E,,NH3_cracked_to_H2,-0.0,105120.0,-0.0
S2040_Advanced_high,S2040_Advanced_high,2040,Advanced,high,0,E0294,backbone,IB-SKh2C,SKh2E,,LOHC_to_H2,-0.0,105120.0,-0.0
S2040_Advanced_high,S2040_Advanced_high,2040,Advanced,high,0,E0296,backbone,IB-SKh2C,SKh2W,,NH3_cracked_to_H2,0.0,105120.0,0.0
S2040_Advanced_high,S2040_Advanced_high,2040,Advanced,high,0,E0296,backbone,IB-SKh2C,SKh2W,,LOHC_to_H2,0.0,105120.0,0.0
S2040_Advanced_high,S2040_Advanced_high,2040,Advanced,high,0,E0298,backbone,IB-SKh2E,SKh2E,,NH3_cracked_to_H2,-0.0,105120.0,-0.0
S2040_Advanced_high,S2040_Advanced_high,2040,Advanced,high,0,E0298,backbone,IB-SKh2E,SKh2E,,LOHC_to_H2,-0.0,105120.0,-0.0
S2040_Advanced_high,S2040_Advanced_high,2040,Advanced,high,0,E0300,backbone,IB-SKh2W,SKh2W,,NH3_cracked_to_H2,0.0,105120.0,0.0
S2040_Advanced_high,S2040_Advanced_high,2040,Advanced,high,0,E0300,backbone,IB-SKh2W,SKh2W,,LOHC_to_H2,0.0,105120.0,0.0
S2040_Advanced_high,S2040_Advanced_high,2040,Advanced,high,0,E0302,backbone,SKh2E,IB-SKh2C,,NH3_cracked_to_H2,0.0,105120.0,0.0
S2040_Advanced_high,S2040_Advanced_high,2040,Advanced,high,0,E0302,backbone,SKh2E,IB-SKh2C,,LOHC_to_H2,0.0,105120.0,0.0
S2040_Advanced_high,S2040_Advanced_high,2040,Advanced,high,0,E0304,backbone,SKh2E,IB-SKh2E,,NH3_cracked_to_H2,0.0,105120.0,0.0
S2040_Advanced_high,S2040_Advanced_high,2040,Advanced,high,0,E0304,backbone,SKh2E,IB-SKh2E,,LOHC_to_H2,0.0,105120.0,0.0
S2040_Advanced_high,S2040_Advanced_high,2040,Advanced,high,0,E0306,backbone,SKh2W,IB-SKh2C,,NH3_cracked_to_H2,-0.0,105120.0,-0.0
S2040_Advanced_high,S2040_Advanced_high,2040,Advanced,high,0,E0306,backbone,SKh2W,IB-SKh2C,,LOHC_to_H2,-0.0,105120.0,-0.0
S2040_Advanced_high,S2040_Advanced_high,2040,Advanced,high,0,E0308,backbone,SKh2W,IB-SKh2W,,NH3_cracked_to_H2,-0.0,105120.0,-0.0
S2040_Advanced_high,S2040_Advanced_high,2040,Advanced,high,0,E0308,backbone,SKh2W,IB-SKh2W,,LOHC_to_H2,-0.0,105120.0,-0.0
S2040_Advanced_high,S2040_Advanced_high,2040,Advanced,high,0,E0320,backbone,ESh2,FRh2S,,NH3_cracked_to_H2,0.0,78840.0,0.0
S2040_Advanced_high,S2040_Advanced_high,2040,Advanced,high,0,E0320,backbone,ESh2,FRh2S,,LOHC_to_H2,0.0,78840.0,0.0
S2040_Advanced_high,S2040_Advanced_high,2040,Advanced,high,0,E0326,backbone,ESh2,PTh2,,NH3_cracked_to_H2,0.0,29565.0,0.0
S2040_Advanced_high,S2040_Advanced_high,2040,Advanced,high,0,E0326,backbone,ESh2,PTh2,,LOHC_to_H2,0.0,29565.0,0.0
S2040_Advanced_high,S2040_Advanced_high,2040,Advanced,high,0,E0328,backbone,SEh2,FIh2Al,,NH3_cracked_to_H2,-0.0,183960.0,-0.0
S2040_Advanced_high,S2040_Advanced_high,2040,Advanced,high,0,E0328,backbone,SEh2,FIh2Al,,LOHC_to_H2,-0.0,183960.0,-0.0
S2040_Advanced_high,S2040_Advanced_high,2040,Advanced,high,0,E0330,backbone,SEh2,FIh2N,,NH3_cracked_to_H2,0.0,59130.0,0.0
S2040_Advanced_high,S2040_Advanced_high,2040,Advanced,high,0,E0330,backbone,SEh2,FIh2N,,LOHC_to_H2,0.0,59130.0,0.0
S2040_Advanced_high,S2040_Advanced_high,2040,Advanced,high,0,E0346,backbone,UAh2,IB-SKh2E,,NH3_cracked_to_H2,-0.0,52560.0,-0.0
S2040_Advanced_high,S2040_Advanced_high,2040,Advanced,high,0,E0346,backbone,UAh2,IB-SKh2E,,LOHC_to_H2,-0.0,52560.0,-0.0
