asset_id,project_code,project_name,country,reported_carrier,reported_capacity_gwh_per_day,commissioning_year,maturity_status,source_id,source_locator,source_semantics,reason,action,exclusion_domain,source_row,from_node,to_node,from_country,to_country,year,capacity_pci_pmi_gwh_per_day,capacity_advanced_gwh_per_day,capacity_semantics,facility_id,city,owner_or_project
H2L_004,H2L-N-543,LH2.Rotterdam,Netherlands,Amonia,3.8,2028.0,Less-Advanced,TYNDP2024_ANNEX_A,"Annex A, H2L, code H2L-N-543","Promoter-submitted planning project record, not evidence of operating throughput.",carrier_field_conflicts_with_project_name,Excluded from all core capacity and carrier flows; retained only in exclusion ledger.,terminal_carrier_evidence,,,,,,,,,,,,
H2L_008,H2L-N-776,Port-La Nouvelle: Infrastructure Development for Low-Carbon Hydrogen Growth,France,Methanol,9.0,2029.0,Less-Advanced,TYNDP2024_ANNEX_A,"Annex A, H2L, code H2L-N-776","Promoter-submitted planning project record, not evidence of operating throughput.",methanol_not_in_preregistered_carrier_set,Excluded from all core capacity and carrier flows; retained only in exclusion ledger.,terminal_carrier_evidence,,,,,,,,,,,,
H2L_010,H2L-N-776,Port-La Nouvelle: Infrastructure Development for Low-Carbon Hydrogen Growth,France,Methanol,18.0,2039.0,Less-Advanced,TYNDP2024_ANNEX_A,"Annex A, H2L, code H2L-N-776","Promoter-submitted planning project record, not evidence of operating throughput.",methanol_not_in_preregistered_carrier_set,Excluded from all core capacity and carrier flows; retained only in exclusion ledger.,terminal_carrier_evidence,,,,,,,,,,,,
H2L_012,H2L-N-776,Port-La Nouvelle: Infrastructure Development for Low-Carbon Hydrogen Growth,France,Methanol,36.0,2049.0,Less-Advanced,TYNDP2024_ANNEX_A,"Annex A, H2L, code H2L-N-776","Promoter-submitted planning project record, not evidence of operating throughput.",methanol_not_in_preregistered_carrier_set,Excluded from all core capacity and carrier flows; retained only in exclusion ledger.,terminal_carrier_evidence,,,,,,,,,,,,
H2L_023,H2L-N-1186,WH2V - e-NG hub,Germany,Other LOHC,,2030.0,Less-Advanced,TYNDP2024_ANNEX_A,"Annex A, H2L, code H2L-N-1186","Promoter-submitted planning project record, not evidence of operating throughput.",missing_or_nonpositive_project_capacity,Excluded from all core capacity and carrier flows; retained only in exclusion ledger.,terminal_carrier_evidence,,,,,,,,,,,,
,,,,,,,,TYNDP2024_ANNEX_C2,"Annex C2, Detailed Nodes, Excel row 4",,outside_core_horizon,"Excluded from core graph; no endpoint, direction, or capacity is inferred.",c2_topology,4.0,ALh2,HRh2,Albania,Croatia,2050.0,0.0,0.0,"TYNDP infrastructure-level planning capacity, not observed operational availability.",,,
,,,,,,,,TYNDP2024_ANNEX_C2,"Annex C2, Detailed Nodes, Excel row 7",,outside_core_horizon,"Excluded from core graph; no endpoint, direction, or capacity is inferred.",c2_topology,7.0,DZh2,ITh2,Algeria,Italy,2050.0,448.0,448.0,"TYNDP infrastructure-level planning capacity, not observed operational availability.",,,
,,,,,,,,TYNDP2024_ANNEX_C2,"Annex C2, Detailed Nodes, Excel row 8",,endpoint_not_terminal_or_backbone,"Excluded from core graph; no endpoint, direction, or capacity is inferred.",c2_topology,8.0,ATh2,IB-STcATh2,Austria,Austria,2030.0,0.0,0.0,"TYNDP infrastructure-level planning capacity, not observed operational availability.",,,
,,,,,,,,TYNDP2024_ANNEX_C2,"Annex C2, Detailed Nodes, Excel row 9",,endpoint_not_terminal_or_backbone,"Excluded from core graph; no endpoint, direction, or capacity is inferred.",c2_topology,9.0,ATh2,IB-STcATh2,Austria,Austria,2040.0,0.0,0.0,"TYNDP infrastructure-level planning capacity, not observed operational availability.",,,
,,,,,,,,TYNDP2024_ANNEX_C2,"Annex C2, Detailed Nodes, Excel row 10",,outside_core_horizon,"Excluded from core graph; no endpoint, direction, or capacity is inferred.",c2_topology,10.0,ATh2,IB-STcATh2,Austria,Austria,2050.0,0.0,0.0,"TYNDP infrastructure-level planning capacity, not observed operational availability.",,,
,,,,,,,,TYNDP2024_ANNEX_C2,"Annex C2, Detailed Nodes, Excel row 11",,endpoint_not_terminal_or_backbone,"Excluded from core graph; no endpoint, direction, or capacity is inferred.",c2_topology,11.0,IB-STcATh2,ATh2,Austria,Austria,2030.0,0.0,0.0,"TYNDP infrastructure-level planning capacity, not observed operational availability.",,,
,,,,,,,,TYNDP2024_ANNEX_C2,"Annex C2, Detailed Nodes, Excel row 12",,endpoint_not_terminal_or_backbone,"Excluded from core graph; no endpoint, direction, or capacity is inferred.",c2_topology,12.0,IB-STcATh2,ATh2,Austria,Austria,2040.0,0.0,0.0,"TYNDP infrastructure-level planning capacity, not observed operational availability.",,,
,,,,,,,,TYNDP2024_ANNEX_C2,"Annex C2, Detailed Nodes, Excel row 13",,outside_core_horizon,"Excluded from core graph; no endpoint, direction, or capacity is inferred.",c2_topology,13.0,IB-STcATh2,ATh2,Austria,Austria,2050.0,0.0,0.0,"TYNDP infrastructure-level planning capacity, not observed operational availability.",,,
,,,,,,,,TYNDP2024_ANNEX_C2,"Annex C2, Detailed Nodes, Excel row 14",,endpoint_not_terminal_or_backbone,"Excluded from core graph; no endpoint, direction, or capacity is inferred.",c2_topology,14.0,NPcATh2TP,ATh2,Austria,Austria,2030.0,0.0,0.0,"TYNDP infrastructure-level planning capacity, not observed operational availability.",,,
,,,,,,,,TYNDP2024_ANNEX_C2,"Annex C2, Detailed Nodes, Excel row 15",,endpoint_not_terminal_or_backbone,"Excluded from core graph; no endpoint, direction, or capacity is inferred.",c2_topology,15.0,NPcATh2TP,ATh2,Austria,Austria,2040.0,0.0,0.0,"TYNDP infrastructure-level planning capacity, not observed operational availability.",,,
,,,,,,,,TYNDP2024_ANNEX_C2,"Annex C2, Detailed Nodes, Excel row 16",,outside_core_horizon,"Excluded from core graph; no endpoint, direction, or capacity is inferred.",c2_topology,16.0,NPcATh2TP,ATh2,Austria,Austria,2050.0,0.0,0.0,"TYNDP infrastructure-level planning capacity, not observed operational availability.",,,
,,,,,,,,TYNDP2024_ANNEX_C2,"Annex C2, Detailed Nodes, Excel row 19",,outside_core_horizon,"Excluded from core graph; no endpoint, direction, or capacity is inferred.",c2_topology,19.0,ATh2,DEh2,Austria,Germany,2050.0,150.0,150.0,"TYNDP infrastructure-level planning capacity, not observed operational availability.",,,
,,,,,,,,TYNDP2024_ANNEX_C2,"Annex C2, Detailed Nodes, Excel row 22",,outside_core_horizon,"Excluded from core graph; no endpoint, direction, or capacity is inferred.",c2_topology,22.0,ATh2,HUh2,Austria,Hungary,2050.0,0.0,0.0,"TYNDP infrastructure-level planning capacity, not observed operational availability.",,,
,,,,,,,,TYNDP2024_ANNEX_C2,"Annex C2, Detailed Nodes, Excel row 25",,outside_core_horizon,"Excluded from core graph; no endpoint, direction, or capacity is inferred.",c2_topology,25.0,ATh2,IB-ITh2,Austria,Italy,2050.0,126.0,126.0,"TYNDP infrastructure-level planning capacity, not observed operational availability.",,,
,,,,,,,,TYNDP2024_ANNEX_C2,"Annex C2, Detailed Nodes, Excel row 28",,outside_core_horizon,"Excluded from core graph; no endpoint, direction, or capacity is inferred.",c2_topology,28.0,ATh2,IB-SKh2W,Austria,Slovakia,2050.0,144.0,144.0,"TYNDP infrastructure-level planning capacity, not observed operational availability.",,,
,,,,,,,,TYNDP2024_ANNEX_C2,"Annex C2, Detailed Nodes, Excel row 31",,outside_core_horizon,"Excluded from core graph; no endpoint, direction, or capacity is inferred.",c2_topology,31.0,ATh2,SIh2,Austria,Slovenia,2050.0,0.0,0.0,"TYNDP infrastructure-level planning capacity, not observed operational availability.",,,
,,,,,,,,TYNDP2024_ANNEX_C2,"Annex C2, Detailed Nodes, Excel row 34",,outside_core_horizon,"Excluded from core graph; no endpoint, direction, or capacity is inferred.",c2_topology,34.0,BEh2,BEH2Mo,Belgium,Belgium,2050.0,0.0,0.0,"TYNDP infrastructure-level planning capacity, not observed operational availability.",,,
,,,,,,,,TYNDP2024_ANNEX_C2,"Annex C2, Detailed Nodes, Excel row 37",,outside_core_horizon,"Excluded from core graph; no endpoint, direction, or capacity is inferred.",c2_topology,37.0,BEH2Mo,BEh2,Belgium,Belgium,2050.0,0.0,0.0,"TYNDP infrastructure-level planning capacity, not observed operational availability.",,,
,,,,,,,,TYNDP2024_ANNEX_C2,"Annex C2, Detailed Nodes, Excel row 40",,outside_core_horizon,"Excluded from core graph; no endpoint, direction, or capacity is inferred.",c2_topology,40.0,LH2_Tk_BE,BEh2,Belgium,Belgium,2050.0,193.6,193.6,"TYNDP infrastructure-level planning capacity, not observed operational availability.",,,
,,,,,,,,TYNDP2024_ANNEX_C2,"Annex C2, Detailed Nodes, Excel row 41",,endpoint_not_terminal_or_backbone,"Excluded from core graph; no endpoint, direction, or capacity is inferred.",c2_topology,41.0,NPcBEh2TP,BEh2,Belgium,Belgium,2030.0,0.0,0.0,"TYNDP infrastructure-level planning capacity, not observed operational availability.",,,
,,,,,,,,TYNDP2024_ANNEX_C2,"Annex C2, Detailed Nodes, Excel row 42",,endpoint_not_terminal_or_backbone,"Excluded from core graph; no endpoint, direction, or capacity is inferred.",c2_topology,42.0,NPcBEh2TP,BEh2,Belgium,Belgium,2040.0,0.0,0.0,"TYNDP infrastructure-level planning capacity, not observed operational availability.",,,
,,,,,,,,TYNDP2024_ANNEX_C2,"Annex C2, Detailed Nodes, Excel row 43",,outside_core_horizon,"Excluded from core graph; no endpoint, direction, or capacity is inferred.",c2_topology,43.0,NPcBEh2TP,BEh2,Belgium,Belgium,2050.0,0.0,0.0,"TYNDP infrastructure-level planning capacity, not observed operational availability.",,,
,,,,,,,,TYNDP2024_ANNEX_C2,"Annex C2, Detailed Nodes, Excel row 46",,outside_core_horizon,"Excluded from core graph; no endpoint, direction, or capacity is inferred.",c2_topology,46.0,BEh2,FRh2,Belgium,France,2050.0,36.0,36.0,"TYNDP infrastructure-level planning capacity, not observed operational availability.",,,
,,,,,,,,TYNDP2024_ANNEX_C2,"Annex C2, Detailed Nodes, Excel row 49",,outside_core_horizon,"Excluded from core graph; no endpoint, direction, or capacity is inferred.",c2_topology,49.0,BEh2,FRh2N,Belgium,France,2050.0,48.0,48.0,"TYNDP infrastructure-level planning capacity, not observed operational availability.",,,
,,,,,,,,TYNDP2024_ANNEX_C2,"Annex C2, Detailed Nodes, Excel row 52",,outside_core_horizon,"Excluded from core graph; no endpoint, direction, or capacity is inferred.",c2_topology,52.0,BEH2Mo,FRh2Va,Belgium,France,2050.0,24.0,24.0,"TYNDP infrastructure-level planning capacity, not observed operational availability.",,,
,,,,,,,,TYNDP2024_ANNEX_C2,"Annex C2, Detailed Nodes, Excel row 55",,outside_core_horizon,"Excluded from core graph; no endpoint, direction, or capacity is inferred.",c2_topology,55.0,BEh2,DEh2,Belgium,Germany,2050.0,91.2,91.2,"TYNDP infrastructure-level planning capacity, not observed operational availability.",,,
,,,,,,,,TYNDP2024_ANNEX_C2,"Annex C2, Detailed Nodes, Excel row 58",,outside_core_horizon,"Excluded from core graph; no endpoint, direction, or capacity is inferred.",c2_topology,58.0,BEh2,LUh2,Belgium,Luxemburg,2050.0,0.0,0.0,"TYNDP infrastructure-level planning capacity, not observed operational availability.",,,
,,,,,,,,TYNDP2024_ANNEX_C2,"Annex C2, Detailed Nodes, Excel row 61",,outside_core_horizon,"Excluded from core graph; no endpoint, direction, or capacity is inferred.",c2_topology,61.0,BEh2,NLh2,Belgium,Netherlands,2050.0,120.0,120.0,"TYNDP infrastructure-level planning capacity, not observed operational availability.",,,
,,,,,,,,TYNDP2024_ANNEX_C2,"Annex C2, Detailed Nodes, Excel row 64",,outside_core_horizon,"Excluded from core graph; no endpoint, direction, or capacity is inferred.",c2_topology,64.0,BEh2,UKh2/INT,Belgium,United Kingdom,2050.0,0.0,0.0,"TYNDP infrastructure-level planning capacity, not observed operational availability.",,,
,,,,,,,,TYNDP2024_ANNEX_C2,"Annex C2, Detailed Nodes, Excel row 67",,outside_core_horizon,"Excluded from core graph; no endpoint, direction, or capacity is inferred.",c2_topology,67.0,BAh2,HRh2,Bosnia Herzegovina,Croatia,2050.0,0.0,115.0,"TYNDP infrastructure-level planning capacity, not observed operational availability.",,,
,,,,,,,,TYNDP2024_ANNEX_C2,"Annex C2, Detailed Nodes, Excel row 68",,endpoint_not_terminal_or_backbone,"Excluded from core graph; no endpoint, direction, or capacity is inferred.",c2_topology,68.0,NPcBGh2TP,BGh2,Bulgaria,Bulgaria,2030.0,0.0,0.0,"TYNDP infrastructure-level planning capacity, not observed operational availability.",,,
,,,,,,,,TYNDP2024_ANNEX_C2,"Annex C2, Detailed Nodes, Excel row 69",,endpoint_not_terminal_or_backbone,"Excluded from core graph; no endpoint, direction, or capacity is inferred.",c2_topology,69.0,NPcBGh2TP,BGh2,Bulgaria,Bulgaria,2040.0,0.0,0.0,"TYNDP infrastructure-level planning capacity, not observed operational availability.",,,
,,,,,,,,TYNDP2024_ANNEX_C2,"Annex C2, Detailed Nodes, Excel row 70",,outside_core_horizon,"Excluded from core graph; no endpoint, direction, or capacity is inferred.",c2_topology,70.0,NPcBGh2TP,BGh2,Bulgaria,Bulgaria,2050.0,0.0,0.0,"TYNDP infrastructure-level planning capacity, not observed operational availability.",,,
,,,,,,,,TYNDP2024_ANNEX_C2,"Annex C2, Detailed Nodes, Excel row 73",,outside_core_horizon,"Excluded from core graph; no endpoint, direction, or capacity is inferred.",c2_topology,73.0,BGh2,GRh2,Bulgaria,Greece,2050.0,80.0,80.0,"TYNDP infrastructure-level planning capacity, not observed operational availability.",,,
,,,,,,,,TYNDP2024_ANNEX_C2,"Annex C2, Detailed Nodes, Excel row 76",,outside_core_horizon,"Excluded from core graph; no endpoint, direction, or capacity is inferred.",c2_topology,76.0,BGh2,MKh2,Bulgaria,North Macedonia,2050.0,0.0,0.0,"TYNDP infrastructure-level planning capacity, not observed operational availability.",,,
,,,,,,,,TYNDP2024_ANNEX_C2,"Annex C2, Detailed Nodes, Excel row 79",,outside_core_horizon,"Excluded from core graph; no endpoint, direction, or capacity is inferred.",c2_topology,79.0,BGh2,ROh2,Bulgaria,Romania,2050.0,0.0,0.0,"TYNDP infrastructure-level planning capacity, not observed operational availability.",,,
,,,,,,,,TYNDP2024_ANNEX_C2,"Annex C2, Detailed Nodes, Excel row 82",,outside_core_horizon,"Excluded from core graph; no endpoint, direction, or capacity is inferred.",c2_topology,82.0,HRh2,ALh2,Croatia,Albania,2050.0,0.0,0.0,"TYNDP infrastructure-level planning capacity, not observed operational availability.",,,
,,,,,,,,TYNDP2024_ANNEX_C2,"Annex C2, Detailed Nodes, Excel row 85",,outside_core_horizon,"Excluded from core graph; no endpoint, direction, or capacity is inferred.",c2_topology,85.0,HRh2,BAh2,Croatia,Bosnia Herzegovina,2050.0,0.0,115.0,"TYNDP infrastructure-level planning capacity, not observed operational availability.",,,
,,,,,,,,TYNDP2024_ANNEX_C2,"Annex C2, Detailed Nodes, Excel row 86",,endpoint_not_terminal_or_backbone,"Excluded from core graph; no endpoint, direction, or capacity is inferred.",c2_topology,86.0,HRh2,IB-STcHRh2,Croatia,Croatia,2030.0,0.0,0.0,"TYNDP infrastructure-level planning capacity, not observed operational availability.",,,
,,,,,,,,TYNDP2024_ANNEX_C2,"Annex C2, Detailed Nodes, Excel row 87",,endpoint_not_terminal_or_backbone,"Excluded from core graph; no endpoint, direction, or capacity is inferred.",c2_topology,87.0,HRh2,IB-STcHRh2,Croatia,Croatia,2040.0,0.0,0.0,"TYNDP infrastructure-level planning capacity, not observed operational availability.",,,
,,,,,,,,TYNDP2024_ANNEX_C2,"Annex C2, Detailed Nodes, Excel row 88",,outside_core_horizon,"Excluded from core graph; no endpoint, direction, or capacity is inferred.",c2_topology,88.0,HRh2,IB-STcHRh2,Croatia,Croatia,2050.0,0.0,0.0,"TYNDP infrastructure-level planning capacity, not observed operational availability.",,,
,,,,,,,,TYNDP2024_ANNEX_C2,"Annex C2, Detailed Nodes, Excel row 89",,endpoint_not_terminal_or_backbone,"Excluded from core graph; no endpoint, direction, or capacity is inferred.",c2_topology,89.0,IB-STcHRh2,HRh2,Croatia,Croatia,2030.0,0.0,0.0,"TYNDP infrastructure-level planning capacity, not observed operational availability.",,,
,,,,,,,,TYNDP2024_ANNEX_C2,"Annex C2, Detailed Nodes, Excel row 90",,endpoint_not_terminal_or_backbone,"Excluded from core graph; no endpoint, direction, or capacity is inferred.",c2_topology,90.0,IB-STcHRh2,HRh2,Croatia,Croatia,2040.0,0.0,0.0,"TYNDP infrastructure-level planning capacity, not observed operational availability.",,,
,,,,,,,,TYNDP2024_ANNEX_C2,"Annex C2, Detailed Nodes, Excel row 91",,outside_core_horizon,"Excluded from core graph; no endpoint, direction, or capacity is inferred.",c2_topology,91.0,IB-STcHRh2,HRh2,Croatia,Croatia,2050.0,0.0,0.0,"TYNDP infrastructure-level planning capacity, not observed operational availability.",,,
,,,,,,,,TYNDP2024_ANNEX_C2,"Annex C2, Detailed Nodes, Excel row 94",,outside_core_horizon,"Excluded from core graph; no endpoint, direction, or capacity is inferred.",c2_topology,94.0,LH2_Tk_HR,HRh2,Croatia,Croatia,2050.0,0.0,0.0,"TYNDP infrastructure-level planning capacity, not observed operational availability.",,,
,,,,,,,,TYNDP2024_ANNEX_C2,"Annex C2, Detailed Nodes, Excel row 95",,endpoint_not_terminal_or_backbone,"Excluded from core graph; no endpoint, direction, or capacity is inferred.",c2_topology,95.0,NPcHRh2TP,HRh2,Croatia,Croatia,2030.0,0.0,0.0,"TYNDP infrastructure-level planning capacity, not observed operational availability.",,,
,,,,,,,,TYNDP2024_ANNEX_C2,"Annex C2, Detailed Nodes, Excel row 96",,endpoint_not_terminal_or_backbone,"Excluded from core graph; no endpoint, direction, or capacity is inferred.",c2_topology,96.0,NPcHRh2TP,HRh2,Croatia,Croatia,2040.0,0.0,0.0,"TYNDP infrastructure-level planning capacity, not observed operational availability.",,,
,,,,,,,,TYNDP2024_ANNEX_C2,"Annex C2, Detailed Nodes, Excel row 97",,outside_core_horizon,"Excluded from core graph; no endpoint, direction, or capacity is inferred.",c2_topology,97.0,NPcHRh2TP,HRh2,Croatia,Croatia,2050.0,0.0,0.0,"TYNDP infrastructure-level planning capacity, not observed operational availability.",,,
,,,,,,,,TYNDP2024_ANNEX_C2,"Annex C2, Detailed Nodes, Excel row 100",,outside_core_horizon,"Excluded from core graph; no endpoint, direction, or capacity is inferred.",c2_topology,100.0,HRh2,HUh2,Croatia,Hungary,2050.0,0.0,0.0,"TYNDP infrastructure-level planning capacity, not observed operational availability.",,,
,,,,,,,,TYNDP2024_ANNEX_C2,"Annex C2, Detailed Nodes, Excel row 103",,outside_core_horizon,"Excluded from core graph; no endpoint, direction, or capacity is inferred.",c2_topology,103.0,HRh2,RSh2,Croatia,Serbia,2050.0,0.0,0.0,"TYNDP infrastructure-level planning capacity, not observed operational availability.",,,
,,,,,,,,TYNDP2024_ANNEX_C2,"Annex C2, Detailed Nodes, Excel row 106",,outside_core_horizon,"Excluded from core graph; no endpoint, direction, or capacity is inferred.",c2_topology,106.0,HRh2,SIh2,Croatia,Slovenia,2050.0,0.0,0.0,"TYNDP infrastructure-level planning capacity, not observed operational availability.",,,
,,,,,,,,TYNDP2024_ANNEX_C2,"Annex C2, Detailed Nodes, Excel row 107",,endpoint_not_terminal_or_backbone,"Excluded from core graph; no endpoint, direction, or capacity is inferred.",c2_topology,107.0,NPcCYhe,NPcCYh2TP,Cyprus,Cyprus,2030.0,0.0,0.0,"TYNDP infrastructure-level planning capacity, not observed operational availability.",,,
,,,,,,,,TYNDP2024_ANNEX_C2,"Annex C2, Detailed Nodes, Excel row 108",,endpoint_not_terminal_or_backbone,"Excluded from core graph; no endpoint, direction, or capacity is inferred.",c2_topology,108.0,NPcCYhe,NPcCYh2TP,Cyprus,Cyprus,2040.0,0.0,0.0,"TYNDP infrastructure-level planning capacity, not observed operational availability.",,,
,,,,,,,,TYNDP2024_ANNEX_C2,"Annex C2, Detailed Nodes, Excel row 109",,outside_core_horizon,"Excluded from core graph; no endpoint, direction, or capacity is inferred.",c2_topology,109.0,NPcCYhe,NPcCYh2TP,Cyprus,Cyprus,2050.0,0.0,0.0,"TYNDP infrastructure-level planning capacity, not observed operational availability.",,,
,,,,,,,,TYNDP2024_ANNEX_C2,"Annex C2, Detailed Nodes, Excel row 112",,outside_core_horizon,"Excluded from core graph; no endpoint, direction, or capacity is inferred.",c2_topology,112.0,CYh2,GRh2,Cyprus,Greece,2050.0,0.0,0.0,"TYNDP infrastructure-level planning capacity, not observed operational availability.",,,
,,,,,,,,TYNDP2024_ANNEX_C2,"Annex C2, Detailed Nodes, Excel row 113",,endpoint_not_terminal_or_backbone,"Excluded from core graph; no endpoint, direction, or capacity is inferred.",c2_topology,113.0,CZh2,IB-STcCZh2,Czechia,Czechia,2030.0,0.0,0.0,"TYNDP infrastructure-level planning capacity, not observed operational availability.",,,
,,,,,,,,TYNDP2024_ANNEX_C2,"Annex C2, Detailed Nodes, Excel row 114",,endpoint_not_terminal_or_backbone,"Excluded from core graph; no endpoint, direction, or capacity is inferred.",c2_topology,114.0,CZh2,IB-STcCZh2,Czechia,Czechia,2040.0,0.0,0.0,"TYNDP infrastructure-level planning capacity, not observed operational availability.",,,
,,,,,,,,TYNDP2024_ANNEX_C2,"Annex C2, Detailed Nodes, Excel row 115",,outside_core_horizon,"Excluded from core graph; no endpoint, direction, or capacity is inferred.",c2_topology,115.0,CZh2,IB-STcCZh2,Czechia,Czechia,2050.0,0.0,0.0,"TYNDP infrastructure-level planning capacity, not observed operational availability.",,,
,,,,,,,,TYNDP2024_ANNEX_C2,"Annex C2, Detailed Nodes, Excel row 116",,endpoint_not_terminal_or_backbone,"Excluded from core graph; no endpoint, direction, or capacity is inferred.",c2_topology,116.0,IB-STcCZh2,CZh2,Czechia,Czechia,2030.0,0.0,0.0,"TYNDP infrastructure-level planning capacity, not observed operational availability.",,,
,,,,,,,,TYNDP2024_ANNEX_C2,"Annex C2, Detailed Nodes, Excel row 117",,endpoint_not_terminal_or_backbone,"Excluded from core graph; no endpoint, direction, or capacity is inferred.",c2_topology,117.0,IB-STcCZh2,CZh2,Czechia,Czechia,2040.0,0.0,0.0,"TYNDP infrastructure-level planning capacity, not observed operational availability.",,,
,,,,,,,,TYNDP2024_ANNEX_C2,"Annex C2, Detailed Nodes, Excel row 118",,outside_core_horizon,"Excluded from core graph; no endpoint, direction, or capacity is inferred.",c2_topology,118.0,IB-STcCZh2,CZh2,Czechia,Czechia,2050.0,0.0,0.0,"TYNDP infrastructure-level planning capacity, not observed operational availability.",,,
,,,,,,,,TYNDP2024_ANNEX_C2,"Annex C2, Detailed Nodes, Excel row 119",,endpoint_not_terminal_or_backbone,"Excluded from core graph; no endpoint, direction, or capacity is inferred.",c2_topology,119.0,NPcCZh2TP,CZh2,Czechia,Czechia,2030.0,0.0,0.0,"TYNDP infrastructure-level planning capacity, not observed operational availability.",,,
,,,,,,,,TYNDP2024_ANNEX_C2,"Annex C2, Detailed Nodes, Excel row 120",,endpoint_not_terminal_or_backbone,"Excluded from core graph; no endpoint, direction, or capacity is inferred.",c2_topology,120.0,NPcCZh2TP,CZh2,Czechia,Czechia,2040.0,0.0,0.0,"TYNDP infrastructure-level planning capacity, not observed operational availability.",,,
,,,,,,,,TYNDP2024_ANNEX_C2,"Annex C2, Detailed Nodes, Excel row 121",,outside_core_horizon,"Excluded from core graph; no endpoint, direction, or capacity is inferred.",c2_topology,121.0,NPcCZh2TP,CZh2,Czechia,Czechia,2050.0,0.0,0.0,"TYNDP infrastructure-level planning capacity, not observed operational availability.",,,
,,,,,,,,TYNDP2024_ANNEX_C2,"Annex C2, Detailed Nodes, Excel row 124",,outside_core_horizon,"Excluded from core graph; no endpoint, direction, or capacity is inferred.",c2_topology,124.0,CZh2,DEh2,Czechia,Germany,2050.0,288.0,288.0,"TYNDP infrastructure-level planning capacity, not observed operational availability.",,,
,,,,,,,,TYNDP2024_ANNEX_C2,"Annex C2, Detailed Nodes, Excel row 127",,outside_core_horizon,"Excluded from core graph; no endpoint, direction, or capacity is inferred.",c2_topology,127.0,CZh2,PLh2S,Czechia,Poland,2050.0,0.0,0.0,"TYNDP infrastructure-level planning capacity, not observed operational availability.",,,
,,,,,,,,TYNDP2024_ANNEX_C2,"Annex C2, Detailed Nodes, Excel row 130",,outside_core_horizon,"Excluded from core graph; no endpoint, direction, or capacity is inferred.",c2_topology,130.0,CZh2,IB-SKh2W,Czechia,Slovakia,2050.0,0.0,0.0,"TYNDP infrastructure-level planning capacity, not observed operational availability.",,,
,,,,,,,,TYNDP2024_ANNEX_C2,"Annex C2, Detailed Nodes, Excel row 131",,endpoint_not_terminal_or_backbone,"Excluded from core graph; no endpoint, direction, or capacity is inferred.",c2_topology,131.0,DKh2,IB-STcDKh2,Denmark,Denmark,2030.0,3.16,3.16,"TYNDP infrastructure-level planning capacity, not observed operational availability.",,,
,,,,,,,,TYNDP2024_ANNEX_C2,"Annex C2, Detailed Nodes, Excel row 132",,endpoint_not_terminal_or_backbone,"Excluded from core graph; no endpoint, direction, or capacity is inferred.",c2_topology,132.0,DKh2,IB-STcDKh2,Denmark,Denmark,2040.0,3.16,3.16,"TYNDP infrastructure-level planning capacity, not observed operational availability.",,,
,,,,,,,,TYNDP2024_ANNEX_C2,"Annex C2, Detailed Nodes, Excel row 133",,outside_core_horizon,"Excluded from core graph; no endpoint, direction, or capacity is inferred.",c2_topology,133.0,DKh2,IB-STcDKh2,Denmark,Denmark,2050.0,3.16,3.16,"TYNDP infrastructure-level planning capacity, not observed operational availability.",,,
,,,,,,,,TYNDP2024_ANNEX_C2,"Annex C2, Detailed Nodes, Excel row 134",,endpoint_not_terminal_or_backbone,"Excluded from core graph; no endpoint, direction, or capacity is inferred.",c2_topology,134.0,IB-STcDKh2,DKh2,Denmark,Denmark,2030.0,9.5,9.5,"TYNDP infrastructure-level planning capacity, not observed operational availability.",,,
,,,,,,,,TYNDP2024_ANNEX_C2,"Annex C2, Detailed Nodes, Excel row 135",,endpoint_not_terminal_or_backbone,"Excluded from core graph; no endpoint, direction, or capacity is inferred.",c2_topology,135.0,IB-STcDKh2,DKh2,Denmark,Denmark,2040.0,9.5,9.5,"TYNDP infrastructure-level planning capacity, not observed operational availability.",,,
,,,,,,,,TYNDP2024_ANNEX_C2,"Annex C2, Detailed Nodes, Excel row 136",,outside_core_horizon,"Excluded from core graph; no endpoint, direction, or capacity is inferred.",c2_topology,136.0,IB-STcDKh2,DKh2,Denmark,Denmark,2050.0,9.5,9.5,"TYNDP infrastructure-level planning capacity, not observed operational availability.",,,
,,,,,,,,TYNDP2024_ANNEX_C2,"Annex C2, Detailed Nodes, Excel row 137",,endpoint_not_terminal_or_backbone,"Excluded from core graph; no endpoint, direction, or capacity is inferred.",c2_topology,137.0,NPcDKh2TP,DKh2,Denmark,Denmark,2030.0,0.0,0.0,"TYNDP infrastructure-level planning capacity, not observed operational availability.",,,
,,,,,,,,TYNDP2024_ANNEX_C2,"Annex C2, Detailed Nodes, Excel row 138",,endpoint_not_terminal_or_backbone,"Excluded from core graph; no endpoint, direction, or capacity is inferred.",c2_topology,138.0,NPcDKh2TP,DKh2,Denmark,Denmark,2040.0,0.0,0.0,"TYNDP infrastructure-level planning capacity, not observed operational availability.",,,
,,,,,,,,TYNDP2024_ANNEX_C2,"Annex C2, Detailed Nodes, Excel row 139",,outside_core_horizon,"Excluded from core graph; no endpoint, direction, or capacity is inferred.",c2_topology,139.0,NPcDKh2TP,DKh2,Denmark,Denmark,2050.0,0.0,0.0,"TYNDP infrastructure-level planning capacity, not observed operational availability.",,,
,,,,,,,,TYNDP2024_ANNEX_C2,"Annex C2, Detailed Nodes, Excel row 140",,endpoint_not_terminal_or_backbone,"Excluded from core graph; no endpoint, direction, or capacity is inferred.",c2_topology,140.0,NPcDKhe,NPcDKh2TP,Denmark,Denmark,2030.0,0.0,0.0,"TYNDP infrastructure-level planning capacity, not observed operational availability.",,,
,,,,,,,,TYNDP2024_ANNEX_C2,"Annex C2, Detailed Nodes, Excel row 141",,endpoint_not_terminal_or_backbone,"Excluded from core graph; no endpoint, direction, or capacity is inferred.",c2_topology,141.0,NPcDKhe,NPcDKh2TP,Denmark,Denmark,2040.0,0.0,0.0,"TYNDP infrastructure-level planning capacity, not observed operational availability.",,,
,,,,,,,,TYNDP2024_ANNEX_C2,"Annex C2, Detailed Nodes, Excel row 142",,outside_core_horizon,"Excluded from core graph; no endpoint, direction, or capacity is inferred.",c2_topology,142.0,NPcDKhe,NPcDKh2TP,Denmark,Denmark,2050.0,0.0,0.0,"TYNDP infrastructure-level planning capacity, not observed operational availability.",,,
,,,,,,,,TYNDP2024_ANNEX_C2,"Annex C2, Detailed Nodes, Excel row 143",,endpoint_not_terminal_or_backbone,"Excluded from core graph; no endpoint, direction, or capacity is inferred.",c2_topology,143.0,NPcDKheBo,NPcDKh2BoTP,Denmark,Denmark,2030.0,0.0,0.0,"TYNDP infrastructure-level planning capacity, not observed operational availability.",,,
,,,,,,,,TYNDP2024_ANNEX_C2,"Annex C2, Detailed Nodes, Excel row 144",,endpoint_not_terminal_or_backbone,"Excluded from core graph; no endpoint, direction, or capacity is inferred.",c2_topology,144.0,NPcDKheBo,NPcDKh2BoTP,Denmark,Denmark,2040.0,0.0,0.0,"TYNDP infrastructure-level planning capacity, not observed operational availability.",,,
,,,,,,,,TYNDP2024_ANNEX_C2,"Annex C2, Detailed Nodes, Excel row 145",,outside_core_horizon,"Excluded from core graph; no endpoint, direction, or capacity is inferred.",c2_topology,145.0,NPcDKheBo,NPcDKh2BoTP,Denmark,Denmark,2050.0,0.0,0.0,"TYNDP infrastructure-level planning capacity, not observed operational availability.",,,
,,,,,,,,TYNDP2024_ANNEX_C2,"Annex C2, Detailed Nodes, Excel row 148",,outside_core_horizon,"Excluded from core graph; no endpoint, direction, or capacity is inferred.",c2_topology,148.0,DKh2,DEh2,Denmark,Germany,2050.0,103.2,103.2,"TYNDP infrastructure-level planning capacity, not observed operational availability.",,,
,,,,,,,,TYNDP2024_ANNEX_C2,"Annex C2, Detailed Nodes, Excel row 149",,endpoint_not_terminal_or_backbone,"Excluded from core graph; no endpoint, direction, or capacity is inferred.",c2_topology,149.0,NPcDKh2BoTP,DEh2,Denmark,Germany,2030.0,0.0,0.0,"TYNDP infrastructure-level planning capacity, not observed operational availability.",,,
,,,,,,,,TYNDP2024_ANNEX_C2,"Annex C2, Detailed Nodes, Excel row 150",,endpoint_not_terminal_or_backbone,"Excluded from core graph; no endpoint, direction, or capacity is inferred.",c2_topology,150.0,NPcDKh2BoTP,DEh2,Denmark,Germany,2040.0,0.0,0.0,"TYNDP infrastructure-level planning capacity, not observed operational availability.",,,
,,,,,,,,TYNDP2024_ANNEX_C2,"Annex C2, Detailed Nodes, Excel row 151",,outside_core_horizon,"Excluded from core graph; no endpoint, direction, or capacity is inferred.",c2_topology,151.0,NPcDKh2BoTP,DEh2,Denmark,Germany,2050.0,0.0,0.0,"TYNDP infrastructure-level planning capacity, not observed operational availability.",,,
,,,,,,,,TYNDP2024_ANNEX_C2,"Annex C2, Detailed Nodes, Excel row 154",,outside_core_horizon,"Excluded from core graph; no endpoint, direction, or capacity is inferred.",c2_topology,154.0,DKh2,NOh2,Denmark,Norway,2050.0,0.0,0.0,"TYNDP infrastructure-level planning capacity, not observed operational availability.",,,
,,,,,,,,TYNDP2024_ANNEX_C2,"Annex C2, Detailed Nodes, Excel row 157",,outside_core_horizon,"Excluded from core graph; no endpoint, direction, or capacity is inferred.",c2_topology,157.0,DKh2,PLh2N,Denmark,Poland,2050.0,0.0,0.0,"TYNDP infrastructure-level planning capacity, not observed operational availability.",,,
,,,,,,,,TYNDP2024_ANNEX_C2,"Annex C2, Detailed Nodes, Excel row 158",,endpoint_not_terminal_or_backbone,"Excluded from core graph; no endpoint, direction, or capacity is inferred.",c2_topology,158.0,NPcEEh2TP,EEh2,Estonia,Estonia,2030.0,0.0,0.0,"TYNDP infrastructure-level planning capacity, not observed operational availability.",,,
,,,,,,,,TYNDP2024_ANNEX_C2,"Annex C2, Detailed Nodes, Excel row 159",,endpoint_not_terminal_or_backbone,"Excluded from core graph; no endpoint, direction, or capacity is inferred.",c2_topology,159.0,NPcEEh2TP,EEh2,Estonia,Estonia,2040.0,0.0,0.0,"TYNDP infrastructure-level planning capacity, not observed operational availability.",,,
,,,,,,,,TYNDP2024_ANNEX_C2,"Annex C2, Detailed Nodes, Excel row 160",,outside_core_horizon,"Excluded from core graph; no endpoint, direction, or capacity is inferred.",c2_topology,160.0,NPcEEh2TP,EEh2,Estonia,Estonia,2050.0,0.0,0.0,"TYNDP infrastructure-level planning capacity, not observed operational availability.",,,
,,,,,,,,TYNDP2024_ANNEX_C2,"Annex C2, Detailed Nodes, Excel row 163",,outside_core_horizon,"Excluded from core graph; no endpoint, direction, or capacity is inferred.",c2_topology,163.0,EEh2,FIh2S,Estonia,Finland,2050.0,100.0,100.0,"TYNDP infrastructure-level planning capacity, not observed operational availability.",,,
,,,,,,,,TYNDP2024_ANNEX_C2,"Annex C2, Detailed Nodes, Excel row 166",,outside_core_horizon,"Excluded from core graph; no endpoint, direction, or capacity is inferred.",c2_topology,166.0,EEh2,LVh2,Estonia,Latvia,2050.0,200.0,200.0,"TYNDP infrastructure-level planning capacity, not observed operational availability.",,,
,,,,,,,,TYNDP2024_ANNEX_C2,"Annex C2, Detailed Nodes, Excel row 169",,outside_core_horizon,"Excluded from core graph; no endpoint, direction, or capacity is inferred.",c2_topology,169.0,FIh2S,EEh2,Finland,Estonia,2050.0,200.0,200.0,"TYNDP infrastructure-level planning capacity, not observed operational availability.",,,
,,,,,,,,TYNDP2024_ANNEX_C2,"Annex C2, Detailed Nodes, Excel row 172",,outside_core_horizon,"Excluded from core graph; no endpoint, direction, or capacity is inferred.",c2_topology,172.0,FIh2,FIh2Al,Finland,Finland,2050.0,504.0,504.0,"TYNDP infrastructure-level planning capacity, not observed operational availability.",,,
,,,,,,,,TYNDP2024_ANNEX_C2,"Annex C2, Detailed Nodes, Excel row 175",,outside_core_horizon,"Excluded from core graph; no endpoint, direction, or capacity is inferred.",c2_topology,175.0,FIh2,FIh2N,Finland,Finland,2050.0,9999.0,9999.0,"TYNDP infrastructure-level planning capacity, not observed operational availability.",,,
,,,,,,,,TYNDP2024_ANNEX_C2,"Annex C2, Detailed Nodes, Excel row 178",,outside_core_horizon,"Excluded from core graph; no endpoint, direction, or capacity is inferred.",c2_topology,178.0,FIh2,FIh2S,Finland,Finland,2050.0,9999.0,9999.0,"TYNDP infrastructure-level planning capacity, not observed operational availability.",,,
,,,,,,,,TYNDP2024_ANNEX_C2,"Annex C2, Detailed Nodes, Excel row 179",,endpoint_not_terminal_or_backbone,"Excluded from core graph; no endpoint, direction, or capacity is inferred.",c2_topology,179.0,FIh2,IB-STcFIh2,Finland,Finland,2030.0,0.0,0.0,"TYNDP infrastructure-level planning capacity, not observed operational availability.",,,
,,,,,,,,TYNDP2024_ANNEX_C2,"Annex C2, Detailed Nodes, Excel row 180",,endpoint_not_terminal_or_backbone,"Excluded from core graph; no endpoint, direction, or capacity is inferred.",c2_topology,180.0,FIh2,IB-STcFIh2,Finland,Finland,2040.0,0.0,0.0,"TYNDP infrastructure-level planning capacity, not observed operational availability.",,,
,,,,,,,,TYNDP2024_ANNEX_C2,"Annex C2, Detailed Nodes, Excel row 181",,outside_core_horizon,"Excluded from core graph; no endpoint, direction, or capacity is inferred.",c2_topology,181.0,FIh2,IB-STcFIh2,Finland,Finland,2050.0,0.0,0.0,"TYNDP infrastructure-level planning capacity, not observed operational availability.",,,
,,,,,,,,TYNDP2024_ANNEX_C2,"Annex C2, Detailed Nodes, Excel row 184",,outside_core_horizon,"Excluded from core graph; no endpoint, direction, or capacity is inferred.",c2_topology,184.0,FIh2Al,FIh2,Finland,Finland,2050.0,504.0,504.0,"TYNDP infrastructure-level planning capacity, not observed operational availability.",,,
,,,,,,,,TYNDP2024_ANNEX_C2,"Annex C2, Detailed Nodes, Excel row 187",,outside_core_horizon,"Excluded from core graph; no endpoint, direction, or capacity is inferred.",c2_topology,187.0,FIh2N,FIh2,Finland,Finland,2050.0,9999.0,9999.0,"TYNDP infrastructure-level planning capacity, not observed operational availability.",,,
,,,,,,,,TYNDP2024_ANNEX_C2,"Annex C2, Detailed Nodes, Excel row 188",,endpoint_not_terminal_or_backbone,"Excluded from core graph; no endpoint, direction, or capacity is inferred.",c2_topology,188.0,FIh2N,IB-STcFIh2N,Finland,Finland,2030.0,0.0,0.0,"TYNDP infrastructure-level planning capacity, not observed operational availability.",,,
,,,,,,,,TYNDP2024_ANNEX_C2,"Annex C2, Detailed Nodes, Excel row 189",,endpoint_not_terminal_or_backbone,"Excluded from core graph; no endpoint, direction, or capacity is inferred.",c2_topology,189.0,FIh2N,IB-STcFIh2N,Finland,Finland,2040.0,0.0,0.0,"TYNDP infrastructure-level planning capacity, not observed operational availability.",,,
,,,,,,,,TYNDP2024_ANNEX_C2,"Annex C2, Detailed Nodes, Excel row 190",,outside_core_horizon,"Excluded from core graph; no endpoint, direction, or capacity is inferred.",c2_topology,190.0,FIh2N,IB-STcFIh2N,Finland,Finland,2050.0,0.0,0.0,"TYNDP infrastructure-level planning capacity, not observed operational availability.",,,
,,,,,,,,TYNDP2024_ANNEX_C2,"Annex C2, Detailed Nodes, Excel row 193",,outside_core_horizon,"Excluded from core graph; no endpoint, direction, or capacity is inferred.",c2_topology,193.0,FIh2S,FIh2,Finland,Finland,2050.0,9999.0,9999.0,"TYNDP infrastructure-level planning capacity, not observed operational availability.",,,
,,,,,,,,TYNDP2024_ANNEX_C2,"Annex C2, Detailed Nodes, Excel row 194",,endpoint_not_terminal_or_backbone,"Excluded from core graph; no endpoint, direction, or capacity is inferred.",c2_topology,194.0,FIh2S,IB-STcFIh2S,Finland,Finland,2030.0,0.0,0.0,"TYNDP infrastructure-level planning capacity, not observed operational availability.",,,
,,,,,,,,TYNDP2024_ANNEX_C2,"Annex C2, Detailed Nodes, Excel row 195",,endpoint_not_terminal_or_backbone,"Excluded from core graph; no endpoint, direction, or capacity is inferred.",c2_topology,195.0,FIh2S,IB-STcFIh2S,Finland,Finland,2040.0,0.0,0.0,"TYNDP infrastructure-level planning capacity, not observed operational availability.",,,
,,,,,,,,TYNDP2024_ANNEX_C2,"Annex C2, Detailed Nodes, Excel row 196",,outside_core_horizon,"Excluded from core graph; no endpoint, direction, or capacity is inferred.",c2_topology,196.0,FIh2S,IB-STcFIh2S,Finland,Finland,2050.0,0.0,0.0,"TYNDP infrastructure-level planning capacity, not observed operational availability.",,,
,,,,,,,,TYNDP2024_ANNEX_C2,"Annex C2, Detailed Nodes, Excel row 197",,endpoint_not_terminal_or_backbone,"Excluded from core graph; no endpoint, direction, or capacity is inferred.",c2_topology,197.0,IB-STcFIh2,FIh2,Finland,Finland,2030.0,0.0,0.0,"TYNDP infrastructure-level planning capacity, not observed operational availability.",,,
,,,,,,,,TYNDP2024_ANNEX_C2,"Annex C2, Detailed Nodes, Excel row 198",,endpoint_not_terminal_or_backbone,"Excluded from core graph; no endpoint, direction, or capacity is inferred.",c2_topology,198.0,IB-STcFIh2,FIh2,Finland,Finland,2040.0,0.0,0.0,"TYNDP infrastructure-level planning capacity, not observed operational availability.",,,
,,,,,,,,TYNDP2024_ANNEX_C2,"Annex C2, Detailed Nodes, Excel row 199",,outside_core_horizon,"Excluded from core graph; no endpoint, direction, or capacity is inferred.",c2_topology,199.0,IB-STcFIh2,FIh2,Finland,Finland,2050.0,0.0,0.0,"TYNDP infrastructure-level planning capacity, not observed operational availability.",,,
,,,,,,,,TYNDP2024_ANNEX_C2,"Annex C2, Detailed Nodes, Excel row 200",,endpoint_not_terminal_or_backbone,"Excluded from core graph; no endpoint, direction, or capacity is inferred.",c2_topology,200.0,IB-STcFIh2N,FIh2N,Finland,Finland,2030.0,0.0,0.0,"TYNDP infrastructure-level planning capacity, not observed operational availability.",,,
,,,,,,,,TYNDP2024_ANNEX_C2,"Annex C2, Detailed Nodes, Excel row 201",,endpoint_not_terminal_or_backbone,"Excluded from core graph; no endpoint, direction, or capacity is inferred.",c2_topology,201.0,IB-STcFIh2N,FIh2N,Finland,Finland,2040.0,0.0,0.0,"TYNDP infrastructure-level planning capacity, not observed operational availability.",,,
,,,,,,,,TYNDP2024_ANNEX_C2,"Annex C2, Detailed Nodes, Excel row 202",,outside_core_horizon,"Excluded from core graph; no endpoint, direction, or capacity is inferred.",c2_topology,202.0,IB-STcFIh2N,FIh2N,Finland,Finland,2050.0,0.0,0.0,"TYNDP infrastructure-level planning capacity, not observed operational availability.",,,
,,,,,,,,TYNDP2024_ANNEX_C2,"Annex C2, Detailed Nodes, Excel row 203",,endpoint_not_terminal_or_backbone,"Excluded from core graph; no endpoint, direction, or capacity is inferred.",c2_topology,203.0,IB-STcFIh2S,FIh2S,Finland,Finland,2030.0,0.0,0.0,"TYNDP infrastructure-level planning capacity, not observed operational availability.",,,
,,,,,,,,TYNDP2024_ANNEX_C2,"Annex C2, Detailed Nodes, Excel row 204",,endpoint_not_terminal_or_backbone,"Excluded from core graph; no endpoint, direction, or capacity is inferred.",c2_topology,204.0,IB-STcFIh2S,FIh2S,Finland,Finland,2040.0,0.0,0.0,"TYNDP infrastructure-level planning capacity, not observed operational availability.",,,
,,,,,,,,TYNDP2024_ANNEX_C2,"Annex C2, Detailed Nodes, Excel row 205",,outside_core_horizon,"Excluded from core graph; no endpoint, direction, or capacity is inferred.",c2_topology,205.0,IB-STcFIh2S,FIh2S,Finland,Finland,2050.0,0.0,0.0,"TYNDP infrastructure-level planning capacity, not observed operational availability.",,,
,,,,,,,,TYNDP2024_ANNEX_C2,"Annex C2, Detailed Nodes, Excel row 206",,endpoint_not_terminal_or_backbone,"Excluded from core graph; no endpoint, direction, or capacity is inferred.",c2_topology,206.0,NPcFIh2AlTP,FIh2Al,Finland,Finland,2030.0,0.0,0.0,"TYNDP infrastructure-level planning capacity, not observed operational availability.",,,
,,,,,,,,TYNDP2024_ANNEX_C2,"Annex C2, Detailed Nodes, Excel row 207",,endpoint_not_terminal_or_backbone,"Excluded from core graph; no endpoint, direction, or capacity is inferred.",c2_topology,207.0,NPcFIh2AlTP,FIh2Al,Finland,Finland,2040.0,0.0,0.0,"TYNDP infrastructure-level planning capacity, not observed operational availability.",,,
,,,,,,,,TYNDP2024_ANNEX_C2,"Annex C2, Detailed Nodes, Excel row 208",,outside_core_horizon,"Excluded from core graph; no endpoint, direction, or capacity is inferred.",c2_topology,208.0,NPcFIh2AlTP,FIh2Al,Finland,Finland,2050.0,0.0,0.0,"TYNDP infrastructure-level planning capacity, not observed operational availability.",,,
,,,,,,,,TYNDP2024_ANNEX_C2,"Annex C2, Detailed Nodes, Excel row 209",,endpoint_not_terminal_or_backbone,"Excluded from core graph; no endpoint, direction, or capacity is inferred.",c2_topology,209.0,NPcFIh2NTP,FIh2N,Finland,Finland,2030.0,0.0,0.0,"TYNDP infrastructure-level planning capacity, not observed operational availability.",,,
,,,,,,,,TYNDP2024_ANNEX_C2,"Annex C2, Detailed Nodes, Excel row 210",,endpoint_not_terminal_or_backbone,"Excluded from core graph; no endpoint, direction, or capacity is inferred.",c2_topology,210.0,NPcFIh2NTP,FIh2N,Finland,Finland,2040.0,0.0,0.0,"TYNDP infrastructure-level planning capacity, not observed operational availability.",,,
,,,,,,,,TYNDP2024_ANNEX_C2,"Annex C2, Detailed Nodes, Excel row 211",,outside_core_horizon,"Excluded from core graph; no endpoint, direction, or capacity is inferred.",c2_topology,211.0,NPcFIh2NTP,FIh2N,Finland,Finland,2050.0,0.0,0.0,"TYNDP infrastructure-level planning capacity, not observed operational availability.",,,
,,,,,,,,TYNDP2024_ANNEX_C2,"Annex C2, Detailed Nodes, Excel row 212",,endpoint_not_terminal_or_backbone,"Excluded from core graph; no endpoint, direction, or capacity is inferred.",c2_topology,212.0,NPcFIh2STP,FIh2S,Finland,Finland,2030.0,0.0,0.0,"TYNDP infrastructure-level planning capacity, not observed operational availability.",,,
,,,,,,,,TYNDP2024_ANNEX_C2,"Annex C2, Detailed Nodes, Excel row 213",,endpoint_not_terminal_or_backbone,"Excluded from core graph; no endpoint, direction, or capacity is inferred.",c2_topology,213.0,NPcFIh2STP,FIh2S,Finland,Finland,2040.0,0.0,0.0,"TYNDP infrastructure-level planning capacity, not observed operational availability.",,,
,,,,,,,,TYNDP2024_ANNEX_C2,"Annex C2, Detailed Nodes, Excel row 214",,outside_core_horizon,"Excluded from core graph; no endpoint, direction, or capacity is inferred.",c2_topology,214.0,NPcFIh2STP,FIh2S,Finland,Finland,2050.0,0.0,0.0,"TYNDP infrastructure-level planning capacity, not observed operational availability.",,,
,,,,,,,,TYNDP2024_ANNEX_C2,"Annex C2, Detailed Nodes, Excel row 215",,endpoint_not_terminal_or_backbone,"Excluded from core graph; no endpoint, direction, or capacity is inferred.",c2_topology,215.0,NPcFIh2TP,FIh2,Finland,Finland,2030.0,0.0,0.0,"TYNDP infrastructure-level planning capacity, not observed operational availability.",,,
,,,,,,,,TYNDP2024_ANNEX_C2,"Annex C2, Detailed Nodes, Excel row 216",,endpoint_not_terminal_or_backbone,"Excluded from core graph; no endpoint, direction, or capacity is inferred.",c2_topology,216.0,NPcFIh2TP,FIh2,Finland,Finland,2040.0,0.0,0.0,"TYNDP infrastructure-level planning capacity, not observed operational availability.",,,
,,,,,,,,TYNDP2024_ANNEX_C2,"Annex C2, Detailed Nodes, Excel row 217",,outside_core_horizon,"Excluded from core graph; no endpoint, direction, or capacity is inferred.",c2_topology,217.0,NPcFIh2TP,FIh2,Finland,Finland,2050.0,0.0,0.0,"TYNDP infrastructure-level planning capacity, not observed operational availability.",,,
,,,,,,,,TYNDP2024_ANNEX_C2,"Annex C2, Detailed Nodes, Excel row 218",,endpoint_not_terminal_or_backbone,"Excluded from core graph; no endpoint, direction, or capacity is inferred.",c2_topology,218.0,NPcFIhe,NPcFIh2TP,Finland,Finland,2030.0,0.0,0.0,"TYNDP infrastructure-level planning capacity, not observed operational availability.",,,
,,,,,,,,TYNDP2024_ANNEX_C2,"Annex C2, Detailed Nodes, Excel row 219",,endpoint_not_terminal_or_backbone,"Excluded from core graph; no endpoint, direction, or capacity is inferred.",c2_topology,219.0,NPcFIhe,NPcFIh2TP,Finland,Finland,2040.0,0.0,0.0,"TYNDP infrastructure-level planning capacity, not observed operational availability.",,,
,,,,,,,,TYNDP2024_ANNEX_C2,"Annex C2, Detailed Nodes, Excel row 220",,outside_core_horizon,"Excluded from core graph; no endpoint, direction, or capacity is inferred.",c2_topology,220.0,NPcFIhe,NPcFIh2TP,Finland,Finland,2050.0,0.0,0.0,"TYNDP infrastructure-level planning capacity, not observed operational availability.",,,
,,,,,,,,TYNDP2024_ANNEX_C2,"Annex C2, Detailed Nodes, Excel row 221",,endpoint_not_terminal_or_backbone,"Excluded from core graph; no endpoint, direction, or capacity is inferred.",c2_topology,221.0,NPcFIheAl,NPcFIh2AlTP,Finland,Finland,2030.0,0.0,0.0,"TYNDP infrastructure-level planning capacity, not observed operational availability.",,,
,,,,,,,,TYNDP2024_ANNEX_C2,"Annex C2, Detailed Nodes, Excel row 222",,endpoint_not_terminal_or_backbone,"Excluded from core graph; no endpoint, direction, or capacity is inferred.",c2_topology,222.0,NPcFIheAl,NPcFIh2AlTP,Finland,Finland,2040.0,0.0,0.0,"TYNDP infrastructure-level planning capacity, not observed operational availability.",,,
,,,,,,,,TYNDP2024_ANNEX_C2,"Annex C2, Detailed Nodes, Excel row 223",,outside_core_horizon,"Excluded from core graph; no endpoint, direction, or capacity is inferred.",c2_topology,223.0,NPcFIheAl,NPcFIh2AlTP,Finland,Finland,2050.0,0.0,0.0,"TYNDP infrastructure-level planning capacity, not observed operational availability.",,,
,,,,,,,,TYNDP2024_ANNEX_C2,"Annex C2, Detailed Nodes, Excel row 224",,endpoint_not_terminal_or_backbone,"Excluded from core graph; no endpoint, direction, or capacity is inferred.",c2_topology,224.0,NPcFIheN,NPcFIh2NTP,Finland,Finland,2030.0,0.0,0.0,"TYNDP infrastructure-level planning capacity, not observed operational availability.",,,
,,,,,,,,TYNDP2024_ANNEX_C2,"Annex C2, Detailed Nodes, Excel row 225",,endpoint_not_terminal_or_backbone,"Excluded from core graph; no endpoint, direction, or capacity is inferred.",c2_topology,225.0,NPcFIheN,NPcFIh2NTP,Finland,Finland,2040.0,0.0,0.0,"TYNDP infrastructure-level planning capacity, not observed operational availability.",,,
,,,,,,,,TYNDP2024_ANNEX_C2,"Annex C2, Detailed Nodes, Excel row 226",,outside_core_horizon,"Excluded from core graph; no endpoint, direction, or capacity is inferred.",c2_topology,226.0,NPcFIheN,NPcFIh2NTP,Finland,Finland,2050.0,0.0,0.0,"TYNDP infrastructure-level planning capacity, not observed operational availability.",,,
,,,,,,,,TYNDP2024_ANNEX_C2,"Annex C2, Detailed Nodes, Excel row 227",,endpoint_not_terminal_or_backbone,"Excluded from core graph; no endpoint, direction, or capacity is inferred.",c2_topology,227.0,NPcFIheS,NPcFIh2STP,Finland,Finland,2030.0,0.0,0.0,"TYNDP infrastructure-level planning capacity, not observed operational availability.",,,
,,,,,,,,TYNDP2024_ANNEX_C2,"Annex C2, Detailed Nodes, Excel row 228",,endpoint_not_terminal_or_backbone,"Excluded from core graph; no endpoint, direction, or capacity is inferred.",c2_topology,228.0,NPcFIheS,NPcFIh2STP,Finland,Finland,2040.0,0.0,0.0,"TYNDP infrastructure-level planning capacity, not observed operational availability.",,,
,,,,,,,,TYNDP2024_ANNEX_C2,"Annex C2, Detailed Nodes, Excel row 229",,outside_core_horizon,"Excluded from core graph; no endpoint, direction, or capacity is inferred.",c2_topology,229.0,NPcFIheS,NPcFIh2STP,Finland,Finland,2050.0,0.0,0.0,"TYNDP infrastructure-level planning capacity, not observed operational availability.",,,
,,,,,,,,TYNDP2024_ANNEX_C2,"Annex C2, Detailed Nodes, Excel row 232",,outside_core_horizon,"Excluded from core graph; no endpoint, direction, or capacity is inferred.",c2_topology,232.0,FIh2Al,DEh2,Finland,Germany,2050.0,262.0,262.0,"TYNDP infrastructure-level planning capacity, not observed operational availability.",,,
,,,,,,,,TYNDP2024_ANNEX_C2,"Annex C2, Detailed Nodes, Excel row 235",,outside_core_horizon,"Excluded from core graph; no endpoint, direction, or capacity is inferred.",c2_topology,235.0,FIh2Al,PLh2N,Finland,Poland,2050.0,0.0,0.0,"TYNDP infrastructure-level planning capacity, not observed operational availability.",,,
,,,,,,,,TYNDP2024_ANNEX_C2,"Annex C2, Detailed Nodes, Excel row 238",,outside_core_horizon,"Excluded from core graph; no endpoint, direction, or capacity is inferred.",c2_topology,238.0,FIh2Al,SEh2,Finland,Sweden,2050.0,504.0,504.0,"TYNDP infrastructure-level planning capacity, not observed operational availability.",,,
,,,,,,,,TYNDP2024_ANNEX_C2,"Annex C2, Detailed Nodes, Excel row 241",,outside_core_horizon,"Excluded from core graph; no endpoint, direction, or capacity is inferred.",c2_topology,241.0,FIh2N,SEh2,Finland,Sweden,2050.0,162.0,162.0,"TYNDP infrastructure-level planning capacity, not observed operational availability.",,,
,,,,,,,,TYNDP2024_ANNEX_C2,"Annex C2, Detailed Nodes, Excel row 244",,outside_core_horizon,"Excluded from core graph; no endpoint, direction, or capacity is inferred.",c2_topology,244.0,FRh2,BEh2,France,Belgium,2050.0,36.0,36.0,"TYNDP infrastructure-level planning capacity, not observed operational availability.",,,
,,,,,,,,TYNDP2024_ANNEX_C2,"Annex C2, Detailed Nodes, Excel row 247",,outside_core_horizon,"Excluded from core graph; no endpoint, direction, or capacity is inferred.",c2_topology,247.0,FRh2N,BEh2,France,Belgium,2050.0,48.0,48.0,"TYNDP infrastructure-level planning capacity, not observed operational availability.",,,
,,,,,,,,TYNDP2024_ANNEX_C2,"Annex C2, Detailed Nodes, Excel row 250",,outside_core_horizon,"Excluded from core graph; no endpoint, direction, or capacity is inferred.",c2_topology,250.0,FRh2Va,BEH2Mo,France,Belgium,2050.0,24.0,24.0,"TYNDP infrastructure-level planning capacity, not observed operational availability.",,,
,,,,,,,,TYNDP2024_ANNEX_C2,"Annex C2, Detailed Nodes, Excel row 253",,outside_core_horizon,"Excluded from core graph; no endpoint, direction, or capacity is inferred.",c2_topology,253.0,FRh2,FRh2N,France,France,2050.0,0.0,0.0,"TYNDP infrastructure-level planning capacity, not observed operational availability.",,,
,,,,,,,,TYNDP2024_ANNEX_C2,"Annex C2, Detailed Nodes, Excel row 256",,outside_core_horizon,"Excluded from core graph; no endpoint, direction, or capacity is inferred.",c2_topology,256.0,FRh2,FRh2S,France,France,2050.0,192.0,192.0,"TYNDP infrastructure-level planning capacity, not observed operational availability.",,,
,,,,,,,,TYNDP2024_ANNEX_C2,"Annex C2, Detailed Nodes, Excel row 259",,outside_core_horizon,"Excluded from core graph; no endpoint, direction, or capacity is inferred.",c2_topology,259.0,FRh2,FRh2SW,France,France,2050.0,0.0,0.0,"TYNDP infrastructure-level planning capacity, not observed operational availability.",,,
,,,,,,,,TYNDP2024_ANNEX_C2,"Annex C2, Detailed Nodes, Excel row 262",,outside_core_horizon,"Excluded from core graph; no endpoint, direction, or capacity is inferred.",c2_topology,262.0,FRh2,FRh2Va,France,France,2050.0,24.0,24.0,"TYNDP infrastructure-level planning capacity, not observed operational availability.",,,
,,,,,,,,TYNDP2024_ANNEX_C2,"Annex C2, Detailed Nodes, Excel row 263",,endpoint_not_terminal_or_backbone,"Excluded from core graph; no endpoint, direction, or capacity is inferred.",c2_topology,263.0,FRh2,IB-STcFRh2,France,France,2030.0,0.0,0.0,"TYNDP infrastructure-level planning capacity, not observed operational availability.",,,
,,,,,,,,TYNDP2024_ANNEX_C2,"Annex C2, Detailed Nodes, Excel row 264",,endpoint_not_terminal_or_backbone,"Excluded from core graph; no endpoint, direction, or capacity is inferred.",c2_topology,264.0,FRh2,IB-STcFRh2,France,France,2040.0,0.0,0.0,"TYNDP infrastructure-level planning capacity, not observed operational availability.",,,
,,,,,,,,TYNDP2024_ANNEX_C2,"Annex C2, Detailed Nodes, Excel row 265",,outside_core_horizon,"Excluded from core graph; no endpoint, direction, or capacity is inferred.",c2_topology,265.0,FRh2,IB-STcFRh2,France,France,2050.0,0.0,0.0,"TYNDP infrastructure-level planning capacity, not observed operational availability.",,,
,,,,,,,,TYNDP2024_ANNEX_C2,"Annex C2, Detailed Nodes, Excel row 268",,outside_core_horizon,"Excluded from core graph; no endpoint, direction, or capacity is inferred.",c2_topology,268.0,FRh2N,FRh2,France,France,2050.0,0.0,0.0,"TYNDP infrastructure-level planning capacity, not observed operational availability.",,,
,,,,,,,,TYNDP2024_ANNEX_C2,"Annex C2, Detailed Nodes, Excel row 271",,outside_core_horizon,"Excluded from core graph; no endpoint, direction, or capacity is inferred.",c2_topology,271.0,FRh2S,FRh2,France,France,2050.0,192.0,192.0,"TYNDP infrastructure-level planning capacity, not observed operational availability.",,,
,,,,,,,,TYNDP2024_ANNEX_C2,"Annex C2, Detailed Nodes, Excel row 274",,outside_core_horizon,"Excluded from core graph; no endpoint, direction, or capacity is inferred.",c2_topology,274.0,FRh2S,FRh2SW,France,France,2050.0,0.0,0.0,"TYNDP infrastructure-level planning capacity, not observed operational availability.",,,
,,,,,,,,TYNDP2024_ANNEX_C2,"Annex C2, Detailed Nodes, Excel row 275",,endpoint_not_terminal_or_backbone,"Excluded from core graph; no endpoint, direction, or capacity is inferred.",c2_topology,275.0,FRh2S,IB-STcFRh2S,France,France,2030.0,10.0,10.0,"TYNDP infrastructure-level planning capacity, not observed operational availability.",,,
,,,,,,,,TYNDP2024_ANNEX_C2,"Annex C2, Detailed Nodes, Excel row 276",,endpoint_not_terminal_or_backbone,"Excluded from core graph; no endpoint, direction, or capacity is inferred.",c2_topology,276.0,FRh2S,IB-STcFRh2S,France,France,2040.0,10.0,10.0,"TYNDP infrastructure-level planning capacity, not observed operational availability.",,,
,,,,,,,,TYNDP2024_ANNEX_C2,"Annex C2, Detailed Nodes, Excel row 277",,outside_core_horizon,"Excluded from core graph; no endpoint, direction, or capacity is inferred.",c2_topology,277.0,FRh2S,IB-STcFRh2S,France,France,2050.0,10.0,10.0,"TYNDP infrastructure-level planning capacity, not observed operational availability.",,,
,,,,,,,,TYNDP2024_ANNEX_C2,"Annex C2, Detailed Nodes, Excel row 280",,outside_core_horizon,"Excluded from core graph; no endpoint, direction, or capacity is inferred.",c2_topology,280.0,FRh2SW,FRh2,France,France,2050.0,0.0,0.0,"TYNDP infrastructure-level planning capacity, not observed operational availability.",,,
,,,,,,,,TYNDP2024_ANNEX_C2,"Annex C2, Detailed Nodes, Excel row 283",,outside_core_horizon,"Excluded from core graph; no endpoint, direction, or capacity is inferred.",c2_topology,283.0,FRh2SW,FRh2S,France,France,2050.0,0.0,0.0,"TYNDP infrastructure-level planning capacity, not observed operational availability.",,,
,,,,,,,,TYNDP2024_ANNEX_C2,"Annex C2, Detailed Nodes, Excel row 284",,endpoint_not_terminal_or_backbone,"Excluded from core graph; no endpoint, direction, or capacity is inferred.",c2_topology,284.0,FRh2SW,IB-STcFRh2SW,France,France,2030.0,0.0,9.3,"TYNDP infrastructure-level planning capacity, not observed operational availability.",,,
,,,,,,,,TYNDP2024_ANNEX_C2,"Annex C2, Detailed Nodes, Excel row 285",,endpoint_not_terminal_or_backbone,"Excluded from core graph; no endpoint, direction, or capacity is inferred.",c2_topology,285.0,FRh2SW,IB-STcFRh2SW,France,France,2040.0,0.0,9.3,"TYNDP infrastructure-level planning capacity, not observed operational availability.",,,
,,,,,,,,TYNDP2024_ANNEX_C2,"Annex C2, Detailed Nodes, Excel row 286",,outside_core_horizon,"Excluded from core graph; no endpoint, direction, or capacity is inferred.",c2_topology,286.0,FRh2SW,IB-STcFRh2SW,France,France,2050.0,0.0,9.3,"TYNDP infrastructure-level planning capacity, not observed operational availability.",,,
,,,,,,,,TYNDP2024_ANNEX_C2,"Annex C2, Detailed Nodes, Excel row 289",,outside_core_horizon,"Excluded from core graph; no endpoint, direction, or capacity is inferred.",c2_topology,289.0,FRh2Va,FRh2,France,France,2050.0,24.0,24.0,"TYNDP infrastructure-level planning capacity, not observed operational availability.",,,
,,,,,,,,TYNDP2024_ANNEX_C2,"Annex C2, Detailed Nodes, Excel row 290",,endpoint_not_terminal_or_backbone,"Excluded from core graph; no endpoint, direction, or capacity is inferred.",c2_topology,290.0,IB-STcFRh2,FRh2,France,France,2030.0,0.0,0.0,"TYNDP infrastructure-level planning capacity, not observed operational availability.",,,
,,,,,,,,TYNDP2024_ANNEX_C2,"Annex C2, Detailed Nodes, Excel row 291",,endpoint_not_terminal_or_backbone,"Excluded from core graph; no endpoint, direction, or capacity is inferred.",c2_topology,291.0,IB-STcFRh2,FRh2,France,France,2040.0,0.0,0.0,"TYNDP infrastructure-level planning capacity, not observed operational availability.",,,
,,,,,,,,TYNDP2024_ANNEX_C2,"Annex C2, Detailed Nodes, Excel row 292",,outside_core_horizon,"Excluded from core graph; no endpoint, direction, or capacity is inferred.",c2_topology,292.0,IB-STcFRh2,FRh2,France,France,2050.0,0.0,0.0,"TYNDP infrastructure-level planning capacity, not observed operational availability.",,,
,,,,,,,,TYNDP2024_ANNEX_C2,"Annex C2, Detailed Nodes, Excel row 293",,endpoint_not_terminal_or_backbone,"Excluded from core graph; no endpoint, direction, or capacity is inferred.",c2_topology,293.0,IB-STcFRh2S,FRh2S,France,France,2030.0,10.0,10.0,"TYNDP infrastructure-level planning capacity, not observed operational availability.",,,
,,,,,,,,TYNDP2024_ANNEX_C2,"Annex C2, Detailed Nodes, Excel row 294",,endpoint_not_terminal_or_backbone,"Excluded from core graph; no endpoint, direction, or capacity is inferred.",c2_topology,294.0,IB-STcFRh2S,FRh2S,France,France,2040.0,10.0,10.0,"TYNDP infrastructure-level planning capacity, not observed operational availability.",,,
,,,,,,,,TYNDP2024_ANNEX_C2,"Annex C2, Detailed Nodes, Excel row 295",,outside_core_horizon,"Excluded from core graph; no endpoint, direction, or capacity is inferred.",c2_topology,295.0,IB-STcFRh2S,FRh2S,France,France,2050.0,10.0,10.0,"TYNDP infrastructure-level planning capacity, not observed operational availability.",,,
,,,,,,,,TYNDP2024_ANNEX_C2,"Annex C2, Detailed Nodes, Excel row 296",,endpoint_not_terminal_or_backbone,"Excluded from core graph; no endpoint, direction, or capacity is inferred.",c2_topology,296.0,IB-STcFRh2SW,FRh2SW,France,France,2030.0,0.0,9.3,"TYNDP infrastructure-level planning capacity, not observed operational availability.",,,
,,,,,,,,TYNDP2024_ANNEX_C2,"Annex C2, Detailed Nodes, Excel row 297",,endpoint_not_terminal_or_backbone,"Excluded from core graph; no endpoint, direction, or capacity is inferred.",c2_topology,297.0,IB-STcFRh2SW,FRh2SW,France,France,2040.0,0.0,9.3,"TYNDP infrastructure-level planning capacity, not observed operational availability.",,,
,,,,,,,,TYNDP2024_ANNEX_C2,"Annex C2, Detailed Nodes, Excel row 298",,outside_core_horizon,"Excluded from core graph; no endpoint, direction, or capacity is inferred.",c2_topology,298.0,IB-STcFRh2SW,FRh2SW,France,France,2050.0,0.0,9.3,"TYNDP infrastructure-level planning capacity, not observed operational availability.",,,
,,,,,,,,TYNDP2024_ANNEX_C2,"Annex C2, Detailed Nodes, Excel row 301",,outside_core_horizon,"Excluded from core graph; no endpoint, direction, or capacity is inferred.",c2_topology,301.0,LH2_Tk_FRn,FRh2N,France,France,2050.0,48.0,48.0,"TYNDP infrastructure-level planning capacity, not observed operational availability.",,,
,,,,,,,,TYNDP2024_ANNEX_C2,"Annex C2, Detailed Nodes, Excel row 304",,outside_core_horizon,"Excluded from core graph; no endpoint, direction, or capacity is inferred.",c2_topology,304.0,LH2_Tk_FRSW,FRh2SW,France,France,2050.0,0.0,0.0,"TYNDP infrastructure-level planning capacity, not observed operational availability.",,,
,,,,,,,,TYNDP2024_ANNEX_C2,"Annex C2, Detailed Nodes, Excel row 307",,outside_core_horizon,"Excluded from core graph; no endpoint, direction, or capacity is inferred.",c2_topology,307.0,LH2_Tk_FRW,FRh2,France,France,2050.0,0.0,0.0,"TYNDP infrastructure-level planning capacity, not observed operational availability.",,,
,,,,,,,,TYNDP2024_ANNEX_C2,"Annex C2, Detailed Nodes, Excel row 308",,endpoint_not_terminal_or_backbone,"Excluded from core graph; no endpoint, direction, or capacity is inferred.",c2_topology,308.0,NPcFRh2NTP,FRh2N,France,France,2030.0,0.0,0.0,"TYNDP infrastructure-level planning capacity, not observed operational availability.",,,
,,,,,,,,TYNDP2024_ANNEX_C2,"Annex C2, Detailed Nodes, Excel row 309",,endpoint_not_terminal_or_backbone,"Excluded from core graph; no endpoint, direction, or capacity is inferred.",c2_topology,309.0,NPcFRh2NTP,FRh2N,France,France,2040.0,0.0,0.0,"TYNDP infrastructure-level planning capacity, not observed operational availability.",,,
,,,,,,,,TYNDP2024_ANNEX_C2,"Annex C2, Detailed Nodes, Excel row 310",,outside_core_horizon,"Excluded from core graph; no endpoint, direction, or capacity is inferred.",c2_topology,310.0,NPcFRh2NTP,FRh2N,France,France,2050.0,0.0,0.0,"TYNDP infrastructure-level planning capacity, not observed operational availability.",,,
,,,,,,,,TYNDP2024_ANNEX_C2,"Annex C2, Detailed Nodes, Excel row 311",,endpoint_not_terminal_or_backbone,"Excluded from core graph; no endpoint, direction, or capacity is inferred.",c2_topology,311.0,NPcFRh2STP,FRh2S,France,France,2030.0,0.0,0.0,"TYNDP infrastructure-level planning capacity, not observed operational availability.",,,
,,,,,,,,TYNDP2024_ANNEX_C2,"Annex C2, Detailed Nodes, Excel row 312",,endpoint_not_terminal_or_backbone,"Excluded from core graph; no endpoint, direction, or capacity is inferred.",c2_topology,312.0,NPcFRh2STP,FRh2S,France,France,2040.0,0.0,0.0,"TYNDP infrastructure-level planning capacity, not observed operational availability.",,,
,,,,,,,,TYNDP2024_ANNEX_C2,"Annex C2, Detailed Nodes, Excel row 313",,outside_core_horizon,"Excluded from core graph; no endpoint, direction, or capacity is inferred.",c2_topology,313.0,NPcFRh2STP,FRh2S,France,France,2050.0,0.0,0.0,"TYNDP infrastructure-level planning capacity, not observed operational availability.",,,
,,,,,,,,TYNDP2024_ANNEX_C2,"Annex C2, Detailed Nodes, Excel row 314",,endpoint_not_terminal_or_backbone,"Excluded from core graph; no endpoint, direction, or capacity is inferred.",c2_topology,314.0,NPcFRh2SWTP,FRh2SW,France,France,2030.0,0.0,23.0,"TYNDP infrastructure-level planning capacity, not observed operational availability.",,,
,,,,,,,,TYNDP2024_ANNEX_C2,"Annex C2, Detailed Nodes, Excel row 315",,endpoint_not_terminal_or_backbone,"Excluded from core graph; no endpoint, direction, or capacity is inferred.",c2_topology,315.0,NPcFRh2SWTP,FRh2SW,France,France,2040.0,0.0,23.0,"TYNDP infrastructure-level planning capacity, not observed operational availability.",,,
,,,,,,,,TYNDP2024_ANNEX_C2,"Annex C2, Detailed Nodes, Excel row 316",,outside_core_horizon,"Excluded from core graph; no endpoint, direction, or capacity is inferred.",c2_topology,316.0,NPcFRh2SWTP,FRh2SW,France,France,2050.0,0.0,23.0,"TYNDP infrastructure-level planning capacity, not observed operational availability.",,,
,,,,,,,,TYNDP2024_ANNEX_C2,"Annex C2, Detailed Nodes, Excel row 317",,endpoint_not_terminal_or_backbone,"Excluded from core graph; no endpoint, direction, or capacity is inferred.",c2_topology,317.0,NPcFRh2TP,FRh2,France,France,2030.0,0.0,0.0,"TYNDP infrastructure-level planning capacity, not observed operational availability.",,,
,,,,,,,,TYNDP2024_ANNEX_C2,"Annex C2, Detailed Nodes, Excel row 318",,endpoint_not_terminal_or_backbone,"Excluded from core graph; no endpoint, direction, or capacity is inferred.",c2_topology,318.0,NPcFRh2TP,FRh2,France,France,2040.0,0.0,0.0,"TYNDP infrastructure-level planning capacity, not observed operational availability.",,,
,,,,,,,,TYNDP2024_ANNEX_C2,"Annex C2, Detailed Nodes, Excel row 319",,outside_core_horizon,"Excluded from core graph; no endpoint, direction, or capacity is inferred.",c2_topology,319.0,NPcFRh2TP,FRh2,France,France,2050.0,0.0,0.0,"TYNDP infrastructure-level planning capacity, not observed operational availability.",,,
,,,,,,,,TYNDP2024_ANNEX_C2,"Annex C2, Detailed Nodes, Excel row 320",,endpoint_not_terminal_or_backbone,"Excluded from core graph; no endpoint, direction, or capacity is inferred.",c2_topology,320.0,NPcFRhe,NPcFRh2STP,France,France,2030.0,0.0,0.0,"TYNDP infrastructure-level planning capacity, not observed operational availability.",,,
,,,,,,,,TYNDP2024_ANNEX_C2,"Annex C2, Detailed Nodes, Excel row 321",,endpoint_not_terminal_or_backbone,"Excluded from core graph; no endpoint, direction, or capacity is inferred.",c2_topology,321.0,NPcFRhe,NPcFRh2STP,France,France,2040.0,0.004,0.004,"TYNDP infrastructure-level planning capacity, not observed operational availability.",,,
,,,,,,,,TYNDP2024_ANNEX_C2,"Annex C2, Detailed Nodes, Excel row 322",,outside_core_horizon,"Excluded from core graph; no endpoint, direction, or capacity is inferred.",c2_topology,322.0,NPcFRhe,NPcFRh2STP,France,France,2050.0,0.004,0.004,"TYNDP infrastructure-level planning capacity, not observed operational availability.",,,
,,,,,,,,TYNDP2024_ANNEX_C2,"Annex C2, Detailed Nodes, Excel row 323",,endpoint_not_terminal_or_backbone,"Excluded from core graph; no endpoint, direction, or capacity is inferred.",c2_topology,323.0,NPcFRhe,NPcFRh2SWTP,France,France,2030.0,0.0,23.0,"TYNDP infrastructure-level planning capacity, not observed operational availability.",,,
,,,,,,,,TYNDP2024_ANNEX_C2,"Annex C2, Detailed Nodes, Excel row 324",,endpoint_not_terminal_or_backbone,"Excluded from core graph; no endpoint, direction, or capacity is inferred.",c2_topology,324.0,NPcFRhe,NPcFRh2SWTP,France,France,2040.0,0.0,23.0,"TYNDP infrastructure-level planning capacity, not observed operational availability.",,,
,,,,,,,,TYNDP2024_ANNEX_C2,"Annex C2, Detailed Nodes, Excel row 325",,outside_core_horizon,"Excluded from core graph; no endpoint, direction, or capacity is inferred.",c2_topology,325.0,NPcFRhe,NPcFRh2SWTP,France,France,2050.0,0.0,23.0,"TYNDP infrastructure-level planning capacity, not observed operational availability.",,,
,,,,,,,,TYNDP2024_ANNEX_C2,"Annex C2, Detailed Nodes, Excel row 326",,endpoint_not_terminal_or_backbone,"Excluded from core graph; no endpoint, direction, or capacity is inferred.",c2_topology,326.0,NPcFRhe,NPcFRh2TP,France,France,2030.0,12.08,12.08,"TYNDP infrastructure-level planning capacity, not observed operational availability.",,,
,,,,,,,,TYNDP2024_ANNEX_C2,"Annex C2, Detailed Nodes, Excel row 327",,endpoint_not_terminal_or_backbone,"Excluded from core graph; no endpoint, direction, or capacity is inferred.",c2_topology,327.0,NPcFRhe,NPcFRh2TP,France,France,2040.0,14.72,14.72,"TYNDP infrastructure-level planning capacity, not observed operational availability.",,,
,,,,,,,,TYNDP2024_ANNEX_C2,"Annex C2, Detailed Nodes, Excel row 328",,outside_core_horizon,"Excluded from core graph; no endpoint, direction, or capacity is inferred.",c2_topology,328.0,NPcFRhe,NPcFRh2TP,France,France,2050.0,14.72,14.72,"TYNDP infrastructure-level planning capacity, not observed operational availability.",,,
,,,,,,,,TYNDP2024_ANNEX_C2,"Annex C2, Detailed Nodes, Excel row 331",,outside_core_horizon,"Excluded from core graph; no endpoint, direction, or capacity is inferred.",c2_topology,331.0,FRh2,DEh2,France,Germany,2050.0,209.5,209.5,"TYNDP infrastructure-level planning capacity, not observed operational availability.",,,
,,,,,,,,TYNDP2024_ANNEX_C2,"Annex C2, Detailed Nodes, Excel row 334",,outside_core_horizon,"Excluded from core graph; no endpoint, direction, or capacity is inferred.",c2_topology,334.0,FRh2,LUh2,France,Luxemburg,2050.0,0.0,0.0,"TYNDP infrastructure-level planning capacity, not observed operational availability.",,,
,,,,,,,,TYNDP2024_ANNEX_C2,"Annex C2, Detailed Nodes, Excel row 337",,outside_core_horizon,"Excluded from core graph; no endpoint, direction, or capacity is inferred.",c2_topology,337.0,FRh2S,ESh2,France,Spain,2050.0,216.0,216.0,"TYNDP infrastructure-level planning capacity, not observed operational availability.",,,
,,,,,,,,TYNDP2024_ANNEX_C2,"Annex C2, Detailed Nodes, Excel row 340",,outside_core_horizon,"Excluded from core graph; no endpoint, direction, or capacity is inferred.",c2_topology,340.0,FRh2SW,ESh2,France,Spain,2050.0,0.0,0.0,"TYNDP infrastructure-level planning capacity, not observed operational availability.",,,
,,,,,,,,TYNDP2024_ANNEX_C2,"Annex C2, Detailed Nodes, Excel row 343",,outside_core_horizon,"Excluded from core graph; no endpoint, direction, or capacity is inferred.",c2_topology,343.0,FRh2,CHh2,France,Switzerland,2050.0,0.0,0.0,"TYNDP infrastructure-level planning capacity, not observed operational availability.",,,
,,,,,,,,TYNDP2024_ANNEX_C2,"Annex C2, Detailed Nodes, Excel row 346",,outside_core_horizon,"Excluded from core graph; no endpoint, direction, or capacity is inferred.",c2_topology,346.0,DEh2,ATh2,Germany,Austria,2050.0,150.0,150.0,"TYNDP infrastructure-level planning capacity, not observed operational availability.",,,
,,,,,,,,TYNDP2024_ANNEX_C2,"Annex C2, Detailed Nodes, Excel row 349",,outside_core_horizon,"Excluded from core graph; no endpoint, direction, or capacity is inferred.",c2_topology,349.0,DEh2,BEh2,Germany,Belgium,2050.0,91.2,91.2,"TYNDP infrastructure-level planning capacity, not observed operational availability.",,,
,,,,,,,,TYNDP2024_ANNEX_C2,"Annex C2, Detailed Nodes, Excel row 352",,outside_core_horizon,"Excluded from core graph; no endpoint, direction, or capacity is inferred.",c2_topology,352.0,DEh2,CZh2,Germany,Czechia,2050.0,288.0,288.0,"TYNDP infrastructure-level planning capacity, not observed operational availability.",,,
,,,,,,,,TYNDP2024_ANNEX_C2,"Annex C2, Detailed Nodes, Excel row 355",,outside_core_horizon,"Excluded from core graph; no endpoint, direction, or capacity is inferred.",c2_topology,355.0,DEh2,DKh2,Germany,Denmark,2050.0,103.2,103.2,"TYNDP infrastructure-level planning capacity, not observed operational availability.",,,
,,,,,,,,TYNDP2024_ANNEX_C2,"Annex C2, Detailed Nodes, Excel row 358",,outside_core_horizon,"Excluded from core graph; no endpoint, direction, or capacity is inferred.",c2_topology,358.0,DEh2,FRh2,Germany,France,2050.0,192.9,192.9,"TYNDP infrastructure-level planning capacity, not observed operational availability.",,,
,,,,,,,,TYNDP2024_ANNEX_C2,"Annex C2, Detailed Nodes, Excel row 359",,endpoint_not_terminal_or_backbone,"Excluded from core graph; no endpoint, direction, or capacity is inferred.",c2_topology,359.0,DEh2,IB-STcDEh2,Germany,Germany,2030.0,4.25,63.25,"TYNDP infrastructure-level planning capacity, not observed operational availability.",,,
,,,,,,,,TYNDP2024_ANNEX_C2,"Annex C2, Detailed Nodes, Excel row 360",,endpoint_not_terminal_or_backbone,"Excluded from core graph; no endpoint, direction, or capacity is inferred.",c2_topology,360.0,DEh2,IB-STcDEh2,Germany,Germany,2040.0,21.25,80.25,"TYNDP infrastructure-level planning capacity, not observed operational availability.",,,
,,,,,,,,TYNDP2024_ANNEX_C2,"Annex C2, Detailed Nodes, Excel row 361",,outside_core_horizon,"Excluded from core graph; no endpoint, direction, or capacity is inferred.",c2_topology,361.0,DEh2,IB-STcDEh2,Germany,Germany,2050.0,21.25,80.25,"TYNDP infrastructure-level planning capacity, not observed operational availability.",,,
,,,,,,,,TYNDP2024_ANNEX_C2,"Annex C2, Detailed Nodes, Excel row 364",,outside_core_horizon,"Excluded from core graph; no endpoint, direction, or capacity is inferred.",c2_topology,364.0,DEh2ba,DEh2,Germany,Germany,2050.0,0.0,43.0,"TYNDP infrastructure-level planning capacity, not observed operational availability.",,,
,,,,,,,,TYNDP2024_ANNEX_C2,"Annex C2, Detailed Nodes, Excel row 367",,outside_core_horizon,"Excluded from core graph; no endpoint, direction, or capacity is inferred.",c2_topology,367.0,DEh2bp,DEh2,Germany,Germany,2050.0,0.0,13.0,"TYNDP infrastructure-level planning capacity, not observed operational availability.",,,
,,,,,,,,TYNDP2024_ANNEX_C2,"Annex C2, Detailed Nodes, Excel row 370",,outside_core_horizon,"Excluded from core graph; no endpoint, direction, or capacity is inferred.",c2_topology,370.0,DEh2bp,DEh2ba,Germany,Germany,2050.0,0.0,43.0,"TYNDP infrastructure-level planning capacity, not observed operational availability.",,,
,,,,,,,,TYNDP2024_ANNEX_C2,"Annex C2, Detailed Nodes, Excel row 371",,endpoint_not_terminal_or_backbone,"Excluded from core graph; no endpoint, direction, or capacity is inferred.",c2_topology,371.0,IB-STcDEh2,DEh2,Germany,Germany,2030.0,4.25,63.25,"TYNDP infrastructure-level planning capacity, not observed operational availability.",,,
,,,,,,,,TYNDP2024_ANNEX_C2,"Annex C2, Detailed Nodes, Excel row 372",,endpoint_not_terminal_or_backbone,"Excluded from core graph; no endpoint, direction, or capacity is inferred.",c2_topology,372.0,IB-STcDEh2,DEh2,Germany,Germany,2040.0,21.25,80.25,"TYNDP infrastructure-level planning capacity, not observed operational availability.",,,
,,,,,,,,TYNDP2024_ANNEX_C2,"Annex C2, Detailed Nodes, Excel row 373",,outside_core_horizon,"Excluded from core graph; no endpoint, direction, or capacity is inferred.",c2_topology,373.0,IB-STcDEh2,DEh2,Germany,Germany,2050.0,21.25,80.25,"TYNDP infrastructure-level planning capacity, not observed operational availability.",,,
,,,,,,,,TYNDP2024_ANNEX_C2,"Annex C2, Detailed Nodes, Excel row 376",,outside_core_horizon,"Excluded from core graph; no endpoint, direction, or capacity is inferred.",c2_topology,376.0,LH2_Tk_DE,DEh2,Germany,Germany,2050.0,54.7,54.7,"TYNDP infrastructure-level planning capacity, not observed operational availability.",,,
,,,,,,,,TYNDP2024_ANNEX_C2,"Annex C2, Detailed Nodes, Excel row 379",,outside_core_horizon,"Excluded from core graph; no endpoint, direction, or capacity is inferred.",c2_topology,379.0,LH2_Tk_DEbp,DEh2bp,Germany,Germany,2050.0,13.0,13.0,"TYNDP infrastructure-level planning capacity, not observed operational availability.",,,
,,,,,,,,TYNDP2024_ANNEX_C2,"Annex C2, Detailed Nodes, Excel row 380",,endpoint_not_terminal_or_backbone,"Excluded from core graph; no endpoint, direction, or capacity is inferred.",c2_topology,380.0,NPcDEh2TP,DEh2,Germany,Germany,2030.0,278.4,292.4,"TYNDP infrastructure-level planning capacity, not observed operational availability.",,,
,,,,,,,,TYNDP2024_ANNEX_C2,"Annex C2, Detailed Nodes, Excel row 381",,endpoint_not_terminal_or_backbone,"Excluded from core graph; no endpoint, direction, or capacity is inferred.",c2_topology,381.0,NPcDEh2TP,DEh2,Germany,Germany,2040.0,974.4,998.7,"TYNDP infrastructure-level planning capacity, not observed operational availability.",,,
,,,,,,,,TYNDP2024_ANNEX_C2,"Annex C2, Detailed Nodes, Excel row 382",,outside_core_horizon,"Excluded from core graph; no endpoint, direction, or capacity is inferred.",c2_topology,382.0,NPcDEh2TP,DEh2,Germany,Germany,2050.0,974.4,998.7,"TYNDP infrastructure-level planning capacity, not observed operational availability.",,,
,,,,,,,,TYNDP2024_ANNEX_C2,"Annex C2, Detailed Nodes, Excel row 383",,endpoint_not_terminal_or_backbone,"Excluded from core graph; no endpoint, direction, or capacity is inferred.",c2_topology,383.0,NPcDEhe,NPcDEh2TP,Germany,Germany,2030.0,17.26,17.26,"TYNDP infrastructure-level planning capacity, not observed operational availability.",,,
,,,,,,,,TYNDP2024_ANNEX_C2,"Annex C2, Detailed Nodes, Excel row 384",,endpoint_not_terminal_or_backbone,"Excluded from core graph; no endpoint, direction, or capacity is inferred.",c2_topology,384.0,NPcDEhe,NPcDEh2TP,Germany,Germany,2040.0,36.44,36.44,"TYNDP infrastructure-level planning capacity, not observed operational availability.",,,
,,,,,,,,TYNDP2024_ANNEX_C2,"Annex C2, Detailed Nodes, Excel row 385",,outside_core_horizon,"Excluded from core graph; no endpoint, direction, or capacity is inferred.",c2_topology,385.0,NPcDEhe,NPcDEh2TP,Germany,Germany,2050.0,36.44,36.44,"TYNDP infrastructure-level planning capacity, not observed operational availability.",,,
,,,,,,,,TYNDP2024_ANNEX_C2,"Annex C2, Detailed Nodes, Excel row 388",,outside_core_horizon,"Excluded from core graph; no endpoint, direction, or capacity is inferred.",c2_topology,388.0,DEh2,NLh2,Germany,Netherlands,2050.0,172.8,298.3,"TYNDP infrastructure-level planning capacity, not observed operational availability.",,,
,,,,,,,,TYNDP2024_ANNEX_C2,"Annex C2, Detailed Nodes, Excel row 391",,outside_core_horizon,"Excluded from core graph; no endpoint, direction, or capacity is inferred.",c2_topology,391.0,DEh2,Y-NOh2,Germany,Norway,2050.0,0.0,0.0,"TYNDP infrastructure-level planning capacity, not observed operational availability.",,,
,,,,,,,,TYNDP2024_ANNEX_C2,"Annex C2, Detailed Nodes, Excel row 394",,outside_core_horizon,"Excluded from core graph; no endpoint, direction, or capacity is inferred.",c2_topology,394.0,DEh2,PLh2N,Germany,Poland,2050.0,0.0,19.2,"TYNDP infrastructure-level planning capacity, not observed operational availability.",,,
,,,,,,,,TYNDP2024_ANNEX_C2,"Annex C2, Detailed Nodes, Excel row 397",,outside_core_horizon,"Excluded from core graph; no endpoint, direction, or capacity is inferred.",c2_topology,397.0,DEh2,PLh2nbc,Germany,Poland,2050.0,100.0,100.0,"TYNDP infrastructure-level planning capacity, not observed operational availability.",,,
,,,,,,,,TYNDP2024_ANNEX_C2,"Annex C2, Detailed Nodes, Excel row 400",,outside_core_horizon,"Excluded from core graph; no endpoint, direction, or capacity is inferred.",c2_topology,400.0,DEh2,CHh2,Germany,Switzerland,2050.0,0.0,0.0,"TYNDP infrastructure-level planning capacity, not observed operational availability.",,,
,,,,,,,,TYNDP2024_ANNEX_C2,"Annex C2, Detailed Nodes, Excel row 403",,outside_core_horizon,"Excluded from core graph; no endpoint, direction, or capacity is inferred.",c2_topology,403.0,GRh2,BGh2,Greece,Bulgaria,2050.0,80.0,80.0,"TYNDP infrastructure-level planning capacity, not observed operational availability.",,,
,,,,,,,,TYNDP2024_ANNEX_C2,"Annex C2, Detailed Nodes, Excel row 406",,outside_core_horizon,"Excluded from core graph; no endpoint, direction, or capacity is inferred.",c2_topology,406.0,GRh2,CYh2,Greece,Cyprus,2050.0,0.0,0.0,"TYNDP infrastructure-level planning capacity, not observed operational availability.",,,
,,,,,,,,TYNDP2024_ANNEX_C2,"Annex C2, Detailed Nodes, Excel row 407",,endpoint_not_terminal_or_backbone,"Excluded from core graph; no endpoint, direction, or capacity is inferred.",c2_topology,407.0,GRh2,IB-STcGRh2,Greece,Greece,2030.0,0.0,0.0,"TYNDP infrastructure-level planning capacity, not observed operational availability.",,,
,,,,,,,,TYNDP2024_ANNEX_C2,"Annex C2, Detailed Nodes, Excel row 408",,endpoint_not_terminal_or_backbone,"Excluded from core graph; no endpoint, direction, or capacity is inferred.",c2_topology,408.0,GRh2,IB-STcGRh2,Greece,Greece,2040.0,0.0,0.0,"TYNDP infrastructure-level planning capacity, not observed operational availability.",,,
,,,,,,,,TYNDP2024_ANNEX_C2,"Annex C2, Detailed Nodes, Excel row 409",,outside_core_horizon,"Excluded from core graph; no endpoint, direction, or capacity is inferred.",c2_topology,409.0,GRh2,IB-STcGRh2,Greece,Greece,2050.0,0.0,0.0,"TYNDP infrastructure-level planning capacity, not observed operational availability.",,,
,,,,,,,,TYNDP2024_ANNEX_C2,"Annex C2, Detailed Nodes, Excel row 410",,endpoint_not_terminal_or_backbone,"Excluded from core graph; no endpoint, direction, or capacity is inferred.",c2_topology,410.0,IB-STcGRh2,GRh2,Greece,Greece,2030.0,0.0,0.0,"TYNDP infrastructure-level planning capacity, not observed operational availability.",,,
,,,,,,,,TYNDP2024_ANNEX_C2,"Annex C2, Detailed Nodes, Excel row 411",,endpoint_not_terminal_or_backbone,"Excluded from core graph; no endpoint, direction, or capacity is inferred.",c2_topology,411.0,IB-STcGRh2,GRh2,Greece,Greece,2040.0,0.0,0.0,"TYNDP infrastructure-level planning capacity, not observed operational availability.",,,
,,,,,,,,TYNDP2024_ANNEX_C2,"Annex C2, Detailed Nodes, Excel row 412",,outside_core_horizon,"Excluded from core graph; no endpoint, direction, or capacity is inferred.",c2_topology,412.0,IB-STcGRh2,GRh2,Greece,Greece,2050.0,0.0,0.0,"TYNDP infrastructure-level planning capacity, not observed operational availability.",,,
,,,,,,,,TYNDP2024_ANNEX_C2,"Annex C2, Detailed Nodes, Excel row 413",,endpoint_not_terminal_or_backbone,"Excluded from core graph; no endpoint, direction, or capacity is inferred.",c2_topology,413.0,NPcGRh2TP,GRh2,Greece,Greece,2030.0,0.0,0.0,"TYNDP infrastructure-level planning capacity, not observed operational availability.",,,
,,,,,,,,TYNDP2024_ANNEX_C2,"Annex C2, Detailed Nodes, Excel row 414",,endpoint_not_terminal_or_backbone,"Excluded from core graph; no endpoint, direction, or capacity is inferred.",c2_topology,414.0,NPcGRh2TP,GRh2,Greece,Greece,2040.0,0.0,0.0,"TYNDP infrastructure-level planning capacity, not observed operational availability.",,,
,,,,,,,,TYNDP2024_ANNEX_C2,"Annex C2, Detailed Nodes, Excel row 415",,outside_core_horizon,"Excluded from core graph; no endpoint, direction, or capacity is inferred.",c2_topology,415.0,NPcGRh2TP,GRh2,Greece,Greece,2050.0,0.0,0.0,"TYNDP infrastructure-level planning capacity, not observed operational availability.",,,
,,,,,,,,TYNDP2024_ANNEX_C2,"Annex C2, Detailed Nodes, Excel row 416",,endpoint_not_terminal_or_backbone,"Excluded from core graph; no endpoint, direction, or capacity is inferred.",c2_topology,416.0,NPcGRhe,NPcGRh2TP,Greece,Greece,2030.0,0.0,0.0,"TYNDP infrastructure-level planning capacity, not observed operational availability.",,,
,,,,,,,,TYNDP2024_ANNEX_C2,"Annex C2, Detailed Nodes, Excel row 417",,endpoint_not_terminal_or_backbone,"Excluded from core graph; no endpoint, direction, or capacity is inferred.",c2_topology,417.0,NPcGRhe,NPcGRh2TP,Greece,Greece,2040.0,0.0,0.0,"TYNDP infrastructure-level planning capacity, not observed operational availability.",,,
,,,,,,,,TYNDP2024_ANNEX_C2,"Annex C2, Detailed Nodes, Excel row 418",,outside_core_horizon,"Excluded from core graph; no endpoint, direction, or capacity is inferred.",c2_topology,418.0,NPcGRhe,NPcGRh2TP,Greece,Greece,2050.0,0.0,0.0,"TYNDP infrastructure-level planning capacity, not observed operational availability.",,,
,,,,,,,,TYNDP2024_ANNEX_C2,"Annex C2, Detailed Nodes, Excel row 421",,outside_core_horizon,"Excluded from core graph; no endpoint, direction, or capacity is inferred.",c2_topology,421.0,GRh2,ITh2,Greece,Italy,2050.0,0.0,0.0,"TYNDP infrastructure-level planning capacity, not observed operational availability.",,,
,,,,,,,,TYNDP2024_ANNEX_C2,"Annex C2, Detailed Nodes, Excel row 424",,outside_core_horizon,"Excluded from core graph; no endpoint, direction, or capacity is inferred.",c2_topology,424.0,GRh2,TRh2,Greece,Turkey,2050.0,0.0,0.0,"TYNDP infrastructure-level planning capacity, not observed operational availability.",,,
,,,,,,,,TYNDP2024_ANNEX_C2,"Annex C2, Detailed Nodes, Excel row 427",,outside_core_horizon,"Excluded from core graph; no endpoint, direction, or capacity is inferred.",c2_topology,427.0,HUh2,ATh2,Hungary,Austria,2050.0,0.0,0.0,"TYNDP infrastructure-level planning capacity, not observed operational availability.",,,
,,,,,,,,TYNDP2024_ANNEX_C2,"Annex C2, Detailed Nodes, Excel row 430",,outside_core_horizon,"Excluded from core graph; no endpoint, direction, or capacity is inferred.",c2_topology,430.0,HUh2,HRh2,Hungary,Croatia,2050.0,0.0,0.0,"TYNDP infrastructure-level planning capacity, not observed operational availability.",,,
,,,,,,,,TYNDP2024_ANNEX_C2,"Annex C2, Detailed Nodes, Excel row 431",,endpoint_not_terminal_or_backbone,"Excluded from core graph; no endpoint, direction, or capacity is inferred.",c2_topology,431.0,HUh2,IB-STcHUh2,Hungary,Hungary,2030.0,0.0,0.0,"TYNDP infrastructure-level planning capacity, not observed operational availability.",,,
,,,,,,,,TYNDP2024_ANNEX_C2,"Annex C2, Detailed Nodes, Excel row 432",,endpoint_not_terminal_or_backbone,"Excluded from core graph; no endpoint, direction, or capacity is inferred.",c2_topology,432.0,HUh2,IB-STcHUh2,Hungary,Hungary,2040.0,0.0,0.0,"TYNDP infrastructure-level planning capacity, not observed operational availability.",,,
,,,,,,,,TYNDP2024_ANNEX_C2,"Annex C2, Detailed Nodes, Excel row 433",,outside_core_horizon,"Excluded from core graph; no endpoint, direction, or capacity is inferred.",c2_topology,433.0,HUh2,IB-STcHUh2,Hungary,Hungary,2050.0,0.0,0.0,"TYNDP infrastructure-level planning capacity, not observed operational availability.",,,
,,,,,,,,TYNDP2024_ANNEX_C2,"Annex C2, Detailed Nodes, Excel row 434",,endpoint_not_terminal_or_backbone,"Excluded from core graph; no endpoint, direction, or capacity is inferred.",c2_topology,434.0,IB-STcHUh2,HUh2,Hungary,Hungary,2030.0,0.0,0.0,"TYNDP infrastructure-level planning capacity, not observed operational availability.",,,
,,,,,,,,TYNDP2024_ANNEX_C2,"Annex C2, Detailed Nodes, Excel row 435",,endpoint_not_terminal_or_backbone,"Excluded from core graph; no endpoint, direction, or capacity is inferred.",c2_topology,435.0,IB-STcHUh2,HUh2,Hungary,Hungary,2040.0,0.0,0.0,"TYNDP infrastructure-level planning capacity, not observed operational availability.",,,
,,,,,,,,TYNDP2024_ANNEX_C2,"Annex C2, Detailed Nodes, Excel row 436",,outside_core_horizon,"Excluded from core graph; no endpoint, direction, or capacity is inferred.",c2_topology,436.0,IB-STcHUh2,HUh2,Hungary,Hungary,2050.0,0.0,0.0,"TYNDP infrastructure-level planning capacity, not observed operational availability.",,,
,,,,,,,,TYNDP2024_ANNEX_C2,"Annex C2, Detailed Nodes, Excel row 437",,endpoint_not_terminal_or_backbone,"Excluded from core graph; no endpoint, direction, or capacity is inferred.",c2_topology,437.0,NPcHUh2TP,HUh2,Hungary,Hungary,2030.0,0.0,0.0,"TYNDP infrastructure-level planning capacity, not observed operational availability.",,,
,,,,,,,,TYNDP2024_ANNEX_C2,"Annex C2, Detailed Nodes, Excel row 438",,endpoint_not_terminal_or_backbone,"Excluded from core graph; no endpoint, direction, or capacity is inferred.",c2_topology,438.0,NPcHUh2TP,HUh2,Hungary,Hungary,2040.0,0.0,0.0,"TYNDP infrastructure-level planning capacity, not observed operational availability.",,,
,,,,,,,,TYNDP2024_ANNEX_C2,"Annex C2, Detailed Nodes, Excel row 439",,outside_core_horizon,"Excluded from core graph; no endpoint, direction, or capacity is inferred.",c2_topology,439.0,NPcHUh2TP,HUh2,Hungary,Hungary,2050.0,0.0,0.0,"TYNDP infrastructure-level planning capacity, not observed operational availability.",,,
,,,,,,,,TYNDP2024_ANNEX_C2,"Annex C2, Detailed Nodes, Excel row 442",,outside_core_horizon,"Excluded from core graph; no endpoint, direction, or capacity is inferred.",c2_topology,442.0,HUh2,ROh2,Hungary,Romania,2050.0,0.0,76.8,"TYNDP infrastructure-level planning capacity, not observed operational availability.",,,
,,,,,,,,TYNDP2024_ANNEX_C2,"Annex C2, Detailed Nodes, Excel row 445",,outside_core_horizon,"Excluded from core graph; no endpoint, direction, or capacity is inferred.",c2_topology,445.0,HUh2,RSh2,Hungary,Serbia,2050.0,0.0,0.0,"TYNDP infrastructure-level planning capacity, not observed operational availability.",,,
,,,,,,,,TYNDP2024_ANNEX_C2,"Annex C2, Detailed Nodes, Excel row 448",,outside_core_horizon,"Excluded from core graph; no endpoint, direction, or capacity is inferred.",c2_topology,448.0,HUh2,IB-SKh2C,Hungary,Slovakia,2050.0,0.0,100.0,"TYNDP infrastructure-level planning capacity, not observed operational availability.",,,
,,,,,,,,TYNDP2024_ANNEX_C2,"Annex C2, Detailed Nodes, Excel row 451",,outside_core_horizon,"Excluded from core graph; no endpoint, direction, or capacity is inferred.",c2_topology,451.0,HUh2,SIh2,Hungary,Slovenia,2050.0,0.0,0.0,"TYNDP infrastructure-level planning capacity, not observed operational availability.",,,
,,,,,,,,TYNDP2024_ANNEX_C2,"Annex C2, Detailed Nodes, Excel row 454",,outside_core_horizon,"Excluded from core graph; no endpoint, direction, or capacity is inferred.",c2_topology,454.0,HUh2,UAh2,Hungary,Ukraine,2050.0,0.0,0.0,"TYNDP infrastructure-level planning capacity, not observed operational availability.",,,
,,,,,,,,TYNDP2024_ANNEX_C2,"Annex C2, Detailed Nodes, Excel row 455",,endpoint_not_terminal_or_backbone,"Excluded from core graph; no endpoint, direction, or capacity is inferred.",c2_topology,455.0,NPcIEh2TP,IEh2,Ireland,Ireland,2030.0,0.0,0.0,"TYNDP infrastructure-level planning capacity, not observed operational availability.",,,
,,,,,,,,TYNDP2024_ANNEX_C2,"Annex C2, Detailed Nodes, Excel row 456",,endpoint_not_terminal_or_backbone,"Excluded from core graph; no endpoint, direction, or capacity is inferred.",c2_topology,456.0,NPcIEh2TP,IEh2,Ireland,Ireland,2040.0,0.0,0.0,"TYNDP infrastructure-level planning capacity, not observed operational availability.",,,
,,,,,,,,TYNDP2024_ANNEX_C2,"Annex C2, Detailed Nodes, Excel row 457",,outside_core_horizon,"Excluded from core graph; no endpoint, direction, or capacity is inferred.",c2_topology,457.0,NPcIEh2TP,IEh2,Ireland,Ireland,2050.0,0.0,0.0,"TYNDP infrastructure-level planning capacity, not observed operational availability.",,,
,,,,,,,,TYNDP2024_ANNEX_C2,"Annex C2, Detailed Nodes, Excel row 460",,outside_core_horizon,"Excluded from core graph; no endpoint, direction, or capacity is inferred.",c2_topology,460.0,IEh2,UKh2,Ireland,United Kingdom,2050.0,0.0,0.0,"TYNDP infrastructure-level planning capacity, not observed operational availability.",,,
,,,,,,,,TYNDP2024_ANNEX_C2,"Annex C2, Detailed Nodes, Excel row 463",,outside_core_horizon,"Excluded from core graph; no endpoint, direction, or capacity is inferred.",c2_topology,463.0,ILh2,GRh2,Israel,Greece,2050.0,0.0,0.0,"TYNDP infrastructure-level planning capacity, not observed operational availability.",,,
,,,,,,,,TYNDP2024_ANNEX_C2,"Annex C2, Detailed Nodes, Excel row 466",,outside_core_horizon,"Excluded from core graph; no endpoint, direction, or capacity is inferred.",c2_topology,466.0,IB-ITh2,ATh2,Italy,Austria,2050.0,168.0,168.0,"TYNDP infrastructure-level planning capacity, not observed operational availability.",,,
,,,,,,,,TYNDP2024_ANNEX_C2,"Annex C2, Detailed Nodes, Excel row 469",,outside_core_horizon,"Excluded from core graph; no endpoint, direction, or capacity is inferred.",c2_topology,469.0,ITh2,GRh2,Italy,Greece,2050.0,0.0,0.0,"TYNDP infrastructure-level planning capacity, not observed operational availability.",,,
,,,,,,,,TYNDP2024_ANNEX_C2,"Annex C2, Detailed Nodes, Excel row 470",,endpoint_not_terminal_or_backbone,"Excluded from core graph; no endpoint, direction, or capacity is inferred.",c2_topology,470.0,IB-STcITh2,ITh2,Italy,Italy,2030.0,0.0,0.0,"TYNDP infrastructure-level planning capacity, not observed operational availability.",,,
,,,,,,,,TYNDP2024_ANNEX_C2,"Annex C2, Detailed Nodes, Excel row 471",,endpoint_not_terminal_or_backbone,"Excluded from core graph; no endpoint, direction, or capacity is inferred.",c2_topology,471.0,IB-STcITh2,ITh2,Italy,Italy,2040.0,0.0,6.0,"TYNDP infrastructure-level planning capacity, not observed operational availability.",,,
,,,,,,,,TYNDP2024_ANNEX_C2,"Annex C2, Detailed Nodes, Excel row 472",,outside_core_horizon,"Excluded from core graph; no endpoint, direction, or capacity is inferred.",c2_topology,472.0,IB-STcITh2,ITh2,Italy,Italy,2050.0,0.0,6.0,"TYNDP infrastructure-level planning capacity, not observed operational availability.",,,
,,,,,,,,TYNDP2024_ANNEX_C2,"Annex C2, Detailed Nodes, Excel row 475",,outside_core_horizon,"Excluded from core graph; no endpoint, direction, or capacity is inferred.",c2_topology,475.0,ITh2,IB-ITh2,Italy,Italy,2050.0,200.0,200.0,"TYNDP infrastructure-level planning capacity, not observed operational availability.",,,
,,,,,,,,TYNDP2024_ANNEX_C2,"Annex C2, Detailed Nodes, Excel row 476",,endpoint_not_terminal_or_backbone,"Excluded from core graph; no endpoint, direction, or capacity is inferred.",c2_topology,476.0,ITh2,IB-STcITh2,Italy,Italy,2030.0,0.0,0.0,"TYNDP infrastructure-level planning capacity, not observed operational availability.",,,
,,,,,,,,TYNDP2024_ANNEX_C2,"Annex C2, Detailed Nodes, Excel row 477",,endpoint_not_terminal_or_backbone,"Excluded from core graph; no endpoint, direction, or capacity is inferred.",c2_topology,477.0,ITh2,IB-STcITh2,Italy,Italy,2040.0,0.0,6.0,"TYNDP infrastructure-level planning capacity, not observed operational availability.",,,
,,,,,,,,TYNDP2024_ANNEX_C2,"Annex C2, Detailed Nodes, Excel row 478",,outside_core_horizon,"Excluded from core graph; no endpoint, direction, or capacity is inferred.",c2_topology,478.0,ITh2,IB-STcITh2,Italy,Italy,2050.0,0.0,6.0,"TYNDP infrastructure-level planning capacity, not observed operational availability.",,,
,,,,,,,,TYNDP2024_ANNEX_C2,"Annex C2, Detailed Nodes, Excel row 481",,outside_core_horizon,"Excluded from core graph; no endpoint, direction, or capacity is inferred.",c2_topology,481.0,LH2_Tk_ITa,IB-ITh2,Italy,Italy,2050.0,0.0,0.0,"TYNDP infrastructure-level planning capacity, not observed operational availability.",,,
,,,,,,,,TYNDP2024_ANNEX_C2,"Annex C2, Detailed Nodes, Excel row 482",,endpoint_not_terminal_or_backbone,"Excluded from core graph; no endpoint, direction, or capacity is inferred.",c2_topology,482.0,NPcITh2TP,ITh2,Italy,Italy,2030.0,0.0,8.6,"TYNDP infrastructure-level planning capacity, not observed operational availability.",,,
,,,,,,,,TYNDP2024_ANNEX_C2,"Annex C2, Detailed Nodes, Excel row 483",,endpoint_not_terminal_or_backbone,"Excluded from core graph; no endpoint, direction, or capacity is inferred.",c2_topology,483.0,NPcITh2TP,ITh2,Italy,Italy,2040.0,0.0,8.6,"TYNDP infrastructure-level planning capacity, not observed operational availability.",,,
,,,,,,,,TYNDP2024_ANNEX_C2,"Annex C2, Detailed Nodes, Excel row 484",,outside_core_horizon,"Excluded from core graph; no endpoint, direction, or capacity is inferred.",c2_topology,484.0,NPcITh2TP,ITh2,Italy,Italy,2050.0,0.0,8.6,"TYNDP infrastructure-level planning capacity, not observed operational availability.",,,
,,,,,,,,TYNDP2024_ANNEX_C2,"Annex C2, Detailed Nodes, Excel row 485",,endpoint_not_terminal_or_backbone,"Excluded from core graph; no endpoint, direction, or capacity is inferred.",c2_topology,485.0,NPcIThe,NPcITh2TP,Italy,Italy,2030.0,0.0,3.081,"TYNDP infrastructure-level planning capacity, not observed operational availability.",,,
,,,,,,,,TYNDP2024_ANNEX_C2,"Annex C2, Detailed Nodes, Excel row 486",,endpoint_not_terminal_or_backbone,"Excluded from core graph; no endpoint, direction, or capacity is inferred.",c2_topology,486.0,NPcIThe,NPcITh2TP,Italy,Italy,2040.0,0.0,25.189,"TYNDP infrastructure-level planning capacity, not observed operational availability.",,,
,,,,,,,,TYNDP2024_ANNEX_C2,"Annex C2, Detailed Nodes, Excel row 487",,outside_core_horizon,"Excluded from core graph; no endpoint, direction, or capacity is inferred.",c2_topology,487.0,NPcIThe,NPcITh2TP,Italy,Italy,2050.0,0.0,25.189,"TYNDP infrastructure-level planning capacity, not observed operational availability.",,,
,,,,,,,,TYNDP2024_ANNEX_C2,"Annex C2, Detailed Nodes, Excel row 490",,outside_core_horizon,"Excluded from core graph; no endpoint, direction, or capacity is inferred.",c2_topology,490.0,ITh2,SIh2,Italy,Slovenia,2050.0,0.0,0.0,"TYNDP infrastructure-level planning capacity, not observed operational availability.",,,
,,,,,,,,TYNDP2024_ANNEX_C2,"Annex C2, Detailed Nodes, Excel row 493",,outside_core_horizon,"Excluded from core graph; no endpoint, direction, or capacity is inferred.",c2_topology,493.0,ITh2,ESh2,Italy,Spain,2050.0,0.0,0.0,"TYNDP infrastructure-level planning capacity, not observed operational availability.",,,
,,,,,,,,TYNDP2024_ANNEX_C2,"Annex C2, Detailed Nodes, Excel row 496",,outside_core_horizon,"Excluded from core graph; no endpoint, direction, or capacity is inferred.",c2_topology,496.0,IB-ITh2,CHh2,Italy,Switzerland,2050.0,0.0,0.0,"TYNDP infrastructure-level planning capacity, not observed operational availability.",,,
,,,,,,,,TYNDP2024_ANNEX_C2,"Annex C2, Detailed Nodes, Excel row 499",,outside_core_horizon,"Excluded from core graph; no endpoint, direction, or capacity is inferred.",c2_topology,499.0,LVh2,EEh2,Latvia,Estonia,2050.0,100.0,100.0,"TYNDP infrastructure-level planning capacity, not observed operational availability.",,,
,,,,,,,,TYNDP2024_ANNEX_C2,"Annex C2, Detailed Nodes, Excel row 500",,endpoint_not_terminal_or_backbone,"Excluded from core graph; no endpoint, direction, or capacity is inferred.",c2_topology,500.0,IB-STcLVh2,LVh2,Latvia,Latvia,2030.0,0.0,0.0,"TYNDP infrastructure-level planning capacity, not observed operational availability.",,,
,,,,,,,,TYNDP2024_ANNEX_C2,"Annex C2, Detailed Nodes, Excel row 501",,endpoint_not_terminal_or_backbone,"Excluded from core graph; no endpoint, direction, or capacity is inferred.",c2_topology,501.0,IB-STcLVh2,LVh2,Latvia,Latvia,2040.0,0.0,0.0,"TYNDP infrastructure-level planning capacity, not observed operational availability.",,,
,,,,,,,,TYNDP2024_ANNEX_C2,"Annex C2, Detailed Nodes, Excel row 502",,outside_core_horizon,"Excluded from core graph; no endpoint, direction, or capacity is inferred.",c2_topology,502.0,IB-STcLVh2,LVh2,Latvia,Latvia,2050.0,0.0,0.0,"TYNDP infrastructure-level planning capacity, not observed operational availability.",,,
,,,,,,,,TYNDP2024_ANNEX_C2,"Annex C2, Detailed Nodes, Excel row 503",,endpoint_not_terminal_or_backbone,"Excluded from core graph; no endpoint, direction, or capacity is inferred.",c2_topology,503.0,LVh2,IB-STcLVh2,Latvia,Latvia,2030.0,0.0,0.0,"TYNDP infrastructure-level planning capacity, not observed operational availability.",,,
,,,,,,,,TYNDP2024_ANNEX_C2,"Annex C2, Detailed Nodes, Excel row 504",,endpoint_not_terminal_or_backbone,"Excluded from core graph; no endpoint, direction, or capacity is inferred.",c2_topology,504.0,LVh2,IB-STcLVh2,Latvia,Latvia,2040.0,0.0,0.0,"TYNDP infrastructure-level planning capacity, not observed operational availability.",,,
,,,,,,,,TYNDP2024_ANNEX_C2,"Annex C2, Detailed Nodes, Excel row 505",,outside_core_horizon,"Excluded from core graph; no endpoint, direction, or capacity is inferred.",c2_topology,505.0,LVh2,IB-STcLVh2,Latvia,Latvia,2050.0,0.0,0.0,"TYNDP infrastructure-level planning capacity, not observed operational availability.",,,
,,,,,,,,TYNDP2024_ANNEX_C2,"Annex C2, Detailed Nodes, Excel row 506",,endpoint_not_terminal_or_backbone,"Excluded from core graph; no endpoint, direction, or capacity is inferred.",c2_topology,506.0,NPcLVh2TP,LVh2,Latvia,Latvia,2030.0,0.0,0.0,"TYNDP infrastructure-level planning capacity, not observed operational availability.",,,
,,,,,,,,TYNDP2024_ANNEX_C2,"Annex C2, Detailed Nodes, Excel row 507",,endpoint_not_terminal_or_backbone,"Excluded from core graph; no endpoint, direction, or capacity is inferred.",c2_topology,507.0,NPcLVh2TP,LVh2,Latvia,Latvia,2040.0,0.0,0.0,"TYNDP infrastructure-level planning capacity, not observed operational availability.",,,
,,,,,,,,TYNDP2024_ANNEX_C2,"Annex C2, Detailed Nodes, Excel row 508",,outside_core_horizon,"Excluded from core graph; no endpoint, direction, or capacity is inferred.",c2_topology,508.0,NPcLVh2TP,LVh2,Latvia,Latvia,2050.0,0.0,0.0,"TYNDP infrastructure-level planning capacity, not observed operational availability.",,,
,,,,,,,,TYNDP2024_ANNEX_C2,"Annex C2, Detailed Nodes, Excel row 511",,outside_core_horizon,"Excluded from core graph; no endpoint, direction, or capacity is inferred.",c2_topology,511.0,LVh2,LTh2,Latvia,Lithuania,2050.0,200.0,200.0,"TYNDP infrastructure-level planning capacity, not observed operational availability.",,,
,,,,,,,,TYNDP2024_ANNEX_C2,"Annex C2, Detailed Nodes, Excel row 514",,outside_core_horizon,"Excluded from core graph; no endpoint, direction, or capacity is inferred.",c2_topology,514.0,LTh2,LVh2,Lithuania,Latvia,2050.0,100.0,100.0,"TYNDP infrastructure-level planning capacity, not observed operational availability.",,,
,,,,,,,,TYNDP2024_ANNEX_C2,"Annex C2, Detailed Nodes, Excel row 515",,endpoint_not_terminal_or_backbone,"Excluded from core graph; no endpoint, direction, or capacity is inferred.",c2_topology,515.0,NPcLTh2TP,LTh2,Lithuania,Lithuania,2030.0,15.0,15.0,"TYNDP infrastructure-level planning capacity, not observed operational availability.",,,
,,,,,,,,TYNDP2024_ANNEX_C2,"Annex C2, Detailed Nodes, Excel row 516",,endpoint_not_terminal_or_backbone,"Excluded from core graph; no endpoint, direction, or capacity is inferred.",c2_topology,516.0,NPcLTh2TP,LTh2,Lithuania,Lithuania,2040.0,15.0,15.0,"TYNDP infrastructure-level planning capacity, not observed operational availability.",,,
,,,,,,,,TYNDP2024_ANNEX_C2,"Annex C2, Detailed Nodes, Excel row 517",,outside_core_horizon,"Excluded from core graph; no endpoint, direction, or capacity is inferred.",c2_topology,517.0,NPcLTh2TP,LTh2,Lithuania,Lithuania,2050.0,30.0,30.0,"TYNDP infrastructure-level planning capacity, not observed operational availability.",,,
,,,,,,,,TYNDP2024_ANNEX_C2,"Annex C2, Detailed Nodes, Excel row 520",,outside_core_horizon,"Excluded from core graph; no endpoint, direction, or capacity is inferred.",c2_topology,520.0,LTh2,PLh2nbc,Lithuania,Poland,2050.0,200.0,200.0,"TYNDP infrastructure-level planning capacity, not observed operational availability.",,,
,,,,,,,,TYNDP2024_ANNEX_C2,"Annex C2, Detailed Nodes, Excel row 523",,outside_core_horizon,"Excluded from core graph; no endpoint, direction, or capacity is inferred.",c2_topology,523.0,LUh2,BEh2,Luxemburg,Belgium,2050.0,0.0,0.0,"TYNDP infrastructure-level planning capacity, not observed operational availability.",,,
,,,,,,,,TYNDP2024_ANNEX_C2,"Annex C2, Detailed Nodes, Excel row 526",,outside_core_horizon,"Excluded from core graph; no endpoint, direction, or capacity is inferred.",c2_topology,526.0,LUh2,FRh2,Luxemburg,France,2050.0,0.0,0.0,"TYNDP infrastructure-level planning capacity, not observed operational availability.",,,
,,,,,,,,TYNDP2024_ANNEX_C2,"Annex C2, Detailed Nodes, Excel row 527",,endpoint_not_terminal_or_backbone,"Excluded from core graph; no endpoint, direction, or capacity is inferred.",c2_topology,527.0,NPcLUh2TP,LUh2,Luxemburg,Luxemburg,2030.0,0.0,0.0,"TYNDP infrastructure-level planning capacity, not observed operational availability.",,,
,,,,,,,,TYNDP2024_ANNEX_C2,"Annex C2, Detailed Nodes, Excel row 528",,endpoint_not_terminal_or_backbone,"Excluded from core graph; no endpoint, direction, or capacity is inferred.",c2_topology,528.0,NPcLUh2TP,LUh2,Luxemburg,Luxemburg,2040.0,0.0,0.0,"TYNDP infrastructure-level planning capacity, not observed operational availability.",,,
,,,,,,,,TYNDP2024_ANNEX_C2,"Annex C2, Detailed Nodes, Excel row 529",,outside_core_horizon,"Excluded from core graph; no endpoint, direction, or capacity is inferred.",c2_topology,529.0,NPcLUh2TP,LUh2,Luxemburg,Luxemburg,2050.0,0.0,0.0,"TYNDP infrastructure-level planning capacity, not observed operational availability.",,,
,,,,,,,,TYNDP2024_ANNEX_C2,"Annex C2, Detailed Nodes, Excel row 532",,outside_core_horizon,"Excluded from core graph; no endpoint, direction, or capacity is inferred.",c2_topology,532.0,MDh2,ROh2,Moldavia,Romania,2050.0,0.0,0.0,"TYNDP infrastructure-level planning capacity, not observed operational availability.",,,
,,,,,,,,TYNDP2024_ANNEX_C2,"Annex C2, Detailed Nodes, Excel row 535",,outside_core_horizon,"Excluded from core graph; no endpoint, direction, or capacity is inferred.",c2_topology,535.0,MAh2,ESh2,Morocco,Spain,2050.0,106.0,106.0,"TYNDP infrastructure-level planning capacity, not observed operational availability.",,,
,,,,,,,,TYNDP2024_ANNEX_C2,"Annex C2, Detailed Nodes, Excel row 538",,outside_core_horizon,"Excluded from core graph; no endpoint, direction, or capacity is inferred.",c2_topology,538.0,NLh2,BEh2,Netherlands,Belgium,2050.0,120.0,120.0,"TYNDP infrastructure-level planning capacity, not observed operational availability.",,,
,,,,,,,,TYNDP2024_ANNEX_C2,"Annex C2, Detailed Nodes, Excel row 541",,outside_core_horizon,"Excluded from core graph; no endpoint, direction, or capacity is inferred.",c2_topology,541.0,NLh2,DEh2,Netherlands,Germany,2050.0,204.0,280.8,"TYNDP infrastructure-level planning capacity, not observed operational availability.",,,
,,,,,,,,TYNDP2024_ANNEX_C2,"Annex C2, Detailed Nodes, Excel row 542",,endpoint_not_terminal_or_backbone,"Excluded from core graph; no endpoint, direction, or capacity is inferred.",c2_topology,542.0,IB-STcNLh2,NLh2,Netherlands,Netherlands,2030.0,3.3,3.3,"TYNDP infrastructure-level planning capacity, not observed operational availability.",,,
,,,,,,,,TYNDP2024_ANNEX_C2,"Annex C2, Detailed Nodes, Excel row 543",,endpoint_not_terminal_or_backbone,"Excluded from core graph; no endpoint, direction, or capacity is inferred.",c2_topology,543.0,IB-STcNLh2,NLh2,Netherlands,Netherlands,2040.0,13.2,13.2,"TYNDP infrastructure-level planning capacity, not observed operational availability.",,,
,,,,,,,,TYNDP2024_ANNEX_C2,"Annex C2, Detailed Nodes, Excel row 544",,outside_core_horizon,"Excluded from core graph; no endpoint, direction, or capacity is inferred.",c2_topology,544.0,IB-STcNLh2,NLh2,Netherlands,Netherlands,2050.0,13.2,13.2,"TYNDP infrastructure-level planning capacity, not observed operational availability.",,,
,,,,,,,,TYNDP2024_ANNEX_C2,"Annex C2, Detailed Nodes, Excel row 547",,outside_core_horizon,"Excluded from core graph; no endpoint, direction, or capacity is inferred.",c2_topology,547.0,LH2_Tk_NL,NLh2,Netherlands,Netherlands,2050.0,177.1,222.6,"TYNDP infrastructure-level planning capacity, not observed operational availability.",,,
,,,,,,,,TYNDP2024_ANNEX_C2,"Annex C2, Detailed Nodes, Excel row 548",,endpoint_not_terminal_or_backbone,"Excluded from core graph; no endpoint, direction, or capacity is inferred.",c2_topology,548.0,NLh2,IB-STcNLh2,Netherlands,Netherlands,2030.0,3.3,3.3,"TYNDP infrastructure-level planning capacity, not observed operational availability.",,,
,,,,,,,,TYNDP2024_ANNEX_C2,"Annex C2, Detailed Nodes, Excel row 549",,endpoint_not_terminal_or_backbone,"Excluded from core graph; no endpoint, direction, or capacity is inferred.",c2_topology,549.0,NLh2,IB-STcNLh2,Netherlands,Netherlands,2040.0,13.2,13.2,"TYNDP infrastructure-level planning capacity, not observed operational availability.",,,
,,,,,,,,TYNDP2024_ANNEX_C2,"Annex C2, Detailed Nodes, Excel row 550",,outside_core_horizon,"Excluded from core graph; no endpoint, direction, or capacity is inferred.",c2_topology,550.0,NLh2,IB-STcNLh2,Netherlands,Netherlands,2050.0,13.2,13.2,"TYNDP infrastructure-level planning capacity, not observed operational availability.",,,
,,,,,,,,TYNDP2024_ANNEX_C2,"Annex C2, Detailed Nodes, Excel row 551",,endpoint_not_terminal_or_backbone,"Excluded from core graph; no endpoint, direction, or capacity is inferred.",c2_topology,551.0,NPcNLh2TP,NLh2,Netherlands,Netherlands,2030.0,0.0,0.0,"TYNDP infrastructure-level planning capacity, not observed operational availability.",,,
,,,,,,,,TYNDP2024_ANNEX_C2,"Annex C2, Detailed Nodes, Excel row 552",,endpoint_not_terminal_or_backbone,"Excluded from core graph; no endpoint, direction, or capacity is inferred.",c2_topology,552.0,NPcNLh2TP,NLh2,Netherlands,Netherlands,2040.0,0.0,0.0,"TYNDP infrastructure-level planning capacity, not observed operational availability.",,,
,,,,,,,,TYNDP2024_ANNEX_C2,"Annex C2, Detailed Nodes, Excel row 553",,outside_core_horizon,"Excluded from core graph; no endpoint, direction, or capacity is inferred.",c2_topology,553.0,NPcNLh2TP,NLh2,Netherlands,Netherlands,2050.0,0.0,0.0,"TYNDP infrastructure-level planning capacity, not observed operational availability.",,,
,,,,,,,,TYNDP2024_ANNEX_C2,"Annex C2, Detailed Nodes, Excel row 554",,endpoint_not_terminal_or_backbone,"Excluded from core graph; no endpoint, direction, or capacity is inferred.",c2_topology,554.0,NPcNLhe,NPcNLh2TP,Netherlands,Netherlands,2030.0,0.0,0.0,"TYNDP infrastructure-level planning capacity, not observed operational availability.",,,
,,,,,,,,TYNDP2024_ANNEX_C2,"Annex C2, Detailed Nodes, Excel row 555",,endpoint_not_terminal_or_backbone,"Excluded from core graph; no endpoint, direction, or capacity is inferred.",c2_topology,555.0,NPcNLhe,NPcNLh2TP,Netherlands,Netherlands,2040.0,0.0,0.0,"TYNDP infrastructure-level planning capacity, not observed operational availability.",,,
,,,,,,,,TYNDP2024_ANNEX_C2,"Annex C2, Detailed Nodes, Excel row 556",,outside_core_horizon,"Excluded from core graph; no endpoint, direction, or capacity is inferred.",c2_topology,556.0,NPcNLhe,NPcNLh2TP,Netherlands,Netherlands,2050.0,0.0,0.0,"TYNDP infrastructure-level planning capacity, not observed operational availability.",,,
,,,,,,,,TYNDP2024_ANNEX_C2,"Annex C2, Detailed Nodes, Excel row 559",,outside_core_horizon,"Excluded from core graph; no endpoint, direction, or capacity is inferred.",c2_topology,559.0,NLh2,UKh2,Netherlands,United Kingdom,2050.0,0.0,0.0,"TYNDP infrastructure-level planning capacity, not observed operational availability.",,,
,,,,,,,,TYNDP2024_ANNEX_C2,"Annex C2, Detailed Nodes, Excel row 562",,outside_core_horizon,"Excluded from core graph; no endpoint, direction, or capacity is inferred.",c2_topology,562.0,NOh2,DKh2,Norway,Denmark,2050.0,0.0,0.0,"TYNDP infrastructure-level planning capacity, not observed operational availability.",,,
,,,,,,,,TYNDP2024_ANNEX_C2,"Annex C2, Detailed Nodes, Excel row 565",,outside_core_horizon,"Excluded from core graph; no endpoint, direction, or capacity is inferred.",c2_topology,565.0,Y-NOh2,DEh2,Norway,Germany,2050.0,432.0,432.0,"TYNDP infrastructure-level planning capacity, not observed operational availability.",,,
,,,,,,,,TYNDP2024_ANNEX_C2,"Annex C2, Detailed Nodes, Excel row 566",,endpoint_not_terminal_or_backbone,"Excluded from core graph; no endpoint, direction, or capacity is inferred.",c2_topology,566.0,NOh2,LH2_Tk_NO,Norway,Norway,2030.0,0.0,0.0,"TYNDP infrastructure-level planning capacity, not observed operational availability.",,,
,,,,,,,,TYNDP2024_ANNEX_C2,"Annex C2, Detailed Nodes, Excel row 567",,endpoint_not_terminal_or_backbone,"Excluded from core graph; no endpoint, direction, or capacity is inferred.",c2_topology,567.0,NOh2,LH2_Tk_NO,Norway,Norway,2040.0,0.0,0.0,"TYNDP infrastructure-level planning capacity, not observed operational availability.",,,
,,,,,,,,TYNDP2024_ANNEX_C2,"Annex C2, Detailed Nodes, Excel row 568",,outside_core_horizon,"Excluded from core graph; no endpoint, direction, or capacity is inferred.",c2_topology,568.0,NOh2,LH2_Tk_NO,Norway,Norway,2050.0,0.0,0.0,"TYNDP infrastructure-level planning capacity, not observed operational availability.",,,
,,,,,,,,TYNDP2024_ANNEX_C2,"Annex C2, Detailed Nodes, Excel row 571",,outside_core_horizon,"Excluded from core graph; no endpoint, direction, or capacity is inferred.",c2_topology,571.0,NOh2,Y-NOh2,Norway,Norway,2050.0,432.0,432.0,"TYNDP infrastructure-level planning capacity, not observed operational availability.",,,
,,,,,,,,TYNDP2024_ANNEX_C2,"Annex C2, Detailed Nodes, Excel row 572",,endpoint_not_terminal_or_backbone,"Excluded from core graph; no endpoint, direction, or capacity is inferred.",c2_topology,572.0,NOhe,Y-NOh2,Norway,Norway,2030.0,0.0,0.0,"TYNDP infrastructure-level planning capacity, not observed operational availability.",,,
,,,,,,,,TYNDP2024_ANNEX_C2,"Annex C2, Detailed Nodes, Excel row 573",,endpoint_not_terminal_or_backbone,"Excluded from core graph; no endpoint, direction, or capacity is inferred.",c2_topology,573.0,NOhe,Y-NOh2,Norway,Norway,2040.0,0.0,0.0,"TYNDP infrastructure-level planning capacity, not observed operational availability.",,,
,,,,,,,,TYNDP2024_ANNEX_C2,"Annex C2, Detailed Nodes, Excel row 574",,outside_core_horizon,"Excluded from core graph; no endpoint, direction, or capacity is inferred.",c2_topology,574.0,NOhe,Y-NOh2,Norway,Norway,2050.0,0.0,0.0,"TYNDP infrastructure-level planning capacity, not observed operational availability.",,,
,,,,,,,,TYNDP2024_ANNEX_C2,"Annex C2, Detailed Nodes, Excel row 575",,endpoint_not_terminal_or_backbone,"Excluded from core graph; no endpoint, direction, or capacity is inferred.",c2_topology,575.0,NPcNOhe,NOhe,Norway,Norway,2030.0,0.0,0.0,"TYNDP infrastructure-level planning capacity, not observed operational availability.",,,
,,,,,,,,TYNDP2024_ANNEX_C2,"Annex C2, Detailed Nodes, Excel row 576",,endpoint_not_terminal_or_backbone,"Excluded from core graph; no endpoint, direction, or capacity is inferred.",c2_topology,576.0,NPcNOhe,NOhe,Norway,Norway,2040.0,0.0,0.0,"TYNDP infrastructure-level planning capacity, not observed operational availability.",,,
,,,,,,,,TYNDP2024_ANNEX_C2,"Annex C2, Detailed Nodes, Excel row 577",,outside_core_horizon,"Excluded from core graph; no endpoint, direction, or capacity is inferred.",c2_topology,577.0,NPcNOhe,NOhe,Norway,Norway,2050.0,0.0,0.0,"TYNDP infrastructure-level planning capacity, not observed operational availability.",,,
,,,,,,,,TYNDP2024_ANNEX_C2,"Annex C2, Detailed Nodes, Excel row 578",,endpoint_not_terminal_or_backbone,"Excluded from core graph; no endpoint, direction, or capacity is inferred.",c2_topology,578.0,Y-NOh2,NOhe,Norway,Norway,2030.0,0.0,0.0,"TYNDP infrastructure-level planning capacity, not observed operational availability.",,,
,,,,,,,,TYNDP2024_ANNEX_C2,"Annex C2, Detailed Nodes, Excel row 579",,endpoint_not_terminal_or_backbone,"Excluded from core graph; no endpoint, direction, or capacity is inferred.",c2_topology,579.0,Y-NOh2,NOhe,Norway,Norway,2040.0,0.0,0.0,"TYNDP infrastructure-level planning capacity, not observed operational availability.",,,
,,,,,,,,TYNDP2024_ANNEX_C2,"Annex C2, Detailed Nodes, Excel row 580",,outside_core_horizon,"Excluded from core graph; no endpoint, direction, or capacity is inferred.",c2_topology,580.0,Y-NOh2,NOhe,Norway,Norway,2050.0,0.0,0.0,"TYNDP infrastructure-level planning capacity, not observed operational availability.",,,
,,,,,,,,TYNDP2024_ANNEX_C2,"Annex C2, Detailed Nodes, Excel row 583",,outside_core_horizon,"Excluded from core graph; no endpoint, direction, or capacity is inferred.",c2_topology,583.0,PLh2S,CZh2,Poland,Czechia,2050.0,0.0,0.0,"TYNDP infrastructure-level planning capacity, not observed operational availability.",,,
,,,,,,,,TYNDP2024_ANNEX_C2,"Annex C2, Detailed Nodes, Excel row 586",,outside_core_horizon,"Excluded from core graph; no endpoint, direction, or capacity is inferred.",c2_topology,586.0,PLh2N,DKh2,Poland,Denmark,2050.0,0.0,0.0,"TYNDP infrastructure-level planning capacity, not observed operational availability.",,,
,,,,,,,,TYNDP2024_ANNEX_C2,"Annex C2, Detailed Nodes, Excel row 589",,outside_core_horizon,"Excluded from core graph; no endpoint, direction, or capacity is inferred.",c2_topology,589.0,PLh2N,FIh2Al,Poland,Finland,2050.0,0.0,0.0,"TYNDP infrastructure-level planning capacity, not observed operational availability.",,,
,,,,,,,,TYNDP2024_ANNEX_C2,"Annex C2, Detailed Nodes, Excel row 592",,outside_core_horizon,"Excluded from core graph; no endpoint, direction, or capacity is inferred.",c2_topology,592.0,PLh2N,DEh2,Poland,Germany,2050.0,0.0,19.2,"TYNDP infrastructure-level planning capacity, not observed operational availability.",,,
,,,,,,,,TYNDP2024_ANNEX_C2,"Annex C2, Detailed Nodes, Excel row 595",,outside_core_horizon,"Excluded from core graph; no endpoint, direction, or capacity is inferred.",c2_topology,595.0,PLh2nbc,DEh2,Poland,Germany,2050.0,200.0,200.0,"TYNDP infrastructure-level planning capacity, not observed operational availability.",,,
,,,,,,,,TYNDP2024_ANNEX_C2,"Annex C2, Detailed Nodes, Excel row 598",,outside_core_horizon,"Excluded from core graph; no endpoint, direction, or capacity is inferred.",c2_topology,598.0,PLh2nbc,LTh2,Poland,Lithuania,2050.0,100.0,100.0,"TYNDP infrastructure-level planning capacity, not observed operational availability.",,,
,,,,,,,,TYNDP2024_ANNEX_C2,"Annex C2, Detailed Nodes, Excel row 599",,endpoint_not_terminal_or_backbone,"Excluded from core graph; no endpoint, direction, or capacity is inferred.",c2_topology,599.0,IB-STcPLh2N,PLh2N,Poland,Poland,2030.0,0.0,0.0,"TYNDP infrastructure-level planning capacity, not observed operational availability.",,,
,,,,,,,,TYNDP2024_ANNEX_C2,"Annex C2, Detailed Nodes, Excel row 600",,endpoint_not_terminal_or_backbone,"Excluded from core graph; no endpoint, direction, or capacity is inferred.",c2_topology,600.0,IB-STcPLh2N,PLh2N,Poland,Poland,2040.0,0.0,0.0,"TYNDP infrastructure-level planning capacity, not observed operational availability.",,,
,,,,,,,,TYNDP2024_ANNEX_C2,"Annex C2, Detailed Nodes, Excel row 601",,outside_core_horizon,"Excluded from core graph; no endpoint, direction, or capacity is inferred.",c2_topology,601.0,IB-STcPLh2N,PLh2N,Poland,Poland,2050.0,0.0,0.0,"TYNDP infrastructure-level planning capacity, not observed operational availability.",,,
,,,,,,,,TYNDP2024_ANNEX_C2,"Annex C2, Detailed Nodes, Excel row 602",,endpoint_not_terminal_or_backbone,"Excluded from core graph; no endpoint, direction, or capacity is inferred.",c2_topology,602.0,IB-STcPLh2nbc,PLh2nbc,Poland,Poland,2030.0,0.0,0.0,"TYNDP infrastructure-level planning capacity, not observed operational availability.",,,
,,,,,,,,TYNDP2024_ANNEX_C2,"Annex C2, Detailed Nodes, Excel row 603",,endpoint_not_terminal_or_backbone,"Excluded from core graph; no endpoint, direction, or capacity is inferred.",c2_topology,603.0,IB-STcPLh2nbc,PLh2nbc,Poland,Poland,2040.0,0.0,0.0,"TYNDP infrastructure-level planning capacity, not observed operational availability.",,,
,,,,,,,,TYNDP2024_ANNEX_C2,"Annex C2, Detailed Nodes, Excel row 604",,outside_core_horizon,"Excluded from core graph; no endpoint, direction, or capacity is inferred.",c2_topology,604.0,IB-STcPLh2nbc,PLh2nbc,Poland,Poland,2050.0,0.0,0.0,"TYNDP infrastructure-level planning capacity, not observed operational availability.",,,
,,,,,,,,TYNDP2024_ANNEX_C2,"Annex C2, Detailed Nodes, Excel row 605",,endpoint_not_terminal_or_backbone,"Excluded from core graph; no endpoint, direction, or capacity is inferred.",c2_topology,605.0,IB-STcPLh2S,PLh2S,Poland,Poland,2030.0,0.0,0.0,"TYNDP infrastructure-level planning capacity, not observed operational availability.",,,
,,,,,,,,TYNDP2024_ANNEX_C2,"Annex C2, Detailed Nodes, Excel row 606",,endpoint_not_terminal_or_backbone,"Excluded from core graph; no endpoint, direction, or capacity is inferred.",c2_topology,606.0,IB-STcPLh2S,PLh2S,Poland,Poland,2040.0,0.0,0.0,"TYNDP infrastructure-level planning capacity, not observed operational availability.",,,
,,,,,,,,TYNDP2024_ANNEX_C2,"Annex C2, Detailed Nodes, Excel row 607",,outside_core_horizon,"Excluded from core graph; no endpoint, direction, or capacity is inferred.",c2_topology,607.0,IB-STcPLh2S,PLh2S,Poland,Poland,2050.0,0.0,0.0,"TYNDP infrastructure-level planning capacity, not observed operational availability.",,,
,,,,,,,,TYNDP2024_ANNEX_C2,"Annex C2, Detailed Nodes, Excel row 610",,outside_core_horizon,"Excluded from core graph; no endpoint, direction, or capacity is inferred.",c2_topology,610.0,LH2_Tk_PLN,PLh2N,Poland,Poland,2050.0,0.0,17.7,"TYNDP infrastructure-level planning capacity, not observed operational availability.",,,
,,,,,,,,TYNDP2024_ANNEX_C2,"Annex C2, Detailed Nodes, Excel row 611",,endpoint_not_terminal_or_backbone,"Excluded from core graph; no endpoint, direction, or capacity is inferred.",c2_topology,611.0,NPcPLh2NTP,PLh2N,Poland,Poland,2030.0,0.0,0.0,"TYNDP infrastructure-level planning capacity, not observed operational availability.",,,
,,,,,,,,TYNDP2024_ANNEX_C2,"Annex C2, Detailed Nodes, Excel row 612",,endpoint_not_terminal_or_backbone,"Excluded from core graph; no endpoint, direction, or capacity is inferred.",c2_topology,612.0,NPcPLh2NTP,PLh2N,Poland,Poland,2040.0,0.0,0.0,"TYNDP infrastructure-level planning capacity, not observed operational availability.",,,
,,,,,,,,TYNDP2024_ANNEX_C2,"Annex C2, Detailed Nodes, Excel row 613",,outside_core_horizon,"Excluded from core graph; no endpoint, direction, or capacity is inferred.",c2_topology,613.0,NPcPLh2NTP,PLh2N,Poland,Poland,2050.0,0.0,0.0,"TYNDP infrastructure-level planning capacity, not observed operational availability.",,,
,,,,,,,,TYNDP2024_ANNEX_C2,"Annex C2, Detailed Nodes, Excel row 614",,endpoint_not_terminal_or_backbone,"Excluded from core graph; no endpoint, direction, or capacity is inferred.",c2_topology,614.0,NPcPLh2STP,PLh2S,Poland,Poland,2030.0,0.0,0.0,"TYNDP infrastructure-level planning capacity, not observed operational availability.",,,
,,,,,,,,TYNDP2024_ANNEX_C2,"Annex C2, Detailed Nodes, Excel row 615",,endpoint_not_terminal_or_backbone,"Excluded from core graph; no endpoint, direction, or capacity is inferred.",c2_topology,615.0,NPcPLh2STP,PLh2S,Poland,Poland,2040.0,0.0,0.0,"TYNDP infrastructure-level planning capacity, not observed operational availability.",,,
,,,,,,,,TYNDP2024_ANNEX_C2,"Annex C2, Detailed Nodes, Excel row 616",,outside_core_horizon,"Excluded from core graph; no endpoint, direction, or capacity is inferred.",c2_topology,616.0,NPcPLh2STP,PLh2S,Poland,Poland,2050.0,0.0,0.0,"TYNDP infrastructure-level planning capacity, not observed operational availability.",,,
,,,,,,,,TYNDP2024_ANNEX_C2,"Annex C2, Detailed Nodes, Excel row 617",,endpoint_not_terminal_or_backbone,"Excluded from core graph; no endpoint, direction, or capacity is inferred.",c2_topology,617.0,NPcPLheN,NPcPLh2NTP,Poland,Poland,2030.0,0.0,0.0,"TYNDP infrastructure-level planning capacity, not observed operational availability.",,,
,,,,,,,,TYNDP2024_ANNEX_C2,"Annex C2, Detailed Nodes, Excel row 618",,endpoint_not_terminal_or_backbone,"Excluded from core graph; no endpoint, direction, or capacity is inferred.",c2_topology,618.0,NPcPLheN,NPcPLh2NTP,Poland,Poland,2040.0,0.0,0.0,"TYNDP infrastructure-level planning capacity, not observed operational availability.",,,
,,,,,,,,TYNDP2024_ANNEX_C2,"Annex C2, Detailed Nodes, Excel row 619",,outside_core_horizon,"Excluded from core graph; no endpoint, direction, or capacity is inferred.",c2_topology,619.0,NPcPLheN,NPcPLh2NTP,Poland,Poland,2050.0,0.0,0.0,"TYNDP infrastructure-level planning capacity, not observed operational availability.",,,
,,,,,,,,TYNDP2024_ANNEX_C2,"Annex C2, Detailed Nodes, Excel row 620",,endpoint_not_terminal_or_backbone,"Excluded from core graph; no endpoint, direction, or capacity is inferred.",c2_topology,620.0,NPcPLheS,NPcPLh2STP,Poland,Poland,2030.0,0.0,0.0,"TYNDP infrastructure-level planning capacity, not observed operational availability.",,,
,,,,,,,,TYNDP2024_ANNEX_C2,"Annex C2, Detailed Nodes, Excel row 621",,endpoint_not_terminal_or_backbone,"Excluded from core graph; no endpoint, direction, or capacity is inferred.",c2_topology,621.0,NPcPLheS,NPcPLh2STP,Poland,Poland,2040.0,0.0,0.0,"TYNDP infrastructure-level planning capacity, not observed operational availability.",,,
,,,,,,,,TYNDP2024_ANNEX_C2,"Annex C2, Detailed Nodes, Excel row 622",,outside_core_horizon,"Excluded from core graph; no endpoint, direction, or capacity is inferred.",c2_topology,622.0,NPcPLheS,NPcPLh2STP,Poland,Poland,2050.0,0.0,0.0,"TYNDP infrastructure-level planning capacity, not observed operational availability.",,,
,,,,,,,,TYNDP2024_ANNEX_C2,"Annex C2, Detailed Nodes, Excel row 623",,endpoint_not_terminal_or_backbone,"Excluded from core graph; no endpoint, direction, or capacity is inferred.",c2_topology,623.0,PLh2N,IB-STcPLh2N,Poland,Poland,2030.0,0.0,0.0,"TYNDP infrastructure-level planning capacity, not observed operational availability.",,,
,,,,,,,,TYNDP2024_ANNEX_C2,"Annex C2, Detailed Nodes, Excel row 624",,endpoint_not_terminal_or_backbone,"Excluded from core graph; no endpoint, direction, or capacity is inferred.",c2_topology,624.0,PLh2N,IB-STcPLh2N,Poland,Poland,2040.0,0.0,0.0,"TYNDP infrastructure-level planning capacity, not observed operational availability.",,,
,,,,,,,,TYNDP2024_ANNEX_C2,"Annex C2, Detailed Nodes, Excel row 625",,outside_core_horizon,"Excluded from core graph; no endpoint, direction, or capacity is inferred.",c2_topology,625.0,PLh2N,IB-STcPLh2N,Poland,Poland,2050.0,0.0,0.0,"TYNDP infrastructure-level planning capacity, not observed operational availability.",,,
,,,,,,,,TYNDP2024_ANNEX_C2,"Annex C2, Detailed Nodes, Excel row 628",,outside_core_horizon,"Excluded from core graph; no endpoint, direction, or capacity is inferred.",c2_topology,628.0,PLh2N,PLh2S,Poland,Poland,2050.0,0.0,100.0,"TYNDP infrastructure-level planning capacity, not observed operational availability.",,,
,,,,,,,,TYNDP2024_ANNEX_C2,"Annex C2, Detailed Nodes, Excel row 629",,endpoint_not_terminal_or_backbone,"Excluded from core graph; no endpoint, direction, or capacity is inferred.",c2_topology,629.0,PLh2nbc,IB-STcPLh2nbc,Poland,Poland,2030.0,0.0,0.0,"TYNDP infrastructure-level planning capacity, not observed operational availability.",,,
,,,,,,,,TYNDP2024_ANNEX_C2,"Annex C2, Detailed Nodes, Excel row 630",,endpoint_not_terminal_or_backbone,"Excluded from core graph; no endpoint, direction, or capacity is inferred.",c2_topology,630.0,PLh2nbc,IB-STcPLh2nbc,Poland,Poland,2040.0,0.0,0.0,"TYNDP infrastructure-level planning capacity, not observed operational availability.",,,
,,,,,,,,TYNDP2024_ANNEX_C2,"Annex C2, Detailed Nodes, Excel row 631",,outside_core_horizon,"Excluded from core graph; no endpoint, direction, or capacity is inferred.",c2_topology,631.0,PLh2nbc,IB-STcPLh2nbc,Poland,Poland,2050.0,0.0,0.0,"TYNDP infrastructure-level planning capacity, not observed operational availability.",,,
,,,,,,,,TYNDP2024_ANNEX_C2,"Annex C2, Detailed Nodes, Excel row 634",,outside_core_horizon,"Excluded from core graph; no endpoint, direction, or capacity is inferred.",c2_topology,634.0,PLh2nbc,PLh2N,Poland,Poland,2050.0,100.0,150.0,"TYNDP infrastructure-level planning capacity, not observed operational availability.",,,
,,,,,,,,TYNDP2024_ANNEX_C2,"Annex C2, Detailed Nodes, Excel row 637",,outside_core_horizon,"Excluded from core graph; no endpoint, direction, or capacity is inferred.",c2_topology,637.0,PLh2nbc,PLh2S,Poland,Poland,2050.0,0.0,0.0,"TYNDP infrastructure-level planning capacity, not observed operational availability.",,,
,,,,,,,,TYNDP2024_ANNEX_C2,"Annex C2, Detailed Nodes, Excel row 638",,endpoint_not_terminal_or_backbone,"Excluded from core graph; no endpoint, direction, or capacity is inferred.",c2_topology,638.0,PLh2S,IB-STcPLh2S,Poland,Poland,2030.0,0.0,0.0,"TYNDP infrastructure-level planning capacity, not observed operational availability.",,,
,,,,,,,,TYNDP2024_ANNEX_C2,"Annex C2, Detailed Nodes, Excel row 639",,endpoint_not_terminal_or_backbone,"Excluded from core graph; no endpoint, direction, or capacity is inferred.",c2_topology,639.0,PLh2S,IB-STcPLh2S,Poland,Poland,2040.0,0.0,0.0,"TYNDP infrastructure-level planning capacity, not observed operational availability.",,,
,,,,,,,,TYNDP2024_ANNEX_C2,"Annex C2, Detailed Nodes, Excel row 640",,outside_core_horizon,"Excluded from core graph; no endpoint, direction, or capacity is inferred.",c2_topology,640.0,PLh2S,IB-STcPLh2S,Poland,Poland,2050.0,0.0,0.0,"TYNDP infrastructure-level planning capacity, not observed operational availability.",,,
,,,,,,,,TYNDP2024_ANNEX_C2,"Annex C2, Detailed Nodes, Excel row 643",,outside_core_horizon,"Excluded from core graph; no endpoint, direction, or capacity is inferred.",c2_topology,643.0,PLh2S,PLh2N,Poland,Poland,2050.0,0.0,0.0,"TYNDP infrastructure-level planning capacity, not observed operational availability.",,,
,,,,,,,,TYNDP2024_ANNEX_C2,"Annex C2, Detailed Nodes, Excel row 646",,outside_core_horizon,"Excluded from core graph; no endpoint, direction, or capacity is inferred.",c2_topology,646.0,PLh2S,PLh2nbc,Poland,Poland,2050.0,50.0,50.0,"TYNDP infrastructure-level planning capacity, not observed operational availability.",,,
,,,,,,,,TYNDP2024_ANNEX_C2,"Annex C2, Detailed Nodes, Excel row 649",,outside_core_horizon,"Excluded from core graph; no endpoint, direction, or capacity is inferred.",c2_topology,649.0,PLh2S,IB-SKh2E,Poland,Slovakia,2050.0,0.0,0.0,"TYNDP infrastructure-level planning capacity, not observed operational availability.",,,
,,,,,,,,TYNDP2024_ANNEX_C2,"Annex C2, Detailed Nodes, Excel row 652",,outside_core_horizon,"Excluded from core graph; no endpoint, direction, or capacity is inferred.",c2_topology,652.0,PLh2S,UAh2,Poland,Ukraine,2050.0,0.0,0.0,"TYNDP infrastructure-level planning capacity, not observed operational availability.",,,
,,,,,,,,TYNDP2024_ANNEX_C2,"Annex C2, Detailed Nodes, Excel row 655",,outside_core_horizon,"Excluded from core graph; no endpoint, direction, or capacity is inferred.",c2_topology,655.0,LH2_Tk_PT,PTh2,Portugal,Portugal,2050.0,0.0,0.0,"TYNDP infrastructure-level planning capacity, not observed operational availability.",,,
,,,,,,,,TYNDP2024_ANNEX_C2,"Annex C2, Detailed Nodes, Excel row 656",,endpoint_not_terminal_or_backbone,"Excluded from core graph; no endpoint, direction, or capacity is inferred.",c2_topology,656.0,NPcPTh2TP,PTh2,Portugal,Portugal,2030.0,0.0,0.0,"TYNDP infrastructure-level planning capacity, not observed operational availability.",,,
,,,,,,,,TYNDP2024_ANNEX_C2,"Annex C2, Detailed Nodes, Excel row 657",,endpoint_not_terminal_or_backbone,"Excluded from core graph; no endpoint, direction, or capacity is inferred.",c2_topology,657.0,NPcPTh2TP,PTh2,Portugal,Portugal,2040.0,0.0,0.0,"TYNDP infrastructure-level planning capacity, not observed operational availability.",,,
,,,,,,,,TYNDP2024_ANNEX_C2,"Annex C2, Detailed Nodes, Excel row 658",,outside_core_horizon,"Excluded from core graph; no endpoint, direction, or capacity is inferred.",c2_topology,658.0,NPcPTh2TP,PTh2,Portugal,Portugal,2050.0,0.0,0.0,"TYNDP infrastructure-level planning capacity, not observed operational availability.",,,
,,,,,,,,TYNDP2024_ANNEX_C2,"Annex C2, Detailed Nodes, Excel row 659",,endpoint_not_terminal_or_backbone,"Excluded from core graph; no endpoint, direction, or capacity is inferred.",c2_topology,659.0,NPcPThe,NPcPTh2TP,Portugal,Portugal,2030.0,0.0,0.0,"TYNDP infrastructure-level planning capacity, not observed operational availability.",,,
,,,,,,,,TYNDP2024_ANNEX_C2,"Annex C2, Detailed Nodes, Excel row 660",,endpoint_not_terminal_or_backbone,"Excluded from core graph; no endpoint, direction, or capacity is inferred.",c2_topology,660.0,NPcPThe,NPcPTh2TP,Portugal,Portugal,2040.0,0.0,0.0,"TYNDP infrastructure-level planning capacity, not observed operational availability.",,,
,,,,,,,,TYNDP2024_ANNEX_C2,"Annex C2, Detailed Nodes, Excel row 661",,outside_core_horizon,"Excluded from core graph; no endpoint, direction, or capacity is inferred.",c2_topology,661.0,NPcPThe,NPcPTh2TP,Portugal,Portugal,2050.0,0.0,0.0,"TYNDP infrastructure-level planning capacity, not observed operational availability.",,,
,,,,,,,,TYNDP2024_ANNEX_C2,"Annex C2, Detailed Nodes, Excel row 662",,endpoint_not_terminal_or_backbone,"Excluded from core graph; no endpoint, direction, or capacity is inferred.",c2_topology,662.0,PTh2,LH2_Tk_PT,Portugal,Portugal,2030.0,0.0,0.0,"TYNDP infrastructure-level planning capacity, not observed operational availability.",,,
,,,,,,,,TYNDP2024_ANNEX_C2,"Annex C2, Detailed Nodes, Excel row 663",,endpoint_not_terminal_or_backbone,"Excluded from core graph; no endpoint, direction, or capacity is inferred.",c2_topology,663.0,PTh2,LH2_Tk_PT,Portugal,Portugal,2040.0,0.0,0.0,"TYNDP infrastructure-level planning capacity, not observed operational availability.",,,
,,,,,,,,TYNDP2024_ANNEX_C2,"Annex C2, Detailed Nodes, Excel row 664",,outside_core_horizon,"Excluded from core graph; no endpoint, direction, or capacity is inferred.",c2_topology,664.0,PTh2,LH2_Tk_PT,Portugal,Portugal,2050.0,0.0,0.0,"TYNDP infrastructure-level planning capacity, not observed operational availability.",,,
,,,,,,,,TYNDP2024_ANNEX_C2,"Annex C2, Detailed Nodes, Excel row 667",,outside_core_horizon,"Excluded from core graph; no endpoint, direction, or capacity is inferred.",c2_topology,667.0,PTh2,ESh2,Portugal,Spain,2050.0,81.0,81.0,"TYNDP infrastructure-level planning capacity, not observed operational availability.",,,
,,,,,,,,TYNDP2024_ANNEX_C2,"Annex C2, Detailed Nodes, Excel row 670",,outside_core_horizon,"Excluded from core graph; no endpoint, direction, or capacity is inferred.",c2_topology,670.0,ROh2,BGh2,Romania,Bulgaria,2050.0,0.0,0.0,"TYNDP infrastructure-level planning capacity, not observed operational availability.",,,
,,,,,,,,TYNDP2024_ANNEX_C2,"Annex C2, Detailed Nodes, Excel row 673",,outside_core_horizon,"Excluded from core graph; no endpoint, direction, or capacity is inferred.",c2_topology,673.0,ROh2,HUh2,Romania,Hungary,2050.0,0.0,100.0,"TYNDP infrastructure-level planning capacity, not observed operational availability.",,,
,,,,,,,,TYNDP2024_ANNEX_C2,"Annex C2, Detailed Nodes, Excel row 676",,outside_core_horizon,"Excluded from core graph; no endpoint, direction, or capacity is inferred.",c2_topology,676.0,ROh2,MDh2,Romania,Moldavia,2050.0,0.0,0.0,"TYNDP infrastructure-level planning capacity, not observed operational availability.",,,
,,,,,,,,TYNDP2024_ANNEX_C2,"Annex C2, Detailed Nodes, Excel row 677",,endpoint_not_terminal_or_backbone,"Excluded from core graph; no endpoint, direction, or capacity is inferred.",c2_topology,677.0,NPcROh2TP,ROh2,Romania,Romania,2030.0,0.0,0.0,"TYNDP infrastructure-level planning capacity, not observed operational availability.",,,
,,,,,,,,TYNDP2024_ANNEX_C2,"Annex C2, Detailed Nodes, Excel row 678",,endpoint_not_terminal_or_backbone,"Excluded from core graph; no endpoint, direction, or capacity is inferred.",c2_topology,678.0,NPcROh2TP,ROh2,Romania,Romania,2040.0,0.0,0.0,"TYNDP infrastructure-level planning capacity, not observed operational availability.",,,
,,,,,,,,TYNDP2024_ANNEX_C2,"Annex C2, Detailed Nodes, Excel row 679",,outside_core_horizon,"Excluded from core graph; no endpoint, direction, or capacity is inferred.",c2_topology,679.0,NPcROh2TP,ROh2,Romania,Romania,2050.0,0.0,0.0,"TYNDP infrastructure-level planning capacity, not observed operational availability.",,,
,,,,,,,,TYNDP2024_ANNEX_C2,"Annex C2, Detailed Nodes, Excel row 682",,outside_core_horizon,"Excluded from core graph; no endpoint, direction, or capacity is inferred.",c2_topology,682.0,ROh2,RSh2,Romania,Serbia,2050.0,0.0,0.0,"TYNDP infrastructure-level planning capacity, not observed operational availability.",,,
,,,,,,,,TYNDP2024_ANNEX_C2,"Annex C2, Detailed Nodes, Excel row 685",,outside_core_horizon,"Excluded from core graph; no endpoint, direction, or capacity is inferred.",c2_topology,685.0,ROh2,UAh2,Romania,Ukraine,2050.0,0.0,0.0,"TYNDP infrastructure-level planning capacity, not observed operational availability.",,,
,,,,,,,,TYNDP2024_ANNEX_C2,"Annex C2, Detailed Nodes, Excel row 688",,outside_core_horizon,"Excluded from core graph; no endpoint, direction, or capacity is inferred.",c2_topology,688.0,RSh2,HRh2,Serbia,Croatia,2050.0,0.0,0.0,"TYNDP infrastructure-level planning capacity, not observed operational availability.",,,
,,,,,,,,TYNDP2024_ANNEX_C2,"Annex C2, Detailed Nodes, Excel row 691",,outside_core_horizon,"Excluded from core graph; no endpoint, direction, or capacity is inferred.",c2_topology,691.0,RSh2,HUh2,Serbia,Hungary,2050.0,0.0,0.0,"TYNDP infrastructure-level planning capacity, not observed operational availability.",,,
,,,,,,,,TYNDP2024_ANNEX_C2,"Annex C2, Detailed Nodes, Excel row 694",,outside_core_horizon,"Excluded from core graph; no endpoint, direction, or capacity is inferred.",c2_topology,694.0,RSh2,ROh2,Serbia,Romania,2050.0,0.0,0.0,"TYNDP infrastructure-level planning capacity, not observed operational availability.",,,
,,,,,,,,TYNDP2024_ANNEX_C2,"Annex C2, Detailed Nodes, Excel row 697",,outside_core_horizon,"Excluded from core graph; no endpoint, direction, or capacity is inferred.",c2_topology,697.0,IB-SKh2W,ATh2,Slovakia,Austria,2050.0,144.0,144.0,"TYNDP infrastructure-level planning capacity, not observed operational availability.",,,
,,,,,,,,TYNDP2024_ANNEX_C2,"Annex C2, Detailed Nodes, Excel row 700",,outside_core_horizon,"Excluded from core graph; no endpoint, direction, or capacity is inferred.",c2_topology,700.0,IB-SKh2W,CZh2,Slovakia,Czechia,2050.0,144.0,144.0,"TYNDP infrastructure-level planning capacity, not observed operational availability.",,,
,,,,,,,,TYNDP2024_ANNEX_C2,"Annex C2, Detailed Nodes, Excel row 703",,outside_core_horizon,"Excluded from core graph; no endpoint, direction, or capacity is inferred.",c2_topology,703.0,IB-SKh2C,HUh2,Slovakia,Hungary,2050.0,0.0,100.0,"TYNDP infrastructure-level planning capacity, not observed operational availability.",,,
,,,,,,,,TYNDP2024_ANNEX_C2,"Annex C2, Detailed Nodes, Excel row 706",,outside_core_horizon,"Excluded from core graph; no endpoint, direction, or capacity is inferred.",c2_topology,706.0,IB-SKh2E,PLh2S,Slovakia,Poland,2050.0,0.0,0.0,"TYNDP infrastructure-level planning capacity, not observed operational availability.",,,
,,,,,,,,TYNDP2024_ANNEX_C2,"Annex C2, Detailed Nodes, Excel row 709",,outside_core_horizon,"Excluded from core graph; no endpoint, direction, or capacity is inferred.",c2_topology,709.0,IB-SKh2C,SKh2E,Slovakia,Slovakia,2050.0,144.0,288.0,"TYNDP infrastructure-level planning capacity, not observed operational availability.",,,
,,,,,,,,TYNDP2024_ANNEX_C2,"Annex C2, Detailed Nodes, Excel row 712",,outside_core_horizon,"Excluded from core graph; no endpoint, direction, or capacity is inferred.",c2_topology,712.0,IB-SKh2C,SKh2W,Slovakia,Slovakia,2050.0,144.0,288.0,"TYNDP infrastructure-level planning capacity, not observed operational availability.",,,
,,,,,,,,TYNDP2024_ANNEX_C2,"Annex C2, Detailed Nodes, Excel row 715",,outside_core_horizon,"Excluded from core graph; no endpoint, direction, or capacity is inferred.",c2_topology,715.0,IB-SKh2E,SKh2E,Slovakia,Slovakia,2050.0,144.0,288.0,"TYNDP infrastructure-level planning capacity, not observed operational availability.",,,
,,,,,,,,TYNDP2024_ANNEX_C2,"Annex C2, Detailed Nodes, Excel row 718",,outside_core_horizon,"Excluded from core graph; no endpoint, direction, or capacity is inferred.",c2_topology,718.0,IB-SKh2W,SKh2W,Slovakia,Slovakia,2050.0,144.0,288.0,"TYNDP infrastructure-level planning capacity, not observed operational availability.",,,
,,,,,,,,TYNDP2024_ANNEX_C2,"Annex C2, Detailed Nodes, Excel row 719",,endpoint_not_terminal_or_backbone,"Excluded from core graph; no endpoint, direction, or capacity is inferred.",c2_topology,719.0,IB-STcSKh2E,SKh2E,Slovakia,Slovakia,2030.0,0.0,0.0,"TYNDP infrastructure-level planning capacity, not observed operational availability.",,,
,,,,,,,,TYNDP2024_ANNEX_C2,"Annex C2, Detailed Nodes, Excel row 720",,endpoint_not_terminal_or_backbone,"Excluded from core graph; no endpoint, direction, or capacity is inferred.",c2_topology,720.0,IB-STcSKh2E,SKh2E,Slovakia,Slovakia,2040.0,0.0,0.0,"TYNDP infrastructure-level planning capacity, not observed operational availability.",,,
,,,,,,,,TYNDP2024_ANNEX_C2,"Annex C2, Detailed Nodes, Excel row 721",,outside_core_horizon,"Excluded from core graph; no endpoint, direction, or capacity is inferred.",c2_topology,721.0,IB-STcSKh2E,SKh2E,Slovakia,Slovakia,2050.0,0.0,0.0,"TYNDP infrastructure-level planning capacity, not observed operational availability.",,,
,,,,,,,,TYNDP2024_ANNEX_C2,"Annex C2, Detailed Nodes, Excel row 722",,endpoint_not_terminal_or_backbone,"Excluded from core graph; no endpoint, direction, or capacity is inferred.",c2_topology,722.0,IB-STcSKh2W,SKh2W,Slovakia,Slovakia,2030.0,0.0,0.0,"TYNDP infrastructure-level planning capacity, not observed operational availability.",,,
,,,,,,,,TYNDP2024_ANNEX_C2,"Annex C2, Detailed Nodes, Excel row 723",,endpoint_not_terminal_or_backbone,"Excluded from core graph; no endpoint, direction, or capacity is inferred.",c2_topology,723.0,IB-STcSKh2W,SKh2W,Slovakia,Slovakia,2040.0,0.0,0.0,"TYNDP infrastructure-level planning capacity, not observed operational availability.",,,
,,,,,,,,TYNDP2024_ANNEX_C2,"Annex C2, Detailed Nodes, Excel row 724",,outside_core_horizon,"Excluded from core graph; no endpoint, direction, or capacity is inferred.",c2_topology,724.0,IB-STcSKh2W,SKh2W,Slovakia,Slovakia,2050.0,0.0,0.0,"TYNDP infrastructure-level planning capacity, not observed operational availability.",,,
,,,,,,,,TYNDP2024_ANNEX_C2,"Annex C2, Detailed Nodes, Excel row 725",,endpoint_not_terminal_or_backbone,"Excluded from core graph; no endpoint, direction, or capacity is inferred.",c2_topology,725.0,NPcSKh2ETP,SKh2E,Slovakia,Slovakia,2030.0,0.0,144.0,"TYNDP infrastructure-level planning capacity, not observed operational availability.",,,
,,,,,,,,TYNDP2024_ANNEX_C2,"Annex C2, Detailed Nodes, Excel row 726",,endpoint_not_terminal_or_backbone,"Excluded from core graph; no endpoint, direction, or capacity is inferred.",c2_topology,726.0,NPcSKh2ETP,SKh2E,Slovakia,Slovakia,2040.0,0.0,144.0,"TYNDP infrastructure-level planning capacity, not observed operational availability.",,,
,,,,,,,,TYNDP2024_ANNEX_C2,"Annex C2, Detailed Nodes, Excel row 727",,outside_core_horizon,"Excluded from core graph; no endpoint, direction, or capacity is inferred.",c2_topology,727.0,NPcSKh2ETP,SKh2E,Slovakia,Slovakia,2050.0,0.0,144.0,"TYNDP infrastructure-level planning capacity, not observed operational availability.",,,
,,,,,,,,TYNDP2024_ANNEX_C2,"Annex C2, Detailed Nodes, Excel row 728",,endpoint_not_terminal_or_backbone,"Excluded from core graph; no endpoint, direction, or capacity is inferred.",c2_topology,728.0,NPcSKh2WTP,SKh2W,Slovakia,Slovakia,2030.0,0.0,144.0,"TYNDP infrastructure-level planning capacity, not observed operational availability.",,,
,,,,,,,,TYNDP2024_ANNEX_C2,"Annex C2, Detailed Nodes, Excel row 729",,endpoint_not_terminal_or_backbone,"Excluded from core graph; no endpoint, direction, or capacity is inferred.",c2_topology,729.0,NPcSKh2WTP,SKh2W,Slovakia,Slovakia,2040.0,0.0,144.0,"TYNDP infrastructure-level planning capacity, not observed operational availability.",,,
,,,,,,,,TYNDP2024_ANNEX_C2,"Annex C2, Detailed Nodes, Excel row 730",,outside_core_horizon,"Excluded from core graph; no endpoint, direction, or capacity is inferred.",c2_topology,730.0,NPcSKh2WTP,SKh2W,Slovakia,Slovakia,2050.0,0.0,144.0,"TYNDP infrastructure-level planning capacity, not observed operational availability.",,,
,,,,,,,,TYNDP2024_ANNEX_C2,"Annex C2, Detailed Nodes, Excel row 731",,endpoint_not_terminal_or_backbone,"Excluded from core graph; no endpoint, direction, or capacity is inferred.",c2_topology,731.0,NPcSKheE,NPcSKh2ETP,Slovakia,Slovakia,2030.0,0.0,0.0,"TYNDP infrastructure-level planning capacity, not observed operational availability.",,,
,,,,,,,,TYNDP2024_ANNEX_C2,"Annex C2, Detailed Nodes, Excel row 732",,endpoint_not_terminal_or_backbone,"Excluded from core graph; no endpoint, direction, or capacity is inferred.",c2_topology,732.0,NPcSKheE,NPcSKh2ETP,Slovakia,Slovakia,2040.0,0.0,0.0,"TYNDP infrastructure-level planning capacity, not observed operational availability.",,,
,,,,,,,,TYNDP2024_ANNEX_C2,"Annex C2, Detailed Nodes, Excel row 733",,outside_core_horizon,"Excluded from core graph; no endpoint, direction, or capacity is inferred.",c2_topology,733.0,NPcSKheE,NPcSKh2ETP,Slovakia,Slovakia,2050.0,0.0,0.0,"TYNDP infrastructure-level planning capacity, not observed operational availability.",,,
,,,,,,,,TYNDP2024_ANNEX_C2,"Annex C2, Detailed Nodes, Excel row 734",,endpoint_not_terminal_or_backbone,"Excluded from core graph; no endpoint, direction, or capacity is inferred.",c2_topology,734.0,NPcSKheW,NPcSKh2WTP,Slovakia,Slovakia,2030.0,0.0,0.0,"TYNDP infrastructure-level planning capacity, not observed operational availability.",,,
,,,,,,,,TYNDP2024_ANNEX_C2,"Annex C2, Detailed Nodes, Excel row 735",,endpoint_not_terminal_or_backbone,"Excluded from core graph; no endpoint, direction, or capacity is inferred.",c2_topology,735.0,NPcSKheW,NPcSKh2WTP,Slovakia,Slovakia,2040.0,0.0,0.0,"TYNDP infrastructure-level planning capacity, not observed operational availability.",,,
,,,,,,,,TYNDP2024_ANNEX_C2,"Annex C2, Detailed Nodes, Excel row 736",,outside_core_horizon,"Excluded from core graph; no endpoint, direction, or capacity is inferred.",c2_topology,736.0,NPcSKheW,NPcSKh2WTP,Slovakia,Slovakia,2050.0,0.0,0.0,"TYNDP infrastructure-level planning capacity, not observed operational availability.",,,
,,,,,,,,TYNDP2024_ANNEX_C2,"Annex C2, Detailed Nodes, Excel row 739",,outside_core_horizon,"Excluded from core graph; no endpoint, direction, or capacity is inferred.",c2_topology,739.0,SKh2E,IB-SKh2C,Slovakia,Slovakia,2050.0,144.0,288.0,"TYNDP infrastructure-level planning capacity, not observed operational availability.",,,
,,,,,,,,TYNDP2024_ANNEX_C2,"Annex C2, Detailed Nodes, Excel row 742",,outside_core_horizon,"Excluded from core graph; no endpoint, direction, or capacity is inferred.",c2_topology,742.0,SKh2E,IB-SKh2E,Slovakia,Slovakia,2050.0,144.0,288.0,"TYNDP infrastructure-level planning capacity, not observed operational availability.",,,
,,,,,,,,TYNDP2024_ANNEX_C2,"Annex C2, Detailed Nodes, Excel row 743",,endpoint_not_terminal_or_backbone,"Excluded from core graph; no endpoint, direction, or capacity is inferred.",c2_topology,743.0,SKh2E,IB-STcSKh2E,Slovakia,Slovakia,2030.0,0.0,0.0,"TYNDP infrastructure-level planning capacity, not observed operational availability.",,,
,,,,,,,,TYNDP2024_ANNEX_C2,"Annex C2, Detailed Nodes, Excel row 744",,endpoint_not_terminal_or_backbone,"Excluded from core graph; no endpoint, direction, or capacity is inferred.",c2_topology,744.0,SKh2E,IB-STcSKh2E,Slovakia,Slovakia,2040.0,0.0,0.0,"TYNDP infrastructure-level planning capacity, not observed operational availability.",,,
,,,,,,,,TYNDP2024_ANNEX_C2,"Annex C2, Detailed Nodes, Excel row 745",,outside_core_horizon,"Excluded from core graph; no endpoint, direction, or capacity is inferred.",c2_topology,745.0,SKh2E,IB-STcSKh2E,Slovakia,Slovakia,2050.0,0.0,0.0,"TYNDP infrastructure-level planning capacity, not observed operational availability.",,,
,,,,,,,,TYNDP2024_ANNEX_C2,"Annex C2, Detailed Nodes, Excel row 748",,outside_core_horizon,"Excluded from core graph; no endpoint, direction, or capacity is inferred.",c2_topology,748.0,SKh2W,IB-SKh2C,Slovakia,Slovakia,2050.0,144.0,288.0,"TYNDP infrastructure-level planning capacity, not observed operational availability.",,,
,,,,,,,,TYNDP2024_ANNEX_C2,"Annex C2, Detailed Nodes, Excel row 751",,outside_core_horizon,"Excluded from core graph; no endpoint, direction, or capacity is inferred.",c2_topology,751.0,SKh2W,IB-SKh2W,Slovakia,Slovakia,2050.0,144.0,288.0,"TYNDP infrastructure-level planning capacity, not observed operational availability.",,,
,,,,,,,,TYNDP2024_ANNEX_C2,"Annex C2, Detailed Nodes, Excel row 752",,endpoint_not_terminal_or_backbone,"Excluded from core graph; no endpoint, direction, or capacity is inferred.",c2_topology,752.0,SKh2W,IB-STcSKh2W,Slovakia,Slovakia,2030.0,0.0,0.0,"TYNDP infrastructure-level planning capacity, not observed operational availability.",,,
,,,,,,,,TYNDP2024_ANNEX_C2,"Annex C2, Detailed Nodes, Excel row 753",,endpoint_not_terminal_or_backbone,"Excluded from core graph; no endpoint, direction, or capacity is inferred.",c2_topology,753.0,SKh2W,IB-STcSKh2W,Slovakia,Slovakia,2040.0,0.0,0.0,"TYNDP infrastructure-level planning capacity, not observed operational availability.",,,
,,,,,,,,TYNDP2024_ANNEX_C2,"Annex C2, Detailed Nodes, Excel row 754",,outside_core_horizon,"Excluded from core graph; no endpoint, direction, or capacity is inferred.",c2_topology,754.0,SKh2W,IB-STcSKh2W,Slovakia,Slovakia,2050.0,0.0,0.0,"TYNDP infrastructure-level planning capacity, not observed operational availability.",,,
,,,,,,,,TYNDP2024_ANNEX_C2,"Annex C2, Detailed Nodes, Excel row 757",,outside_core_horizon,"Excluded from core graph; no endpoint, direction, or capacity is inferred.",c2_topology,757.0,IB-SKh2E,UAh2,Slovakia,Ukraine,2050.0,0.0,0.0,"TYNDP infrastructure-level planning capacity, not observed operational availability.",,,
,,,,,,,,TYNDP2024_ANNEX_C2,"Annex C2, Detailed Nodes, Excel row 760",,outside_core_horizon,"Excluded from core graph; no endpoint, direction, or capacity is inferred.",c2_topology,760.0,SIh2,ATh2,Slovenia,Austria,2050.0,0.0,0.0,"TYNDP infrastructure-level planning capacity, not observed operational availability.",,,
,,,,,,,,TYNDP2024_ANNEX_C2,"Annex C2, Detailed Nodes, Excel row 763",,outside_core_horizon,"Excluded from core graph; no endpoint, direction, or capacity is inferred.",c2_topology,763.0,SIh2,HRh2,Slovenia,Croatia,2050.0,0.0,0.0,"TYNDP infrastructure-level planning capacity, not observed operational availability.",,,
,,,,,,,,TYNDP2024_ANNEX_C2,"Annex C2, Detailed Nodes, Excel row 766",,outside_core_horizon,"Excluded from core graph; no endpoint, direction, or capacity is inferred.",c2_topology,766.0,SIh2,HUh2,Slovenia,Hungary,2050.0,0.0,0.0,"TYNDP infrastructure-level planning capacity, not observed operational availability.",,,
,,,,,,,,TYNDP2024_ANNEX_C2,"Annex C2, Detailed Nodes, Excel row 769",,outside_core_horizon,"Excluded from core graph; no endpoint, direction, or capacity is inferred.",c2_topology,769.0,SIh2,ITh2,Slovenia,Italy,2050.0,0.0,0.0,"TYNDP infrastructure-level planning capacity, not observed operational availability.",,,
,,,,,,,,TYNDP2024_ANNEX_C2,"Annex C2, Detailed Nodes, Excel row 770",,endpoint_not_terminal_or_backbone,"Excluded from core graph; no endpoint, direction, or capacity is inferred.",c2_topology,770.0,NPcSIh2TP,SIh2,Slovenia,Slovenia,2030.0,0.0,0.0,"TYNDP infrastructure-level planning capacity, not observed operational availability.",,,
,,,,,,,,TYNDP2024_ANNEX_C2,"Annex C2, Detailed Nodes, Excel row 771",,endpoint_not_terminal_or_backbone,"Excluded from core graph; no endpoint, direction, or capacity is inferred.",c2_topology,771.0,NPcSIh2TP,SIh2,Slovenia,Slovenia,2040.0,0.0,0.0,"TYNDP infrastructure-level planning capacity, not observed operational availability.",,,
,,,,,,,,TYNDP2024_ANNEX_C2,"Annex C2, Detailed Nodes, Excel row 772",,outside_core_horizon,"Excluded from core graph; no endpoint, direction, or capacity is inferred.",c2_topology,772.0,NPcSIh2TP,SIh2,Slovenia,Slovenia,2050.0,0.0,0.0,"TYNDP infrastructure-level planning capacity, not observed operational availability.",,,
,,,,,,,,TYNDP2024_ANNEX_C2,"Annex C2, Detailed Nodes, Excel row 773",,endpoint_not_terminal_or_backbone,"Excluded from core graph; no endpoint, direction, or capacity is inferred.",c2_topology,773.0,NPcSIhe,NPcSIh2TP,Slovenia,Slovenia,2030.0,0.0,0.0,"TYNDP infrastructure-level planning capacity, not observed operational availability.",,,
,,,,,,,,TYNDP2024_ANNEX_C2,"Annex C2, Detailed Nodes, Excel row 774",,endpoint_not_terminal_or_backbone,"Excluded from core graph; no endpoint, direction, or capacity is inferred.",c2_topology,774.0,NPcSIhe,NPcSIh2TP,Slovenia,Slovenia,2040.0,0.0,0.0,"TYNDP infrastructure-level planning capacity, not observed operational availability.",,,
,,,,,,,,TYNDP2024_ANNEX_C2,"Annex C2, Detailed Nodes, Excel row 775",,outside_core_horizon,"Excluded from core graph; no endpoint, direction, or capacity is inferred.",c2_topology,775.0,NPcSIhe,NPcSIh2TP,Slovenia,Slovenia,2050.0,0.0,0.0,"TYNDP infrastructure-level planning capacity, not observed operational availability.",,,
,,,,,,,,TYNDP2024_ANNEX_C2,"Annex C2, Detailed Nodes, Excel row 778",,outside_core_horizon,"Excluded from core graph; no endpoint, direction, or capacity is inferred.",c2_topology,778.0,ESh2,FRh2S,Spain,France,2050.0,216.0,216.0,"TYNDP infrastructure-level planning capacity, not observed operational availability.",,,
,,,,,,,,TYNDP2024_ANNEX_C2,"Annex C2, Detailed Nodes, Excel row 781",,outside_core_horizon,"Excluded from core graph; no endpoint, direction, or capacity is inferred.",c2_topology,781.0,ESh2,FRh2SW,Spain,France,2050.0,0.0,0.0,"TYNDP infrastructure-level planning capacity, not observed operational availability.",,,
,,,,,,,,TYNDP2024_ANNEX_C2,"Annex C2, Detailed Nodes, Excel row 784",,outside_core_horizon,"Excluded from core graph; no endpoint, direction, or capacity is inferred.",c2_topology,784.0,ESh2,ITh2,Spain,Italy,2050.0,0.0,0.0,"TYNDP infrastructure-level planning capacity, not observed operational availability.",,,
,,,,,,,,TYNDP2024_ANNEX_C2,"Annex C2, Detailed Nodes, Excel row 787",,outside_core_horizon,"Excluded from core graph; no endpoint, direction, or capacity is inferred.",c2_topology,787.0,ESh2,PTh2,Spain,Portugal,2050.0,81.0,81.0,"TYNDP infrastructure-level planning capacity, not observed operational availability.",,,
,,,,,,,,TYNDP2024_ANNEX_C2,"Annex C2, Detailed Nodes, Excel row 788",,endpoint_not_terminal_or_backbone,"Excluded from core graph; no endpoint, direction, or capacity is inferred.",c2_topology,788.0,ESh2,IB-STcESh2,Spain,Spain,2030.0,62.0,62.0,"TYNDP infrastructure-level planning capacity, not observed operational availability.",,,
,,,,,,,,TYNDP2024_ANNEX_C2,"Annex C2, Detailed Nodes, Excel row 789",,endpoint_not_terminal_or_backbone,"Excluded from core graph; no endpoint, direction, or capacity is inferred.",c2_topology,789.0,ESh2,IB-STcESh2,Spain,Spain,2040.0,62.0,62.0,"TYNDP infrastructure-level planning capacity, not observed operational availability.",,,
,,,,,,,,TYNDP2024_ANNEX_C2,"Annex C2, Detailed Nodes, Excel row 790",,outside_core_horizon,"Excluded from core graph; no endpoint, direction, or capacity is inferred.",c2_topology,790.0,ESh2,IB-STcESh2,Spain,Spain,2050.0,62.0,62.0,"TYNDP infrastructure-level planning capacity, not observed operational availability.",,,
,,,,,,,,TYNDP2024_ANNEX_C2,"Annex C2, Detailed Nodes, Excel row 791",,endpoint_not_terminal_or_backbone,"Excluded from core graph; no endpoint, direction, or capacity is inferred.",c2_topology,791.0,IB-STcESh2,ESh2,Spain,Spain,2030.0,62.0,62.0,"TYNDP infrastructure-level planning capacity, not observed operational availability.",,,
,,,,,,,,TYNDP2024_ANNEX_C2,"Annex C2, Detailed Nodes, Excel row 792",,endpoint_not_terminal_or_backbone,"Excluded from core graph; no endpoint, direction, or capacity is inferred.",c2_topology,792.0,IB-STcESh2,ESh2,Spain,Spain,2040.0,62.0,62.0,"TYNDP infrastructure-level planning capacity, not observed operational availability.",,,
,,,,,,,,TYNDP2024_ANNEX_C2,"Annex C2, Detailed Nodes, Excel row 793",,outside_core_horizon,"Excluded from core graph; no endpoint, direction, or capacity is inferred.",c2_topology,793.0,IB-STcESh2,ESh2,Spain,Spain,2050.0,62.0,62.0,"TYNDP infrastructure-level planning capacity, not observed operational availability.",,,
,,,,,,,,TYNDP2024_ANNEX_C2,"Annex C2, Detailed Nodes, Excel row 794",,endpoint_not_terminal_or_backbone,"Excluded from core graph; no endpoint, direction, or capacity is inferred.",c2_topology,794.0,NPcESh2TP,ESh2,Spain,Spain,2030.0,426.0,426.0,"TYNDP infrastructure-level planning capacity, not observed operational availability.",,,
,,,,,,,,TYNDP2024_ANNEX_C2,"Annex C2, Detailed Nodes, Excel row 795",,endpoint_not_terminal_or_backbone,"Excluded from core graph; no endpoint, direction, or capacity is inferred.",c2_topology,795.0,NPcESh2TP,ESh2,Spain,Spain,2040.0,740.0,740.0,"TYNDP infrastructure-level planning capacity, not observed operational availability.",,,
,,,,,,,,TYNDP2024_ANNEX_C2,"Annex C2, Detailed Nodes, Excel row 796",,outside_core_horizon,"Excluded from core graph; no endpoint, direction, or capacity is inferred.",c2_topology,796.0,NPcESh2TP,ESh2,Spain,Spain,2050.0,740.0,740.0,"TYNDP infrastructure-level planning capacity, not observed operational availability.",,,
,,,,,,,,TYNDP2024_ANNEX_C2,"Annex C2, Detailed Nodes, Excel row 797",,endpoint_not_terminal_or_backbone,"Excluded from core graph; no endpoint, direction, or capacity is inferred.",c2_topology,797.0,NPcEShe,NPcESh2TP,Spain,Spain,2030.0,12.51,12.51,"TYNDP infrastructure-level planning capacity, not observed operational availability.",,,
,,,,,,,,TYNDP2024_ANNEX_C2,"Annex C2, Detailed Nodes, Excel row 798",,endpoint_not_terminal_or_backbone,"Excluded from core graph; no endpoint, direction, or capacity is inferred.",c2_topology,798.0,NPcEShe,NPcESh2TP,Spain,Spain,2040.0,13.29,13.29,"TYNDP infrastructure-level planning capacity, not observed operational availability.",,,
,,,,,,,,TYNDP2024_ANNEX_C2,"Annex C2, Detailed Nodes, Excel row 799",,outside_core_horizon,"Excluded from core graph; no endpoint, direction, or capacity is inferred.",c2_topology,799.0,NPcEShe,NPcESh2TP,Spain,Spain,2050.0,13.29,13.29,"TYNDP infrastructure-level planning capacity, not observed operational availability.",,,
,,,,,,,,TYNDP2024_ANNEX_C2,"Annex C2, Detailed Nodes, Excel row 802",,outside_core_horizon,"Excluded from core graph; no endpoint, direction, or capacity is inferred.",c2_topology,802.0,SEh2,FIh2Al,Sweden,Finland,2050.0,504.0,504.0,"TYNDP infrastructure-level planning capacity, not observed operational availability.",,,
,,,,,,,,TYNDP2024_ANNEX_C2,"Annex C2, Detailed Nodes, Excel row 805",,outside_core_horizon,"Excluded from core graph; no endpoint, direction, or capacity is inferred.",c2_topology,805.0,SEh2,FIh2N,Sweden,Finland,2050.0,162.0,162.0,"TYNDP infrastructure-level planning capacity, not observed operational availability.",,,
,,,,,,,,TYNDP2024_ANNEX_C2,"Annex C2, Detailed Nodes, Excel row 806",,endpoint_not_terminal_or_backbone,"Excluded from core graph; no endpoint, direction, or capacity is inferred.",c2_topology,806.0,NPcSEh2TP,SEh2,Sweden,Sweden,2030.0,0.0,0.0,"TYNDP infrastructure-level planning capacity, not observed operational availability.",,,
,,,,,,,,TYNDP2024_ANNEX_C2,"Annex C2, Detailed Nodes, Excel row 807",,endpoint_not_terminal_or_backbone,"Excluded from core graph; no endpoint, direction, or capacity is inferred.",c2_topology,807.0,NPcSEh2TP,SEh2,Sweden,Sweden,2040.0,0.0,0.0,"TYNDP infrastructure-level planning capacity, not observed operational availability.",,,
,,,,,,,,TYNDP2024_ANNEX_C2,"Annex C2, Detailed Nodes, Excel row 808",,outside_core_horizon,"Excluded from core graph; no endpoint, direction, or capacity is inferred.",c2_topology,808.0,NPcSEh2TP,SEh2,Sweden,Sweden,2050.0,0.0,0.0,"TYNDP infrastructure-level planning capacity, not observed operational availability.",,,
,,,,,,,,TYNDP2024_ANNEX_C2,"Annex C2, Detailed Nodes, Excel row 811",,outside_core_horizon,"Excluded from core graph; no endpoint, direction, or capacity is inferred.",c2_topology,811.0,CHh2,FRh2,Switzerland,France,2050.0,0.0,0.0,"TYNDP infrastructure-level planning capacity, not observed operational availability.",,,
,,,,,,,,TYNDP2024_ANNEX_C2,"Annex C2, Detailed Nodes, Excel row 814",,outside_core_horizon,"Excluded from core graph; no endpoint, direction, or capacity is inferred.",c2_topology,814.0,CHh2,DEh2,Switzerland,Germany,2050.0,0.0,0.0,"TYNDP infrastructure-level planning capacity, not observed operational availability.",,,
,,,,,,,,TYNDP2024_ANNEX_C2,"Annex C2, Detailed Nodes, Excel row 817",,outside_core_horizon,"Excluded from core graph; no endpoint, direction, or capacity is inferred.",c2_topology,817.0,CHh2,IB-ITh2,Switzerland,Italy,2050.0,0.0,0.0,"TYNDP infrastructure-level planning capacity, not observed operational availability.",,,
,,,,,,,,TYNDP2024_ANNEX_C2,"Annex C2, Detailed Nodes, Excel row 820",,outside_core_horizon,"Excluded from core graph; no endpoint, direction, or capacity is inferred.",c2_topology,820.0,TRh2,GRh2,Turkey,Greece,2050.0,0.0,0.0,"TYNDP infrastructure-level planning capacity, not observed operational availability.",,,
,,,,,,,,TYNDP2024_ANNEX_C2,"Annex C2, Detailed Nodes, Excel row 823",,outside_core_horizon,"Excluded from core graph; no endpoint, direction, or capacity is inferred.",c2_topology,823.0,UAh2,HUh2,Ukraine,Hungary,2050.0,0.0,0.0,"TYNDP infrastructure-level planning capacity, not observed operational availability.",,,
,,,,,,,,TYNDP2024_ANNEX_C2,"Annex C2, Detailed Nodes, Excel row 826",,outside_core_horizon,"Excluded from core graph; no endpoint, direction, or capacity is inferred.",c2_topology,826.0,UAh2,PLh2S,Ukraine,Poland,2050.0,0.0,0.0,"TYNDP infrastructure-level planning capacity, not observed operational availability.",,,
,,,,,,,,TYNDP2024_ANNEX_C2,"Annex C2, Detailed Nodes, Excel row 829",,outside_core_horizon,"Excluded from core graph; no endpoint, direction, or capacity is inferred.",c2_topology,829.0,UAh2,ROh2,Ukraine,Romania,2050.0,0.0,0.0,"TYNDP infrastructure-level planning capacity, not observed operational availability.",,,
,,,,,,,,TYNDP2024_ANNEX_C2,"Annex C2, Detailed Nodes, Excel row 832",,outside_core_horizon,"Excluded from core graph; no endpoint, direction, or capacity is inferred.",c2_topology,832.0,UAh2,IB-SKh2E,Ukraine,Slovakia,2050.0,144.0,144.0,"TYNDP infrastructure-level planning capacity, not observed operational availability.",,,
,,,,,,,,TYNDP2024_ANNEX_C2,"Annex C2, Detailed Nodes, Excel row 835",,outside_core_horizon,"Excluded from core graph; no endpoint, direction, or capacity is inferred.",c2_topology,835.0,UKh2/INT,BEh2,United Kingdom,Belgium,2050.0,0.0,0.0,"TYNDP infrastructure-level planning capacity, not observed operational availability.",,,
,,,,,,,,TYNDP2024_ANNEX_C2,"Annex C2, Detailed Nodes, Excel row 838",,outside_core_horizon,"Excluded from core graph; no endpoint, direction, or capacity is inferred.",c2_topology,838.0,UKh2,IEh2,United Kingdom,Ireland,2050.0,0.0,0.0,"TYNDP infrastructure-level planning capacity, not observed operational availability.",,,
,,,,,,,,TYNDP2024_ANNEX_C2,"Annex C2, Detailed Nodes, Excel row 841",,outside_core_horizon,"Excluded from core graph; no endpoint, direction, or capacity is inferred.",c2_topology,841.0,UKh2,NLh2,United Kingdom,Netherlands,2050.0,0.0,0.0,"TYNDP infrastructure-level planning capacity, not observed operational availability.",,,
,,,,,,,,TYNDP2024_ANNEX_C2,"Annex C2, Detailed Nodes, Excel row 842",,endpoint_not_terminal_or_backbone,"Excluded from core graph; no endpoint, direction, or capacity is inferred.",c2_topology,842.0,NPcUKh2TP,UKh2,United Kingdom,United Kingdom,2030.0,0.0,0.0,"TYNDP infrastructure-level planning capacity, not observed operational availability.",,,
,,,,,,,,TYNDP2024_ANNEX_C2,"Annex C2, Detailed Nodes, Excel row 843",,endpoint_not_terminal_or_backbone,"Excluded from core graph; no endpoint, direction, or capacity is inferred.",c2_topology,843.0,NPcUKh2TP,UKh2,United Kingdom,United Kingdom,2040.0,0.0,0.0,"TYNDP infrastructure-level planning capacity, not observed operational availability.",,,
,,,,,,,,TYNDP2024_ANNEX_C2,"Annex C2, Detailed Nodes, Excel row 844",,outside_core_horizon,"Excluded from core graph; no endpoint, direction, or capacity is inferred.",c2_topology,844.0,NPcUKh2TP,UKh2,United Kingdom,United Kingdom,2050.0,0.0,0.0,"TYNDP infrastructure-level planning capacity, not observed operational availability.",,,
,,,,,,,,TYNDP2024_ANNEX_C2,"Annex C2, Detailed Nodes, Excel row 847",,outside_core_horizon,"Excluded from core graph; no endpoint, direction, or capacity is inferred.",c2_topology,847.0,UKh2,UKh2/INT,United Kingdom,United Kingdom,2050.0,0.0,0.0,"TYNDP infrastructure-level planning capacity, not observed operational availability.",,,
,,,,,,,,TYNDP2024_ANNEX_C2,"Annex C2, Detailed Nodes, Excel row 850",,outside_core_horizon,"Excluded from core graph; no endpoint, direction, or capacity is inferred.",c2_topology,850.0,UKh2/INT,UKh2,United Kingdom,United Kingdom,2050.0,0.0,0.0,"TYNDP infrastructure-level planning capacity, not observed operational availability.",,,
,,,Norway,,,,,EHO_DEMAND_2024_UPDATE;TYNDP2024_ANNEX_C2;TYNDP2024_ANNEX_A,"Annual consumption per plant, row 41",,no_directed_path_from_an_explicit_carrier_evidenced_terminal_in_any_frozen_core_graph,"Excluded from the core demand sample; no terminal, reverse network edge, or local connection is imputed.",facility_reachability,,,,,,,,,,EHO_F034,Kristiansand,Glencore Nikkelverk
,,,Norway,,,,,EHO_DEMAND_2024_UPDATE;TYNDP2024_ANNEX_C2;TYNDP2024_ANNEX_A,"Annual consumption per plant, row 42",,no_directed_path_from_an_explicit_carrier_evidenced_terminal_in_any_frozen_core_graph,"Excluded from the core demand sample; no terminal, reverse network edge, or local connection is imputed.",facility_reachability,,,,,,,,,,EHO_F035,Mongstad,Equinor
,,,Norway,,,,,EHO_DEMAND_2024_UPDATE;TYNDP2024_ANNEX_C2;TYNDP2024_ANNEX_A,"Annual consumption per plant, row 43",,no_directed_path_from_an_explicit_carrier_evidenced_terminal_in_any_frozen_core_graph,"Excluded from the core demand sample; no terminal, reverse network edge, or local connection is imputed.",facility_reachability,,,,,,,,,,EHO_F036,Porsgrunn,YARA
,,,Norway,,,,,EHO_DEMAND_2024_UPDATE;TYNDP2024_ANNEX_C2;TYNDP2024_ANNEX_A,"Annual consumption per plant, row 44",,no_directed_path_from_an_explicit_carrier_evidenced_terminal_in_any_frozen_core_graph,"Excluded from the core demand sample; no terminal, reverse network edge, or local connection is imputed.",facility_reachability,,,,,,,,,,EHO_F037,Rogaland,"YARA, Equinor, Gassco, ABB"
,,,Norway,,,,,EHO_DEMAND_2024_UPDATE;TYNDP2024_ANNEX_C2;TYNDP2024_ANNEX_A,"Annual consumption per plant, row 45",,no_directed_path_from_an_explicit_carrier_evidenced_terminal_in_any_frozen_core_graph,"Excluded from the core demand sample; no terminal, reverse network edge, or local connection is imputed.",facility_reachability,,,,,,,,,,EHO_F038,Sarpsborg,Borregaard Industries
,,,Norway,,,,,EHO_DEMAND_2024_UPDATE;TYNDP2024_ANNEX_C2;TYNDP2024_ANNEX_A,"Annual consumption per plant, row 46",,no_directed_path_from_an_explicit_carrier_evidenced_terminal_in_any_frozen_core_graph,"Excluded from the core demand sample; no terminal, reverse network edge, or local connection is imputed.",facility_reachability,,,,,,,,,,EHO_F039,Volden,"Equinor, Conoco Phillips"
