tnydp_version,subcategory,code,project_name,country,promoter,maturity_status,new_repurposed,section_name,section_length_km,nominal_diameter_mm,max_operating_pressure_bar,hydrogen_import_capacity_gwh_per_day,importing_hydrogen_carrier_raw,conversion_efficiency_pct,storage_capacity_gwh,commissioning_year,sourcing_country,source_sheet,capacity_semantics,model_use,qa_flag
2026,H2L,H2L-A-776,Hydrogen Mediterranean Gateway Hub Project at Port-La Nouvelle,France,SEMOP PORT-LA NOUVELLE; HOËGH EVI: TEREGA SOLUTIONS,Advanced,New,,,,,43.2,Ammonia,,,2039.0,"LNG or LH2 or other liquid carriers; North America (USA and Canada), MENA region, Latin America.",H2L,promoter-submitted preliminary planning assumption,upper_bound_or_project_status_only,
2026,H2L,H2L-A-822,H2/NH3 import terminal Antwerp - Vopak Energy Park Antwerp,Belgium,Vopak Energy Park Antwerp NV,Advanced,New,,,,,15.0,Ammonia,85.0,430.0,2029.0,Electrolysis; SMR;,H2L,promoter-submitted preliminary planning assumption,upper_bound_or_project_status_only,
2026,H2L,H2L-A-822,H2/NH3 import terminal Antwerp - Vopak Energy Park Antwerp,Belgium,Vopak Energy Park Antwerp NV,Advanced,New,,,,,15.0,Ammonia,85.0,430.0,2030.0,Electrolysis; SMR;,H2L,promoter-submitted preliminary planning assumption,upper_bound_or_project_status_only,
2026,H2L,H2L-A-968,Green Wilhelmshaven H2 Terminal incl. operational Storage and Cracker,Germany,Uniper Hydrogen GmbH,Advanced,New,,,,,31.2,Ammonia,85.0,,,Ammonia to Hydrogen Cracking,H2L,promoter-submitted preliminary planning assumption,upper_bound_or_project_status_only,
2026,H2L,H2L-A-968,Green Wilhelmshaven H2 Terminal incl. operational Storage and Cracker,Germany,Uniper Hydrogen GmbH,Advanced,New,,,,,31.2,Ammonia,85.0,,,Ammonia to Hydrogen Cracking,H2L,promoter-submitted preliminary planning assumption,upper_bound_or_project_status_only,
2026,H2L,H2L-A-968,Green Wilhelmshaven H2 Terminal incl. operational Storage and Cracker,Germany,Uniper Hydrogen GmbH,Advanced,New,,,,,31.2,Ammonia,85.0,,,Ammonia to Hydrogen Cracking,H2L,promoter-submitted preliminary planning assumption,upper_bound_or_project_status_only,
2026,H2L,H2L-A-968,Green Wilhelmshaven H2 Terminal incl. operational Storage and Cracker,Germany,Uniper Hydrogen GmbH,Advanced,New,,,,,31.2,Ammonia,85.0,,,Ammonia to Hydrogen Cracking,H2L,promoter-submitted preliminary planning assumption,upper_bound_or_project_status_only,
2026,H2L,H2L-A-968,Green Wilhelmshaven H2 Terminal incl. operational Storage and Cracker,Germany,Uniper Hydrogen GmbH,Advanced,New,,,,,31.2,Ammonia,85.0,,,Ammonia to Hydrogen Cracking,H2L,promoter-submitted preliminary planning assumption,upper_bound_or_project_status_only,
2026,H2L,H2L-A-968,Green Wilhelmshaven H2 Terminal incl. operational Storage and Cracker,Germany,Uniper Hydrogen GmbH,Advanced,New,,,,,31.2,Ammonia,85.0,,,Ammonia to Hydrogen Cracking,H2L,promoter-submitted preliminary planning assumption,upper_bound_or_project_status_only,
2026,H2L,H2L-A-968,Green Wilhelmshaven H2 Terminal incl. operational Storage and Cracker,Germany,Uniper Hydrogen GmbH,Advanced,New,,,,,31.2,Ammonia,87.0,,2033.0,Ammonia to Hydrogen Cracking,H2L,promoter-submitted preliminary planning assumption,upper_bound_or_project_status_only,
2026,H2L,H2L-A-1127,Amplifhy Rotterdam,Netherlands,VTTI Terminal Support Services (“VTTI”),Advanced,New,,,,,18.76,Ammonia,89.0,210.0,2029.0,LNG or LH2 or other liquid carriers;,H2L,promoter-submitted preliminary planning assumption,upper_bound_or_project_status_only,
2026,H2L,H2L-A-1127,Amplifhy Rotterdam,Netherlands,VTTI Terminal Support Services (“VTTI”),Advanced,New,,,,,32.09,Ammonia,89.0,367.5,2033.0,LNG or LH2 or other liquid carriers;,H2L,promoter-submitted preliminary planning assumption,upper_bound_or_project_status_only,
2026,H2L,H2L-A-1395,MB New Energy Gate Hamburg I,Germany,MB Energy Holding GmbH & Co. KG (MBE),Advanced,New,,,,,20.0,Ammonia,78.0,0.0,2030.0,Cracking of ammonia imported from sources worldwide,H2L,promoter-submitted preliminary planning assumption,upper_bound_or_project_status_only,
2026,H2L,H2L-N-664,Antwerp NH3 Import Terminal,Belgium,Fluxys NV/SA and Advario,Less-Advanced,New,,,,,16.2,Ammonia,90.0,740.0,2032.0,LNG or LH2 or other liquid carriers;,H2L,promoter-submitted preliminary planning assumption,upper_bound_or_project_status_only,
2026,H2L,H2L-N-665,Eemshaven H2,Netherlands,N.V. NEDERLANDSE GASUNIE,Less-Advanced,New,,,,,18.25,Ammonia,97.7,312.0,2033.0,LNG or LH2 or other liquid carriers;,H2L,promoter-submitted preliminary planning assumption,upper_bound_or_project_status_only,
2026,H2L,H2L-N-665,Eemshaven H2,Netherlands,N.V. NEDERLANDSE GASUNIE,Less-Advanced,New,,,,,36.49,Ammonia,97.7,312.0,2037.0,LNG or LH2 or other liquid carriers;,H2L,promoter-submitted preliminary planning assumption,upper_bound_or_project_status_only,
2026,H2L,H2L-N-680,Project Eos,Netherlands,Ecolog Eos B.V.,Less-Advanced,New,,,,,18.27,liquified Hydrogen,100.0,95.0,2030.0,LNG or LH2 or other liquid carriers; Electrolysis;,H2L,promoter-submitted preliminary planning assumption,upper_bound_or_project_status_only,
2026,H2L,H2L-N-680,Project Eos,Netherlands,Ecolog Eos B.V.,Less-Advanced,New,,,,,54.8,liquified Hydrogen,100.0,190.0,2040.0,LNG or LH2 or other liquid carriers; Electrolysis;,H2L,promoter-submitted preliminary planning assumption,upper_bound_or_project_status_only,
2026,H2L,H2L-N-695,Cretan Renewable Hydrogen Export Terminal (H2L Crete),Greece,Eunice Laboratories Single Member S.A.,Less-Advanced,,,,,,,,,,,Electrolysis;,H2L,promoter-submitted preliminary planning assumption,upper_bound_or_project_status_only,
2026,H2L,H2L-N-701,Wilhelmshaven H2 Floating Terminal,Germany,"Nord-West Oelleitung GmbH (NWO), Höegh Evi AS (EVI)",Less-Advanced,New,,,,,25.0,Ammonia,80.0,350.0,2030.0,LNG or LH2 or other liquid carriers; The H2L facilities enables NH3 import and cracking towards H2 for the H2 core grid.,H2L,promoter-submitted preliminary planning assumption,upper_bound_or_project_status_only,
2026,H2L,H2L-N-716,Cypriot Renewable Hydrogen Export Terminal (H2L Cyprus),Cyprus,Eunice Laboratories Single Member S.A.,Less-Advanced,,,,,,,,,,,Electrolysis;,H2L,promoter-submitted preliminary planning assumption,upper_bound_or_project_status_only,
2026,H2L,H2L-N-741,Bordeaux Port H2Hub - Ammonia,France,Grand Port Maritime de Bordeaux,Less-Advanced,Repurposed,,,,,15.0,Ammonia,85.0,142.0,2034.0,LNG or LH2 or other liquid carriers;,H2L,promoter-submitted preliminary planning assumption,upper_bound_or_project_status_only,
2026,H2L,H2L-N-754,ACE Terminal,Netherlands,N.V. NEDERLANDSE GASUNIE,Less-Advanced,New,,,,,18.25,Ammonia,97.7,312.0,2032.0,LNG or LH2 or other liquid carriers;,H2L,promoter-submitted preliminary planning assumption,upper_bound_or_project_status_only,
2026,H2L,H2L-N-754,ACE Terminal,Netherlands,N.V. NEDERLANDSE GASUNIE,Less-Advanced,New,,,,,36.49,Ammonia,97.7,624.0,2034.0,LNG or LH2 or other liquid carriers;,H2L,promoter-submitted preliminary planning assumption,upper_bound_or_project_status_only,
2026,H2L,H2L-N-754,ACE Terminal,Netherlands,N.V. NEDERLANDSE GASUNIE,Less-Advanced,New,,,,,63.86,Ammonia,97.7,936.0,2037.0,LNG or LH2 or other liquid carriers;,H2L,promoter-submitted preliminary planning assumption,upper_bound_or_project_status_only,
2026,H2L,H2L-N-754,ACE Terminal,Netherlands,N.V. NEDERLANDSE GASUNIE,Less-Advanced,New,,,,,91.23,Ammonia,97.7,1248.0,2039.0,LNG or LH2 or other liquid carriers;,H2L,promoter-submitted preliminary planning assumption,upper_bound_or_project_status_only,
2026,H2L,H2L-N-820,Dunkerque New Molecules development,France,Fluxys NV/SA,Less-Advanced,New,,,,,48.0,Ammonia,,,,LNG or LH2 or other liquid carriers;,H2L,promoter-submitted preliminary planning assumption,upper_bound_or_project_status_only,
2026,H2L,H2L-N-820,Dunkerque New Molecules development,France,Fluxys NV/SA,Less-Advanced,New,,,,,48.0,Ammonia,,,,LNG or LH2 or other liquid carriers;,H2L,promoter-submitted preliminary planning assumption,upper_bound_or_project_status_only,
2026,H2L,H2L-N-820,Dunkerque New Molecules development,France,Fluxys NV/SA,Less-Advanced,New,,,,,48.0,Ammonia,,,,LNG or LH2 or other liquid carriers;,H2L,promoter-submitted preliminary planning assumption,upper_bound_or_project_status_only,
2026,H2L,H2L-N-820,Dunkerque New Molecules development,France,Fluxys NV/SA,Less-Advanced,New,,,,,48.0,Ammonia,,,,LNG or LH2 or other liquid carriers;,H2L,promoter-submitted preliminary planning assumption,upper_bound_or_project_status_only,
2026,H2L,H2L-N-820,Dunkerque New Molecules development,France,Fluxys NV/SA,Less-Advanced,New,,,,,48.0,Ammonia,90.0,1110.0,2035.0,LNG or LH2 or other liquid carriers;,H2L,promoter-submitted preliminary planning assumption,upper_bound_or_project_status_only,
2026,H2L,H2L-N-863,Blue Danube,Germany,Hydrogenious LOHC Infra Bavaria GmbH (representative: Hydrogenious LOHC Tec,Less-Advanced,New,,,,,0.16,Other LOHC,,3.96,2028.0,Germany,H2L,promoter-submitted preliminary planning assumption,upper_bound_or_project_status_only,
2026,H2L,H2L-N-932,Ionian Energy Terminal,Greece,Natural Gas Submarine Interconnector Greece-Italy Poseidon S.A.,Less-Advanced,New,,,,,50.0,Ammonia,90.0,500.0,2034.0,"LNG or LH2 or other liquid carriers; MENA area (Egypt, Saudi, Israel, Morocco, UAE) and India",H2L,promoter-submitted preliminary planning assumption,upper_bound_or_project_status_only,
2026,H2L,H2L-N-1100,Amplifhy Antwerp,Belgium,VTTI Terminal Support Services (“VTTI”),Less-Advanced,New,,,,,24.92,Ammonia,89.0,420.0,2029.0,LNG or LH2 or other liquid carriers;,H2L,promoter-submitted preliminary planning assumption,upper_bound_or_project_status_only,
2026,H2L,H2L-N-1100,Amplifhy Antwerp,Belgium,VTTI Terminal Support Services (“VTTI”),Less-Advanced,New,,,,,45.68,Ammonia,89.0,367.5,2033.0,LNG or LH2 or other liquid carriers;,H2L,promoter-submitted preliminary planning assumption,upper_bound_or_project_status_only,
2026,H2L,H2L-N-1159,Wilhelmshaven NH3 Terminal,Germany,Nord-West Oelleitung GmbH (NWO),Less-Advanced,New,,,,,15.1,Ammonia,75.0,420.0,2030.0,LNG or LH2 or other liquid carriers; The H2L facilities enables NH3 import and cracking towards H2 for the H2 core grid.,H2L,promoter-submitted preliminary planning assumption,upper_bound_or_project_status_only,
2026,H2L,H2L-N-1224,MEDHYTERRA,France,Elengy,Less-Advanced,,,,,,,,,,,LNG or LH2 or other liquid carriers;,H2L,promoter-submitted preliminary planning assumption,upper_bound_or_project_status_only,
2026,H2L,H2L-N-1314,North Adriatic H2 Terminal,Italy,Edison Spa,Less-Advanced,New,,,,,27.5,Ammonia,90.0,300.0,2034.0,"MENA countries, such as Oman, Egypt, Saudi Arabia, Morocco, UAE, etc. and India",H2L,promoter-submitted preliminary planning assumption,upper_bound_or_project_status_only,
2026,H2L,H2L-N-1314,North Adriatic H2 Terminal,Italy,Edison Spa,Less-Advanced,New,,,,,27.5,Ammonia,90.0,300.0,2036.0,"MENA countries, such as Oman, Egypt, Saudi Arabia, Morocco, UAE, etc. and India",H2L,promoter-submitted preliminary planning assumption,upper_bound_or_project_status_only,
2026,H2L,H2L-N-1325,Zeebrugge New Molecules development,Belgium,Fluxys NV/SA,Less-Advanced,New,,,,,48.0,Ammonia,,,,LNG or LH2 or other liquid carriers;,H2L,promoter-submitted preliminary planning assumption,upper_bound_or_project_status_only,
2026,H2L,H2L-N-1325,Zeebrugge New Molecules development,Belgium,Fluxys NV/SA,Less-Advanced,New,,,,,48.0,Ammonia,,,,LNG or LH2 or other liquid carriers;,H2L,promoter-submitted preliminary planning assumption,upper_bound_or_project_status_only,
2026,H2L,H2L-N-1325,Zeebrugge New Molecules development,Belgium,Fluxys NV/SA,Less-Advanced,New,,,,,48.0,Ammonia,90.0,1110.0,2035.0,LNG or LH2 or other liquid carriers;,H2L,promoter-submitted preliminary planning assumption,upper_bound_or_project_status_only,
2026,H2L,H2L-N-1370,Greek H2 Terminal,Greece,DESFA S.A.,Less-Advanced,New,,,,,95.9,liquified Hydrogen,99.0,330.0,2040.0,LNG or LH2 or other liquid carriers; Electrolysis;,H2L,promoter-submitted preliminary planning assumption,upper_bound_or_project_status_only,
2026,H2L,H2L-N-1383,SE MED Renewable Hydrogen Reception Facility (H2L SE MED),Greece,"Eunice Laboratories, Single Member Société Anonyme",Less-Advanced,New,,,,,5.1,liquified Hydrogen,99.0,0.0,2032.0,,H2L,promoter-submitted preliminary planning assumption,upper_bound_or_project_status_only,
2026,H2L,H2L-N-1386,MB New Energy Gate Duisburg I,Germany,MB Energy Holding GmbH & Co. KG (MBE),Less-Advanced,New,,,,,9.0,Ammonia,78.0,0.0,2032.0,LNG or LH2 or other liquid carriers; Cracking of ammonia imported from sources worldwide,H2L,promoter-submitted preliminary planning assumption,upper_bound_or_project_status_only,
2026,H2L,H2L-N-1387,MB New Energy Gate Duisburg II,Germany,MB Energy Holding GmbH & Co. KG (MBE),Less-Advanced,New,,,,,1.6,liquified Hydrogen,100.0,0.0,2033.0,LNG or LH2 or other liquid carriers; from sources worldwide,H2L,promoter-submitted preliminary planning assumption,upper_bound_or_project_status_only,
2026,H2L,H2L-N-1397,MB New Energy Gate Hamburg II,Germany,MB Energy Holding GmbH & Co. KG (MBE),Less-Advanced,New,,,,,8.0,liquified Hydrogen,100.0,0.0,2033.0,LNG or LH2 or other liquid carriers; sources worldwide,H2L,promoter-submitted preliminary planning assumption,upper_bound_or_project_status_only,
2026,H2T,H2T-F-642,HyPipe Bavaria – The Hydrogen Hub,Germany,bayernets GmbH,FID,Repurposed,Irsching-Kösching,9.8,500.0,60.0,,,,,2026.0,"Transit from all geographical directions i.a. from North Africa, Ukraine, Spain and other european regions",H2T,route attribute; hydraulic capacity not supplied in this sheet,route_and_project_status_only,
2026,H2T,H2T-F-642,HyPipe Bavaria – The Hydrogen Hub,Germany,bayernets GmbH,FID,Repurposed,Lengthal-Burgkirchen,8.9,300.0,70.0,,,,,2026.0,"Transit from all geographical directions i.a. from North Africa, Ukraine, Spain and other european regions",H2T,route attribute; hydraulic capacity not supplied in this sheet,route_and_project_status_only,
2026,H2T,H2T-F-642,HyPipe Bavaria – The Hydrogen Hub,Germany,bayernets GmbH,FID,Repurposed,Haiming-Burghausen/Lengthal,3.7,700.0,95.0,,,,,2026.0,"Transit from all geographical directions i.a. from North Africa, Ukraine, Spain and other european regions",H2T,route attribute; hydraulic capacity not supplied in this sheet,route_and_project_status_only,
2026,H2T,H2T-F-642,HyPipe Bavaria – The Hydrogen Hub,Germany,bayernets GmbH,FID,New,Forchheim-Irsching,12.0,800.0,100.0,,,,,2027.0,"Transit from all geographical directions i.a. from North Africa, Ukraine, Spain and other european regions",H2T,route attribute; hydraulic capacity not supplied in this sheet,route_and_project_status_only,
2026,H2T,H2T-F-642,HyPipe Bavaria – The Hydrogen Hub,Germany,bayernets GmbH,FID,Repurposed,Münchsmünster-Neustadt an der Donau,4.4,300.0,70.0,,,,,2027.0,"Transit from all geographical directions i.a. from North Africa, Ukraine, Spain and other european regions",H2T,route attribute; hydraulic capacity not supplied in this sheet,route_and_project_status_only,
2026,H2T,H2T-F-642,HyPipe Bavaria – The Hydrogen Hub,Germany,bayernets GmbH,FID,Repurposed,Münchsmünster-Forchheim,8.4,700.0,67.5,,,,,2027.0,"Transit from all geographical directions i.a. from North Africa, Ukraine, Spain and other european regions",H2T,route attribute; hydraulic capacity not supplied in this sheet,route_and_project_status_only,
2026,H2T,H2T-F-642,HyPipe Bavaria – The Hydrogen Hub,Germany,bayernets GmbH,FID,Repurposed,Mailing-Kötz,105.0,450.0,60.0,,,,,2030.0,"Transit from all geographical directions i.a. from North Africa, Ukraine, Spain and other european regions",H2T,route attribute; hydraulic capacity not supplied in this sheet,route_and_project_status_only,
2026,H2T,H2T-F-642,HyPipe Bavaria – The Hydrogen Hub,Germany,bayernets GmbH,FID,Repurposed,Kösching-Mailing,5.3,500.0,60.0,,,,,2030.0,"Transit from all geographical directions i.a. from North Africa, Ukraine, Spain and other european regions",H2T,route attribute; hydraulic capacity not supplied in this sheet,route_and_project_status_only,
2026,H2T,H2T-F-642,HyPipe Bavaria – The Hydrogen Hub,Germany,bayernets GmbH,FID,Repurposed,Finsing-Münchsmünster,65.1,700.0,67.5,,,,,2030.0,"Transit from all geographical directions i.a. from North Africa, Ukraine, Spain and other european regions",H2T,route attribute; hydraulic capacity not supplied in this sheet,route_and_project_status_only,
2026,H2T,H2T-F-642,HyPipe Bavaria – The Hydrogen Hub,Germany,bayernets GmbH,FID,Repurposed,Bierwang-Finsing,47.3,500.0,70.0,,,,,2030.0,"Transit from all geographical directions i.a. from North Africa, Ukraine, Spain and other european regions",H2T,route attribute; hydraulic capacity not supplied in this sheet,route_and_project_status_only,
2026,H2T,H2T-F-642,HyPipe Bavaria – The Hydrogen Hub,Germany,bayernets GmbH,FID,Repurposed,Gröben-Bierwang,2.4,500.0,80.0,,,,,2030.0,"Transit from all geographical directions i.a. from North Africa, Ukraine, Spain and other european regions",H2T,route attribute; hydraulic capacity not supplied in this sheet,route_and_project_status_only,
2026,H2T,H2T-F-642,HyPipe Bavaria – The Hydrogen Hub,Germany,bayernets GmbH,FID,Repurposed,Burgkirchen-Gröben,22.5,250.0,40.0,,,,,2030.0,"Transit from all geographical directions i.a. from North Africa, Ukraine, Spain and other european regions",H2T,route attribute; hydraulic capacity not supplied in this sheet,route_and_project_status_only,
2026,H2T,H2T-F-642,HyPipe Bavaria – The Hydrogen Hub,Germany,bayernets GmbH,FID,Repurposed,Überackern-Haiming,1.1,700.0,95.0,,,,,2030.0,"Transit from all geographical directions i.a. from North Africa, Ukraine, Spain and other european regions",H2T,route attribute; hydraulic capacity not supplied in this sheet,route_and_project_status_only,
2026,H2T,H2T-F-642,HyPipe Bavaria – The Hydrogen Hub,Germany,bayernets GmbH,FID,Repurposed,Schnaitsee-Lengthal,40.6,800.0,84.0,,,,,2032.0,"Transit from all geographical directions i.a. from North Africa, Ukraine, Spain and other european regions",H2T,route attribute; hydraulic capacity not supplied in this sheet,route_and_project_status_only,
2026,H2T,H2T-F-642,HyPipe Bavaria – The Hydrogen Hub,Germany,bayernets GmbH,FID,Repurposed,Finsing-Schnaitsee,48.6,900.0,80.0,,,,,2032.0,"Transit from all geographical directions i.a. from North Africa, Ukraine, Spain and other european regions",H2T,route attribute; hydraulic capacity not supplied in this sheet,route_and_project_status_only,
2026,H2T,H2T-F-666,H2Coastlink,Germany,Gastransport Nord GmbH,FID,New,Emden-Ost-Nüttermoor,24.0,400.0,80.0,,,,,2027.0,Electrolysis;,H2T,route attribute; hydraulic capacity not supplied in this sheet,route_and_project_status_only,
2026,H2T,H2T-F-666,H2Coastlink,Germany,Gastransport Nord GmbH,FID,New,UGS Huntorf-Sandkrug,5.0,200.0,80.0,,,,,2027.0,Electrolysis;,H2T,route attribute; hydraulic capacity not supplied in this sheet,route_and_project_status_only,
2026,H2T,H2T-F-666,H2Coastlink,Germany,Gastransport Nord GmbH,FID,Repurposed,Sande-Jemgum,73.0,600.0,100.0,,,,,2027.0,Electrolysis;,H2T,route attribute; hydraulic capacity not supplied in this sheet,route_and_project_status_only,
2026,H2T,H2T-F-666,H2Coastlink,Germany,Gastransport Nord GmbH,FID,Repurposed,Huntorf-Sandkrug,32.0,200.0,80.0,,,,,2027.0,Electrolysis;,H2T,route attribute; hydraulic capacity not supplied in this sheet,route_and_project_status_only,
2026,H2T,H2T-F-666,H2Coastlink,Germany,Gastransport Nord GmbH,FID,Repurposed,Huntorf-Rastede,20.0,600.0,80.0,,,,,2029.0,Electrolysis;,H2T,route attribute; hydraulic capacity not supplied in this sheet,route_and_project_status_only,
2026,H2T,H2T-F-666,H2Coastlink,Germany,Gastransport Nord GmbH,FID,New,Rastede-Westerstede,19.0,600.0,80.0,,,,,2029.0,Electrolysis;,H2T,route attribute; hydraulic capacity not supplied in this sheet,route_and_project_status_only,
2026,H2T,H2T-F-666,H2Coastlink,Germany,Gastransport Nord GmbH,FID,New,UGS Huntorf-Elsfleth,5.0,400.0,80.0,,,,,2030.0,Electrolysis;,H2T,route attribute; hydraulic capacity not supplied in this sheet,route_and_project_status_only,
2026,H2T,H2T-F-666,H2Coastlink,Germany,Gastransport Nord GmbH,FID,New,Elsfleth-Bremerhaven,32.0,400.0,80.0,,,,,2030.0,Electrolysis;,H2T,route attribute; hydraulic capacity not supplied in this sheet,route_and_project_status_only,
2026,H2T,H2T-F-725,Belgian Hydrogen Backbone - Interconnection BE-NL (Zandvliet & Zelzate),Belgium,Fluxys Hydrogen NV/SA,FID,New,IP Zandvliet  + Cluster Antwerp,68.0,600.0,66.2,,,,,2026.0,,H2T,route attribute; hydraulic capacity not supplied in this sheet,route_and_project_status_only,
2026,H2T,H2T-F-725,Belgian Hydrogen Backbone - Interconnection BE-NL (Zandvliet & Zelzate),Belgium,Fluxys Hydrogen NV/SA,FID,New,IP Zelzate + Cluster Ghent​,32.0,600.0,66.2,,,,,2032.0,,H2T,route attribute; hydraulic capacity not supplied in this sheet,route_and_project_status_only,
2026,H2T,H2T-F-899,mosaHYc - Mosel Saar Hydrogen Conversion,France,NaTran,FID,New,Bouzonville - cross border,3.0,600.0,28.0,,,,,2029.0,,H2T,route attribute; hydraulic capacity not supplied in this sheet,route_and_project_status_only,
2026,H2T,H2T-F-899,mosaHYc - Mosel Saar Hydrogen Conversion,France,NaTran,FID,New,Carling – cross border,3.0,150.0,28.0,,,,,2029.0,,H2T,route attribute; hydraulic capacity not supplied in this sheet,route_and_project_status_only,
2026,H2T,H2T-F-899,mosaHYc - Mosel Saar Hydrogen Conversion,France,NaTran,FID,Repurposed,Carling -Bouzonville - Perl,46.0,250.0,28.0,,,,,2029.0,,H2T,route attribute; hydraulic capacity not supplied in this sheet,route_and_project_status_only,
2026,H2T,H2T-F-987,mosaHYc (Mosel Saar Hydrogen Conversion) - Germany,Germany,Creos Deutschland Wasserstoff GmbH,FID,New,cross border - Dillingen,17.0,600.0,28.0,,,,,2029.0,,H2T,route attribute; hydraulic capacity not supplied in this sheet,route_and_project_status_only,
2026,H2T,H2T-F-987,mosaHYc (Mosel Saar Hydrogen Conversion) - Germany,Germany,Creos Deutschland Wasserstoff GmbH,FID,Repurposed,crossborder - Perl,7.0,250.0,28.0,,,,,2029.0,,H2T,route attribute; hydraulic capacity not supplied in this sheet,route_and_project_status_only,
2026,H2T,H2T-F-987,mosaHYc (Mosel Saar Hydrogen Conversion) - Germany,Germany,Creos Deutschland Wasserstoff GmbH,FID,Repurposed,Fenne-Fürstenhausen- cross border,19.0,200.0,28.0,,,,,2029.0,,H2T,route attribute; hydraulic capacity not supplied in this sheet,route_and_project_status_only,
2026,H2T,H2T-F-989,doing hydrogen,Germany,ONTRAS Gastransport GmbH,FID,Repurposed,Berlin to Blumberg,63.6,600.0,40.0,,,,,2029.0,Electrolysis,H2T,route attribute; hydraulic capacity not supplied in this sheet,route_and_project_status_only,
2026,H2T,H2T-F-989,doing hydrogen,Germany,ONTRAS Gastransport GmbH,FID,Repurposed,Berlin to Leipzig,190.6,800.0,40.0,,,,,2032.0,Electrolysis,H2T,route attribute; hydraulic capacity not supplied in this sheet,route_and_project_status_only,
2026,H2T,H2T-F-989,doing hydrogen,Germany,ONTRAS Gastransport GmbH,FID,New,Berlin to Eisenhüttenstadt,85.3,1000.0,84.0,,,,,2033.0,Electrolysis,H2T,route attribute; hydraulic capacity not supplied in this sheet,route_and_project_status_only,
2026,H2T,H2T-F-996,Green Octopus Mitteldeutschland,Germany,ONTRAS Gastransport GmbH,FID,Repurposed,Milzau to Plaußig,42.8,800.0,40.0,,,,,2027.0,Electrolysis,H2T,route attribute; hydraulic capacity not supplied in this sheet,route_and_project_status_only,
2026,H2T,H2T-F-996,Green Octopus Mitteldeutschland,Germany,ONTRAS Gastransport GmbH,FID,Repurposed,Leuna to Böhlen/Kulkwitz,55.3,800.0,40.0,,,,,2028.0,Electrolysis,H2T,route attribute; hydraulic capacity not supplied in this sheet,route_and_project_status_only,
2026,H2T,H2T-F-996,Green Octopus Mitteldeutschland,Germany,ONTRAS Gastransport GmbH,FID,New,Salzgitter to Bad Lauchstädt,198.0,800.0,84.0,,,,,2029.0,Electrolysis,H2T,route attribute; hydraulic capacity not supplied in this sheet,route_and_project_status_only,
2026,H2T,H2T-F-1000,Hyperlink,Germany,Gasunie Deutschland Transport Services GmbH,FID,Repurposed,Oude Statenzijl-Bunder Tief,1.3,750.0,70.0,,,,,2027.0,"Domestic Production, Netherlands",H2T,route attribute; hydraulic capacity not supplied in this sheet,route_and_project_status_only,
2026,H2T,H2T-F-1000,Hyperlink,Germany,Gasunie Deutschland Transport Services GmbH,FID,Repurposed,Bunder Tief-Achim,131.0,600.0,70.0,,,,,2027.0,"Domestic Production, Netherlands",H2T,route attribute; hydraulic capacity not supplied in this sheet,route_and_project_status_only,
2026,H2T,H2T-F-1000,Hyperlink,Germany,Gasunie Deutschland Transport Services GmbH,FID,Repurposed,Nüttermoor-Folmhusen,12.6,750.0,80.0,,,,,2027.0,"Domestic Production, Netherlands",H2T,route attribute; hydraulic capacity not supplied in this sheet,route_and_project_status_only,
2026,H2T,H2T-F-1000,Hyperlink,Germany,Gasunie Deutschland Transport Services GmbH,FID,Repurposed,Nüttermoor-EWE / Mooräcker,0.8,400.0,84.0,,,,,2027.0,"Domestic Production, Netherlands",H2T,route attribute; hydraulic capacity not supplied in this sheet,route_and_project_status_only,
2026,H2T,H2T-F-1000,Hyperlink,Germany,Gasunie Deutschland Transport Services GmbH,FID,Repurposed,Ganderkesee-Stahlwerke Bremen,23.2,400.0,70.0,,,,,2027.0,"Domestic Production, Netherlands",H2T,route attribute; hydraulic capacity not supplied in this sheet,route_and_project_status_only,
2026,H2T,H2T-F-1000,Hyperlink,Germany,Gasunie Deutschland Transport Services GmbH,FID,Repurposed,Achim-Eckel,73.3,450.0,70.0,,,,,2027.0,"Domestic Production, Netherlands",H2T,route attribute; hydraulic capacity not supplied in this sheet,route_and_project_status_only,
2026,H2T,H2T-F-1000,Hyperlink,Germany,Gasunie Deutschland Transport Services GmbH,FID,Repurposed,Eckel-Leversen,5.6,500.0,70.0,,,,,2027.0,"Domestic Production, Netherlands",H2T,route attribute; hydraulic capacity not supplied in this sheet,route_and_project_status_only,
2026,H2T,H2T-F-1000,Hyperlink,Germany,Gasunie Deutschland Transport Services GmbH,FID,Repurposed,Luttum-Lehringen,8.8,600.0,,,,,,2027.0,"Domestic Production, Netherlands",H2T,route attribute; hydraulic capacity not supplied in this sheet,route_and_project_status_only,
2026,H2T,H2T-F-1000,Hyperlink,Germany,Gasunie Deutschland Transport Services GmbH,FID,Repurposed,Kolshorn-Avacon Peine,26.9,400.0,,,,,,2027.0,"Domestic Production, Netherlands",H2T,route attribute; hydraulic capacity not supplied in this sheet,route_and_project_status_only,
2026,H2T,H2T-F-1000,Hyperlink,Germany,Gasunie Deutschland Transport Services GmbH,FID,New,Achim-Lehringen,39.0,1400.0,80.0,,,,,2027.0,"Domestic Production, Netherlands",H2T,route attribute; hydraulic capacity not supplied in this sheet,route_and_project_status_only,
2026,H2T,H2T-F-1000,Hyperlink,Germany,Gasunie Deutschland Transport Services GmbH,FID,New,Peine-Salzgitter,23.0,800.0,70.0,,,,,2027.0,"Domestic Production, Netherlands",H2T,route attribute; hydraulic capacity not supplied in this sheet,route_and_project_status_only,
2026,H2T,H2T-F-1000,Hyperlink,Germany,Gasunie Deutschland Transport Services GmbH,FID,Repurposed,Lehringen-Kolshorn,70.5,800.0,80.0,,,,,2029.0,"Domestic Production, Netherlands",H2T,route attribute; hydraulic capacity not supplied in this sheet,route_and_project_status_only,
2026,H2T,H2T-F-1000,Hyperlink,Germany,Gasunie Deutschland Transport Services GmbH,FID,Repurposed,Weser-Lehringen,22.4,700.0,,,,,,2030.0,"Domestic Production, Netherlands",H2T,route attribute; hydraulic capacity not supplied in this sheet,route_and_project_status_only,
2026,H2T,H2T-F-1000,Hyperlink,Germany,Gasunie Deutschland Transport Services GmbH,FID,New,Barßel-Achim,97.0,1200.0,,,,,,2031.0,"Domestic Production, Netherlands",H2T,route attribute; hydraulic capacity not supplied in this sheet,route_and_project_status_only,
2026,H2T,H2T-F-1000,Hyperlink,Germany,Gasunie Deutschland Transport Services GmbH,FID,New,CS Bunde,,,,,,,,2032.0,"Domestic Production, Netherlands",H2T,route attribute; hydraulic capacity not supplied in this sheet,route_and_project_status_only,
2026,H2T,H2T-F-1038,H2ercules Network West,Germany,Open Grid Europe GmbH,FID,New,H2ercules Belgien (222B),26.5,1000.0,0.0,,,,,2028.0,Electrolysis; Belgium,H2T,route attribute; hydraulic capacity not supplied in this sheet,route_and_project_status_only,
2026,H2T,H2T-F-1366,Dutch Hydrogen Network - DRC,Netherlands,Hynetwork Services B.V.,FID,New,DRC - New,180.0,825.0,67.2,,,,,2026.0,"Denmark, South Africa, Namibia, Chile, Brazil, Oman, Saudi Arabia, USA",H2T,route attribute; hydraulic capacity not supplied in this sheet,route_and_project_status_only,
2026,H2T,H2T-F-1366,Dutch Hydrogen Network - DRC,Netherlands,Hynetwork Services B.V.,FID,Repurposed,DRC - Repurposed,187.0,825.0,67.2,,,,,2026.0,"Denmark, South Africa, Namibia, Chile, Brazil, Oman, Saudi Arabia, USA",H2T,route attribute; hydraulic capacity not supplied in this sheet,route_and_project_status_only,
2026,H2T,H2T-A-0,H2ercules Network Central,Germany,Open Grid Europe GmbH,Advanced,Repurposed,GetH2 Bad Bentheim-Ledgen,31.3,400.0,0.0,,,,,2025.0,"Electrolysis; e.g. Norway, Netherlands, Belgium, Iberian Peninsula; North Africa",H2T,route attribute; hydraulic capacity not supplied in this sheet,route_and_project_status_only,
2026,H2T,H2T-A-0,H2ercules Network Central,Germany,Open Grid Europe GmbH,Advanced,Repurposed,GetH2 Emsbüren-Bad Bentheim,14.5,400.0,0.0,,,,,2025.0,"Electrolysis; e.g. Norway, Netherlands, Belgium, Iberian Peninsula; North Africa",H2T,route attribute; hydraulic capacity not supplied in this sheet,route_and_project_status_only,
2026,H2T,H2T-A-0,H2ercules Network Central,Germany,Open Grid Europe GmbH,Advanced,New,GetH2 Heek-Epe,11.0,400.0,0.0,,,,,2025.0,"Electrolysis; e.g. Norway, Netherlands, Belgium, Iberian Peninsula; North Africa",H2T,route attribute; hydraulic capacity not supplied in this sheet,route_and_project_status_only,
2026,H2T,H2T-A-0,H2ercules Network Central,Germany,Open Grid Europe GmbH,Advanced,Repurposed,GetH2 Legden-Dorsten,44.6,400.0,0.0,,,,,2027.0,"Electrolysis; e.g. Norway, Netherlands, Belgium, Iberian Peninsula; North Africa",H2T,route attribute; hydraulic capacity not supplied in this sheet,route_and_project_status_only,
2026,H2T,H2T-A-0,H2ercules Network Central,Germany,Open Grid Europe GmbH,Advanced,New,GetH2 Dorsten-Marl,9.0,300.0,0.0,,,,,2027.0,"Electrolysis; e.g. Norway, Netherlands, Belgium, Iberian Peninsula; North Africa",H2T,route attribute; hydraulic capacity not supplied in this sheet,route_and_project_status_only,
2026,H2T,H2T-A-0,H2ercules Network Central,Germany,Open Grid Europe GmbH,Advanced,New,Forchheim-Irsching,12.0,800.0,0.0,,,,,2027.0,"Electrolysis; e.g. Norway, Netherlands, Belgium, Iberian Peninsula; North Africa",H2T,route attribute; hydraulic capacity not supplied in this sheet,route_and_project_status_only,
2026,H2T,H2T-A-0,H2ercules Network Central,Germany,Open Grid Europe GmbH,Advanced,New,H2ercules Nordsee-Ruhr-Link (NRL IV),22.0,1200.0,0.0,,,,,2029.0,"Electrolysis; e.g. Norway, Netherlands, Belgium, Iberian Peninsula; North Africa",H2T,route attribute; hydraulic capacity not supplied in this sheet,route_and_project_status_only,
2026,H2T,H2T-A-0,H2ercules Network Central,Germany,Open Grid Europe GmbH,Advanced,Repurposed,H2ercules Voigtslach-Paffrath,23.1,900.0,0.0,,,,,2030.0,"Electrolysis; e.g. Norway, Netherlands, Belgium, Iberian Peninsula; North Africa",H2T,route attribute; hydraulic capacity not supplied in this sheet,route_and_project_status_only,
2026,H2T,H2T-A-0,H2ercules Network Central,Germany,Open Grid Europe GmbH,Advanced,Repurposed,H2ercules Glehn-Voigtslach-Voigtslach,35.3,800.0,0.0,,,,,2030.0,"Electrolysis; e.g. Norway, Netherlands, Belgium, Iberian Peninsula; North Africa",H2T,route attribute; hydraulic capacity not supplied in this sheet,route_and_project_status_only,
2026,H2T,H2T-A-0,H2ercules Network Central,Germany,Open Grid Europe GmbH,Advanced,Repurposed,H2ercules Paffrath-Niederkassel,23.6,900.0,0.0,,,,,2030.0,"Electrolysis; e.g. Norway, Netherlands, Belgium, Iberian Peninsula; North Africa",H2T,route attribute; hydraulic capacity not supplied in this sheet,route_and_project_status_only,
2026,H2T,H2T-A-0,H2ercules Network Central,Germany,Open Grid Europe GmbH,Advanced,Repurposed,Lemförde-Drohne,3.5,600.0,0.0,,,,,2030.0,"Electrolysis; e.g. Norway, Netherlands, Belgium, Iberian Peninsula; North Africa",H2T,route attribute; hydraulic capacity not supplied in this sheet,route_and_project_status_only,
2026,H2T,H2T-A-0,H2ercules Network Central,Germany,Open Grid Europe GmbH,Advanced,New,H2ercules Belgien (222C),64.5,1000.0,0.0,,,,,2031.0,"Electrolysis; e.g. Norway, Netherlands, Belgium, Iberian Peninsula; North Africa",H2T,route attribute; hydraulic capacity not supplied in this sheet,route_and_project_status_only,
2026,H2T,H2T-A-0,H2ercules Network Central,Germany,Open Grid Europe GmbH,Advanced,Repurposed,H2ercules Gersten-Emsbüren,22.7,400.0,0.0,,,,,2031.0,"Electrolysis; e.g. Norway, Netherlands, Belgium, Iberian Peninsula; North Africa",H2T,route attribute; hydraulic capacity not supplied in this sheet,route_and_project_status_only,
2026,H2T,H2T-A-0,H2ercules Network Central,Germany,Open Grid Europe GmbH,Advanced,Repurposed,H2ercules Gescher-Werne,56.3,900.0,0.0,,,,,2031.0,"Electrolysis; e.g. Norway, Netherlands, Belgium, Iberian Peninsula; North Africa",H2T,route attribute; hydraulic capacity not supplied in this sheet,route_and_project_status_only,
2026,H2T,H2T-A-0,H2ercules Network Central,Germany,Open Grid Europe GmbH,Advanced,Repurposed,H2ercules Werne-Paffrath,104.2,1000.0,0.0,,,,,2031.0,"Electrolysis; e.g. Norway, Netherlands, Belgium, Iberian Peninsula; North Africa",H2T,route attribute; hydraulic capacity not supplied in this sheet,route_and_project_status_only,
2026,H2T,H2T-A-0,H2ercules Network Central,Germany,Open Grid Europe GmbH,Advanced,Repurposed,H2ercules Rimpar-Rothenstadt,183.0,1000.0,0.0,,,,,2032.0,"Electrolysis; e.g. Norway, Netherlands, Belgium, Iberian Peninsula; North Africa",H2T,route attribute; hydraulic capacity not supplied in this sheet,route_and_project_status_only,
2026,H2T,H2T-A-0,H2ercules Network Central,Germany,Open Grid Europe GmbH,Advanced,Repurposed,H2ercules Gernsheim-Rimpar,110.1,1000.0,0.0,,,,,2032.0,"Electrolysis; e.g. Norway, Netherlands, Belgium, Iberian Peninsula; North Africa",H2T,route attribute; hydraulic capacity not supplied in this sheet,route_and_project_status_only,
2026,H2T,H2T-A-0,H2ercules Network Central,Germany,Open Grid Europe GmbH,Advanced,Repurposed,H2ercules Westhofen-Herdecke,11.9,400.0,0.0,,,,,2032.0,"Electrolysis; e.g. Norway, Netherlands, Belgium, Iberian Peninsula; North Africa",H2T,route attribute; hydraulic capacity not supplied in this sheet,route_and_project_status_only,
2026,H2T,H2T-A-0,H2ercules Network Central,Germany,Open Grid Europe GmbH,Advanced,Repurposed,H2ercules Birlinghoven-Rüsselsheim,113.9,900.0,0.0,,,,,2032.0,"Electrolysis; e.g. Norway, Netherlands, Belgium, Iberian Peninsula; North Africa",H2T,route attribute; hydraulic capacity not supplied in this sheet,route_and_project_status_only,
2026,H2T,H2T-A-0,H2ercules Network Central,Germany,Open Grid Europe GmbH,Advanced,Repurposed,H2ercules Niederkassel-Birlinghoven,14.7,900.0,0.0,,,,,2032.0,"Electrolysis; e.g. Norway, Netherlands, Belgium, Iberian Peninsula; North Africa",H2T,route attribute; hydraulic capacity not supplied in this sheet,route_and_project_status_only,
2026,H2T,H2T-A-0,H2ercules Network Central,Germany,Open Grid Europe GmbH,Advanced,Repurposed,Schnaitsee-Lengthal,40.6,800.0,0.0,,,,,2032.0,"Electrolysis; e.g. Norway, Netherlands, Belgium, Iberian Peninsula; North Africa",H2T,route attribute; hydraulic capacity not supplied in this sheet,route_and_project_status_only,
2026,H2T,H2T-A-0,H2ercules Network Central,Germany,Open Grid Europe GmbH,Advanced,Repurposed,Finsing-Schnaitsee,48.6,900.0,0.0,,,,,2032.0,"Electrolysis; e.g. Norway, Netherlands, Belgium, Iberian Peninsula; North Africa",H2T,route attribute; hydraulic capacity not supplied in this sheet,route_and_project_status_only,
2026,H2T,H2T-A-0,H2ercules Network Central,Germany,Open Grid Europe GmbH,Advanced,New,Verdichterstation Forchheim,0.0,0.0,0.0,,,,,2032.0,"Electrolysis; e.g. Norway, Netherlands, Belgium, Iberian Peninsula; North Africa",H2T,route attribute; hydraulic capacity not supplied in this sheet,route_and_project_status_only,
2026,H2T,H2T-A-0,H2ercules Network Central,Germany,Open Grid Europe GmbH,Advanced,New,Delta-Rhine-Corridor (DRC),236.0,900.0,0.0,,,,,2032.0,"Electrolysis; e.g. Norway, Netherlands, Belgium, Iberian Peninsula; North Africa",H2T,route attribute; hydraulic capacity not supplied in this sheet,route_and_project_status_only,
2026,H2T,H2T-A-0,H2ercules Network Central,Germany,Open Grid Europe GmbH,Advanced,Repurposed,Leitung Misburg-Ahlten,6.1,500.0,0.0,,,,,2032.0,"Electrolysis; e.g. Norway, Netherlands, Belgium, Iberian Peninsula; North Africa",H2T,route attribute; hydraulic capacity not supplied in this sheet,route_and_project_status_only,
2026,H2T,H2T-A-0,H2ercules Network Central,Germany,Open Grid Europe GmbH,Advanced,Repurposed,Leitung Vinnhorst-Misburg,15.1,600.0,0.0,,,,,2032.0,"Electrolysis; e.g. Norway, Netherlands, Belgium, Iberian Peninsula; North Africa",H2T,route attribute; hydraulic capacity not supplied in this sheet,route_and_project_status_only,
2026,H2T,H2T-A-0,H2ercules Network Central,Germany,Open Grid Europe GmbH,Advanced,New,Bottrop-Gladbeck,7.0,400.0,0.0,,,,,2032.0,"Electrolysis; e.g. Norway, Netherlands, Belgium, Iberian Peninsula; North Africa",H2T,route attribute; hydraulic capacity not supplied in this sheet,route_and_project_status_only,
2026,H2T,H2T-A-0,H2ercules Network Central,Germany,Open Grid Europe GmbH,Advanced,New,H2ercules Krefeld-Neumühl,48.0,1000.0,0.0,,,,,2032.0,"Electrolysis; e.g. Norway, Netherlands, Belgium, Iberian Peninsula; North Africa",H2T,route attribute; hydraulic capacity not supplied in this sheet,route_and_project_status_only,
2026,H2T,H2T-A-0,H2ercules Network Central,Germany,Open Grid Europe GmbH,Advanced,New,H2ercules Neumühl-Bruckhausen,4.0,1000.0,0.0,,,,,2032.0,"Electrolysis; e.g. Norway, Netherlands, Belgium, Iberian Peninsula; North Africa",H2T,route attribute; hydraulic capacity not supplied in this sheet,route_and_project_status_only,
2026,H2T,H2T-A-0,H2ercules Network Central,Germany,Open Grid Europe GmbH,Advanced,Repurposed,H2ercules Werne-Ummeln,72.9,600.0,0.0,,,,,2032.0,"Electrolysis; e.g. Norway, Netherlands, Belgium, Iberian Peninsula; North Africa",H2T,route attribute; hydraulic capacity not supplied in this sheet,route_and_project_status_only,
2026,H2T,H2T-A-418,Connection Fiume Treste Livello F,Italy,Snam Rete Gas Spa,Advanced,New,Connection to Fiume Treste,57.0,1050.0,75.0,,,,,2031.0,Electrolysis; SMR; Tunisia,H2T,route attribute; hydraulic capacity not supplied in this sheet,route_and_project_status_only,
2026,H2T,H2T-A-555,Apulia H2 Backbone,Italy,Snam S.p.A.,Advanced,Repurposed,Palagiano Brindisi  Repurposing,77.0,450.0,24.0,,,,,2027.0,Electrolysis;,H2T,route attribute; hydraulic capacity not supplied in this sheet,route_and_project_status_only,
2026,H2T,H2T-A-555,Apulia H2 Backbone,Italy,Snam S.p.A.,Advanced,Repurposed,Brindisi Branch,7.4,300.0,24.0,,,,,2027.0,Electrolysis;,H2T,route attribute; hydraulic capacity not supplied in this sheet,route_and_project_status_only,
2026,H2T,H2T-A-555,Apulia H2 Backbone,Italy,Snam S.p.A.,Advanced,New,Connections,7.0,150.0,24.0,,,,,2027.0,Electrolysis;,H2T,route attribute; hydraulic capacity not supplied in this sheet,route_and_project_status_only,
2026,H2T,H2T-A-555,Apulia H2 Backbone,Italy,Snam S.p.A.,Advanced,New,Taranto Branch,17.0,600.0,24.0,,,,,2027.0,Electrolysis;,H2T,route attribute; hydraulic capacity not supplied in this sheet,route_and_project_status_only,
2026,H2T,H2T-A-693,Dutch Hydrogen Network - North East,Netherlands,Hynetwork services B.V.,Advanced,New,North East - New,73.0,1050.0,67.2,,,,,2029.0,"Denmark, South Africa, Namibia, Chile, Brazil, Oman, Saudi Arabia, USA",H2T,route attribute; hydraulic capacity not supplied in this sheet,route_and_project_status_only,
2026,H2T,H2T-A-693,Dutch Hydrogen Network - North East,Netherlands,Hynetwork services B.V.,Advanced,Repurposed,North East - Repurposed,322.0,1050.0,67.2,,,,,2029.0,"Denmark, South Africa, Namibia, Chile, Brazil, Oman, Saudi Arabia, USA",H2T,route attribute; hydraulic capacity not supplied in this sheet,route_and_project_status_only,
2026,H2T,H2T-A-694,Dutch Hydrogen Network - South West,Netherlands,Hynetwork services B.V.,Advanced,New,South West - New,52.0,725.0,67.2,,,,,2029.0,"Denmark, South Africa, Namibia, Chile, Brazil, Oman, Saudi Arabia, USA",H2T,route attribute; hydraulic capacity not supplied in this sheet,route_and_project_status_only,
2026,H2T,H2T-A-694,Dutch Hydrogen Network - South West,Netherlands,Hynetwork services B.V.,Advanced,Repurposed,South West - Repurposed,83.0,725.0,67.2,,,,,2029.0,"Denmark, South Africa, Namibia, Chile, Brazil, Oman, Saudi Arabia, USA",H2T,route attribute; hydraulic capacity not supplied in this sheet,route_and_project_status_only,
2026,H2T,H2T-A-696,Spanish Hydrogen Backbone: Coruña-Zamora,Spain,Enagás Infraestructuras de Hidrógeno,Advanced,New,Axis 2: Coruña-Zamora link,370.0,406.4,100.0,,,,,2031.0,Electrolysis;,H2T,route attribute; hydraulic capacity not supplied in this sheet,route_and_project_status_only,
2026,H2T,H2T-A-699,Spanish Hydrogen Backbone: Castilla y León,Spain,Enagás Infraestructuras de Hidrógeno,Advanced,New,Axis 2: Castilla y Leon,298.0,762.0,100.0,,,,,2031.0,Electrolysis;,H2T,route attribute; hydraulic capacity not supplied in this sheet,route_and_project_status_only,
2026,H2T,H2T-A-708,Belgian Hydrogen Backbone - Interconnection BE-DE,Belgium,Fluxys Hydrogen NV/SA,Advanced,New,Berneau-Eynatten,34.0,600.0,66.2,,,,,2029.0,,H2T,route attribute; hydraulic capacity not supplied in this sheet,route_and_project_status_only,
2026,H2T,H2T-A-708,Belgian Hydrogen Backbone - Interconnection BE-DE,Belgium,Fluxys Hydrogen NV/SA,Advanced,New,Antwerp-Berneau,180.0,900.0,66.2,,,,,2032.0,,H2T,route attribute; hydraulic capacity not supplied in this sheet,route_and_project_status_only,
2026,H2T,H2T-A-738,Delta Rhine Corridor H2 Germany North,Germany,Open Grid Europe GmbH,Advanced,Repurposed,H2ercules St. Hubert-Glehn,29.6,900.0,0.0,,,,,2030.0,Electrolysis; The Netherlands,H2T,route attribute; hydraulic capacity not supplied in this sheet,route_and_project_status_only,
2026,H2T,H2T-A-738,Delta Rhine Corridor H2 Germany North,Germany,Open Grid Europe GmbH,Advanced,Repurposed,H2ercules Elten-St.Hubert,68.1,900.0,0.0,,,,,2030.0,Electrolysis; The Netherlands,H2T,route attribute; hydraulic capacity not supplied in this sheet,route_and_project_status_only,
2026,H2T,H2T-A-738,Delta Rhine Corridor H2 Germany North,Germany,Open Grid Europe GmbH,Advanced,New,Delta-Rhine-Corridor (DRC),50.0,900.0,0.0,,,,,2032.0,Electrolysis; The Netherlands,H2T,route attribute; hydraulic capacity not supplied in this sheet,route_and_project_status_only,
2026,H2T,H2T-A-757,H2 Backbone WAG + Penta West,Austria,GAS CONNECT AUSTRIA GmbH,Advanced,New,H2 Backbone WAG + Penta West,200.0,1200.0,50.0,,,,,2031.0,"No restriction concerning potential supply sources, especially in case of LH2",H2T,route attribute; hydraulic capacity not supplied in this sheet,route_and_project_status_only,
2026,H2T,H2T-A-757,H2 Backbone WAG + Penta West,Austria,GAS CONNECT AUSTRIA GmbH,Advanced,Repurposed,H2 Backbone WAG + Penta West,140.0,1200.0,50.0,,,,,2031.0,"No restriction concerning potential supply sources, especially in case of LH2",H2T,route attribute; hydraulic capacity not supplied in this sheet,route_and_project_status_only,
2026,H2T,H2T-A-796,Flow - Making Hydrogen Happen (East),Germany,GASCADE Gastransport GmbH,Advanced,Repurposed,pipeline section North,283.0,1400.0,0.0,,,,,2025.0,"Electrolysis; Northern Europe (e.g. Finland), Germany, hydrogen imported via ship from worldwide sources, Ukraine, Southern Europe",H2T,route attribute; hydraulic capacity not supplied in this sheet,route_and_project_status_only,
2026,H2T,H2T-A-796,Flow - Making Hydrogen Happen (East),Germany,GASCADE Gastransport GmbH,Advanced,Repurposed,pipeline section South,197.0,1400.0,0.0,,,,,2029.0,"Electrolysis; Northern Europe (e.g. Finland), Germany, hydrogen imported via ship from worldwide sources, Ukraine, Southern Europe",H2T,route attribute; hydraulic capacity not supplied in this sheet,route_and_project_status_only,
2026,H2T,H2T-A-849,Flow - Making Hydrogen Happen (West),Germany,GASCADE Gastransport GmbH,Advanced,Repurposed,JAGAL,114.0,1200.0,0.0,,,,,2025.0,"Electrolysis; Scandinavian Baltic Sea, national production in Germany, via reverse flow through connected projects from France and Austria",H2T,route attribute; hydraulic capacity not supplied in this sheet,route_and_project_status_only,
2026,H2T,H2T-A-849,Flow - Making Hydrogen Happen (West),Germany,GASCADE Gastransport GmbH,Advanced,Repurposed,STEGAL West,61.7,800.0,0.0,,,,,2029.0,"Electrolysis; Scandinavian Baltic Sea, national production in Germany, via reverse flow through connected projects from France and Austria",H2T,route attribute; hydraulic capacity not supplied in this sheet,route_and_project_status_only,
2026,H2T,H2T-A-849,Flow - Making Hydrogen Happen (West),Germany,GASCADE Gastransport GmbH,Advanced,Repurposed,STEGAL West,9.9,800.0,0.0,,,,,2029.0,"Electrolysis; Scandinavian Baltic Sea, national production in Germany, via reverse flow through connected projects from France and Austria",H2T,route attribute; hydraulic capacity not supplied in this sheet,route_and_project_status_only,
2026,H2T,H2T-A-849,Flow - Making Hydrogen Happen (West),Germany,GASCADE Gastransport GmbH,Advanced,Repurposed,STEGAL-LOOP,96.9,1000.0,0.0,,,,,2029.0,"Electrolysis; Scandinavian Baltic Sea, national production in Germany, via reverse flow through connected projects from France and Austria",H2T,route attribute; hydraulic capacity not supplied in this sheet,route_and_project_status_only,
2026,H2T,H2T-A-849,Flow - Making Hydrogen Happen (West),Germany,GASCADE Gastransport GmbH,Advanced,New,Flow2H2ercules Lampertheim-Ludwigshafen (HYLU),10.0,800.0,0.0,,,,,2029.0,"Electrolysis; Scandinavian Baltic Sea, national production in Germany, via reverse flow through connected projects from France and Austria",H2T,route attribute; hydraulic capacity not supplied in this sheet,route_and_project_status_only,
2026,H2T,H2T-A-849,Flow - Making Hydrogen Happen (West),Germany,GASCADE Gastransport GmbH,Advanced,New,Kienbaum-Hennickendorf,0.8,1200.0,0.0,,,,,2029.0,"Electrolysis; Scandinavian Baltic Sea, national production in Germany, via reverse flow through connected projects from France and Austria",H2T,route attribute; hydraulic capacity not supplied in this sheet,route_and_project_status_only,
2026,H2T,H2T-A-849,Flow - Making Hydrogen Happen (West),Germany,GASCADE Gastransport GmbH,Advanced,New,Bobbau-Rückersdorf (HYBOR),120.0,500.0,0.0,,,,,2029.0,"Electrolysis; Scandinavian Baltic Sea, national production in Germany, via reverse flow through connected projects from France and Austria",H2T,route attribute; hydraulic capacity not supplied in this sheet,route_and_project_status_only,
2026,H2T,H2T-A-849,Flow - Making Hydrogen Happen (West),Germany,GASCADE Gastransport GmbH,Advanced,Repurposed,STEGAL West,47.2,800.0,0.0,,,,,2029.0,"Electrolysis; Scandinavian Baltic Sea, national production in Germany, via reverse flow through connected projects from France and Austria",H2T,route attribute; hydraulic capacity not supplied in this sheet,route_and_project_status_only,
2026,H2T,H2T-A-849,Flow - Making Hydrogen Happen (West),Germany,GASCADE Gastransport GmbH,Advanced,Repurposed,STEGAL West,96.4,800.0,0.0,,,,,2029.0,"Electrolysis; Scandinavian Baltic Sea, national production in Germany, via reverse flow through connected projects from France and Austria",H2T,route attribute; hydraulic capacity not supplied in this sheet,route_and_project_status_only,
2026,H2T,H2T-A-849,Flow - Making Hydrogen Happen (West),Germany,GASCADE Gastransport GmbH,Advanced,Repurposed,MIDAL Süd,200.2,800.0,0.0,,,,,2029.0,"Electrolysis; Scandinavian Baltic Sea, national production in Germany, via reverse flow through connected projects from France and Austria",H2T,route attribute; hydraulic capacity not supplied in this sheet,route_and_project_status_only,
2026,H2T,H2T-A-849,Flow - Making Hydrogen Happen (West),Germany,GASCADE Gastransport GmbH,Advanced,New,Flow2H2ercules Ludwigshafen-Karlsruhe (HYKA),59.0,800.0,0.0,,,,,2030.0,"Electrolysis; Scandinavian Baltic Sea, national production in Germany, via reverse flow through connected projects from France and Austria",H2T,route attribute; hydraulic capacity not supplied in this sheet,route_and_project_status_only,
2026,H2T,H2T-A-849,Flow - Making Hydrogen Happen (West),Germany,GASCADE Gastransport GmbH,Advanced,New,Edesbüttel-Bobbau (HYMI),142.0,1200.0,0.0,,,,,2030.0,"Electrolysis; Scandinavian Baltic Sea, national production in Germany, via reverse flow through connected projects from France and Austria",H2T,route attribute; hydraulic capacity not supplied in this sheet,route_and_project_status_only,
2026,H2T,H2T-A-868,SLOH2 Backbone - AT-SI H2 Interconnection,Slovenia,Plinovodi d.o.o.,Advanced,Repurposed,Ceršak - Vodice,163.0,800.0,70.0,,,,,2035.0,Electrolysis; SMR; Prolysis;,H2T,route attribute; hydraulic capacity not supplied in this sheet,route_and_project_status_only,
2026,H2T,H2T-A-876,IP Elten/Zevenaar - Cologne,Germany,Thyssengas GmbH,Advanced,Repurposed,Weiden-Marsdorf,3.6,400.0,94.0,,,,,2029.0,Netherlands,H2T,route attribute; hydraulic capacity not supplied in this sheet,route_and_project_status_only,
2026,H2T,H2T-A-876,IP Elten/Zevenaar - Cologne,Germany,Thyssengas GmbH,Advanced,Repurposed,Stotzheim-Kalscheuren,4.0,400.0,94.0,,,,,2029.0,Netherlands,H2T,route attribute; hydraulic capacity not supplied in this sheet,route_and_project_status_only,
2026,H2T,H2T-A-876,IP Elten/Zevenaar - Cologne,Germany,Thyssengas GmbH,Advanced,New,Oberaußem-Weiden,12.6,400.0,80.0,,,,,2029.0,Netherlands,H2T,route attribute; hydraulic capacity not supplied in this sheet,route_and_project_status_only,
2026,H2T,H2T-A-876,IP Elten/Zevenaar - Cologne,Germany,Thyssengas GmbH,Advanced,New,Marsdorf-Stotzheim,3.4,400.0,80.0,,,,,2029.0,Netherlands,H2T,route attribute; hydraulic capacity not supplied in this sheet,route_and_project_status_only,
2026,H2T,H2T-A-876,IP Elten/Zevenaar - Cologne,Germany,Thyssengas GmbH,Advanced,New,Kalscheuren-Wesseling,9.5,400.0,80.0,,,,,2029.0,Netherlands,H2T,route attribute; hydraulic capacity not supplied in this sheet,route_and_project_status_only,
2026,H2T,H2T-A-876,IP Elten/Zevenaar - Cologne,Germany,Thyssengas GmbH,Advanced,Repurposed,Elten-St. Hubert,68.1,900.0,70.0,,,,,2030.0,Netherlands,H2T,route attribute; hydraulic capacity not supplied in this sheet,route_and_project_status_only,
2026,H2T,H2T-A-876,IP Elten/Zevenaar - Cologne,Germany,Thyssengas GmbH,Advanced,Repurposed,Glehn-Voigtslach,35.3,800.0,70.0,,,,,2030.0,Netherlands,H2T,route attribute; hydraulic capacity not supplied in this sheet,route_and_project_status_only,
2026,H2T,H2T-A-876,IP Elten/Zevenaar - Cologne,Germany,Thyssengas GmbH,Advanced,Repurposed,St. Hubert-Glehn,29.6,900.0,70.0,,,,,2030.0,Netherlands,H2T,route attribute; hydraulic capacity not supplied in this sheet,route_and_project_status_only,
2026,H2T,H2T-A-876,IP Elten/Zevenaar - Cologne,Germany,Thyssengas GmbH,Advanced,Repurposed,Voigtslach-Paffrath,23.1,900.0,70.0,,,,,2030.0,Netherlands,H2T,route attribute; hydraulic capacity not supplied in this sheet,route_and_project_status_only,
2026,H2T,H2T-A-892,HySoW connection to Lannemezan,France,Teréga,Advanced,New,Lias to Lannemezan,100.0,150.0,66.0,,,,,2031.0,Electrolysis;,H2T,route attribute; hydraulic capacity not supplied in this sheet,route_and_project_status_only,
2026,H2T,H2T-A-906,Vlieghuis - Ochtrup,Germany,Thyssengas GmbH,Advanced,Repurposed,Vlieghuis-Kalle,9.9,400.0,84.0,,,,,2027.0,,H2T,route attribute; hydraulic capacity not supplied in this sheet,route_and_project_status_only,
2026,H2T,H2T-A-906,Vlieghuis - Ochtrup,Germany,Thyssengas GmbH,Advanced,Repurposed,Kalle-Ochtrup,49.1,600.0,70.0,,,,,2027.0,,H2T,route attribute; hydraulic capacity not supplied in this sheet,route_and_project_status_only,
2026,H2T,H2T-A-917,Emsbüren - Leverkusen,Germany,Thyssengas GmbH,Advanced,New,Emsbüren-Dorsten,87.0,1200.0,70.0,,,,,2027.0,Netherlands and any country to export hydrogen to the hub in Wilhelmshaven,H2T,route attribute; hydraulic capacity not supplied in this sheet,route_and_project_status_only,
2026,H2T,H2T-A-917,Emsbüren - Leverkusen,Germany,Thyssengas GmbH,Advanced,New,Dorsten-Recklinghausen,20.0,1200.0,80.0,,,,,2031.0,Netherlands and any country to export hydrogen to the hub in Wilhelmshaven,H2T,route attribute; hydraulic capacity not supplied in this sheet,route_and_project_status_only,
2026,H2T,H2T-A-917,Emsbüren - Leverkusen,Germany,Thyssengas GmbH,Advanced,New,Recklinghausen-Leverkusen,80.6,1000.0,80.0,,,,,2031.0,Netherlands and any country to export hydrogen to the hub in Wilhelmshaven,H2T,route attribute; hydraulic capacity not supplied in this sheet,route_and_project_status_only,
2026,H2T,H2T-A-933,Hyperlink 4,Germany,Gasunie Deutschland Transport Services GmbH,Advanced,New,Wilhelmshaven - Wardenburg,78.0,1200.0,84.0,,,,,2027.0,,H2T,route attribute; hydraulic capacity not supplied in this sheet,route_and_project_status_only,
2026,H2T,H2T-A-969,RHYN,France,NaTran,Advanced,Repurposed,RHYn – phase 1 - Fessenheim –Ottmarsheim,26.0,400.0,51.0,,,,,2030.0,,H2T,route attribute; hydraulic capacity not supplied in this sheet,route_and_project_status_only,
2026,H2T,H2T-A-969,RHYN,France,NaTran,Advanced,New,RHYn – phase 4 – Fessenheim (FR) - Tunsel (DE),5.0,400.0,51.0,,,,,2030.0,,H2T,route attribute; hydraulic capacity not supplied in this sheet,route_and_project_status_only,
2026,H2T,H2T-A-969,RHYN,France,NaTran,Advanced,New,RHYn – phase 3 – Fessenheim -Marckolsheim,38.0,400.0,51.0,,,,,2032.0,,H2T,route attribute; hydraulic capacity not supplied in this sheet,route_and_project_status_only,
2026,H2T,H2T-A-969,RHYN,France,NaTran,Advanced,New,RHYn – phase 2 – Ottmarsheim -Basel Airport,21.0,400.0,51.0,,,,,2034.0,,H2T,route attribute; hydraulic capacity not supplied in this sheet,route_and_project_status_only,
2026,H2T,H2T-A-986,H2 Readiness of the TAG pipeline system,Austria,TAG GmbH,Advanced,Repurposed,H2 Readiness of the TAG pipeline system,380.0,1050.0,50.0,,,,,2031.0,"Main Sources: Tunesia & Algeria, Greece as potential additional source; Possibly Ukraine in reverse flow",H2T,route attribute; hydraulic capacity not supplied in this sheet,route_and_project_status_only,
2026,H2T,H2T-A-991,AquaDuctus,Germany,AquaDuctus Pipeline GmbH,Advanced,New,AquaDuctus - SEN-1 connection,203.0,1200.0,0.0,,,,,2030.0,"H2Production in the German EEZ of the North Sea, H2imports from UK, Denmark, the Netherlands and potentially Norway",H2T,route attribute; hydraulic capacity not supplied in this sheet,route_and_project_status_only,
2026,H2T,H2T-A-991,AquaDuctus,Germany,AquaDuctus Pipeline GmbH,Advanced,New,AquaDuctus AWZ connection,221.0,1200.0,0.0,,,,,2030.0,"H2Production in the German EEZ of the North Sea, H2imports from UK, Denmark, the Netherlands and potentially Norway",H2T,route attribute; hydraulic capacity not supplied in this sheet,route_and_project_status_only,
2026,H2T,H2T-A-991,AquaDuctus,Germany,AquaDuctus Pipeline GmbH,Advanced,New,AquaDuctus onshore connection,92.0,1400.0,0.0,,,,,2030.0,"H2Production in the German EEZ of the North Sea, H2imports from UK, Denmark, the Netherlands and potentially Norway",H2T,route attribute; hydraulic capacity not supplied in this sheet,route_and_project_status_only,
2026,H2T,H2T-A-1001,Danish-German  Hydrogen  Network; German Part - HyPerLink Phase III,Germany,Gasunie Deutschland Transport Services GmbH,Advanced,Repurposed,Fockbek-Ellund,63.5,900.0,80.0,,,,,2028.0,,H2T,route attribute; hydraulic capacity not supplied in this sheet,route_and_project_status_only,
2026,H2T,H2T-A-1001,Danish-German  Hydrogen  Network; German Part - HyPerLink Phase III,Germany,Gasunie Deutschland Transport Services GmbH,Advanced,Repurposed,Fockbek-Quarnstedt,47.0,700.0,80.0,,,,,2028.0,,H2T,route attribute; hydraulic capacity not supplied in this sheet,route_and_project_status_only,
2026,H2T,H2T-A-1001,Danish-German  Hydrogen  Network; German Part - HyPerLink Phase III,Germany,Gasunie Deutschland Transport Services GmbH,Advanced,Repurposed,Quarnstedt-Klein Offeseth,16.0,750.0,80.0,,,,,2028.0,,H2T,route attribute; hydraulic capacity not supplied in this sheet,route_and_project_status_only,
2026,H2T,H2T-A-1001,Danish-German  Hydrogen  Network; German Part - HyPerLink Phase III,Germany,Gasunie Deutschland Transport Services GmbH,Advanced,Repurposed,Heidenau-Elbe-Süd,37.5,600.0,70.0,,,,,2028.0,,H2T,route attribute; hydraulic capacity not supplied in this sheet,route_and_project_status_only,
2026,H2T,H2T-A-1001,Danish-German  Hydrogen  Network; German Part - HyPerLink Phase III,Germany,Gasunie Deutschland Transport Services GmbH,Advanced,Repurposed,Elbe-Süd-Elbe-Nord,2.7,750.0,70.0,,,,,2028.0,,H2T,route attribute; hydraulic capacity not supplied in this sheet,route_and_project_status_only,
2026,H2T,H2T-A-1001,Danish-German  Hydrogen  Network; German Part - HyPerLink Phase III,Germany,Gasunie Deutschland Transport Services GmbH,Advanced,Repurposed,Elbe-Nord-Heist,8.3,600.0,70.0,,,,,2028.0,,H2T,route attribute; hydraulic capacity not supplied in this sheet,route_and_project_status_only,
2026,H2T,H2T-A-1001,Danish-German  Hydrogen  Network; German Part - HyPerLink Phase III,Germany,Gasunie Deutschland Transport Services GmbH,Advanced,New,Klein Offenseth-Heist,15.0,900.0,80.0,,,,,2028.0,,H2T,route attribute; hydraulic capacity not supplied in this sheet,route_and_project_status_only,
2026,H2T,H2T-A-1001,Danish-German  Hydrogen  Network; German Part - HyPerLink Phase III,Germany,Gasunie Deutschland Transport Services GmbH,Advanced,Repurposed,Helmste - Stade,14.5,600.0,70.0,,,,,2028.0,,H2T,route attribute; hydraulic capacity not supplied in this sheet,route_and_project_status_only,
2026,H2T,H2T-A-1001,Danish-German  Hydrogen  Network; German Part - HyPerLink Phase III,Germany,Gasunie Deutschland Transport Services GmbH,Advanced,Repurposed,Weißenfelde - Harsefeld,54.0,500.0,70.0,,,,,2030.0,,H2T,route attribute; hydraulic capacity not supplied in this sheet,route_and_project_status_only,
2026,H2T,H2T-A-1001,Danish-German  Hydrogen  Network; German Part - HyPerLink Phase III,Germany,Gasunie Deutschland Transport Services GmbH,Advanced,Repurposed,Heidenau-Elbe-Süd,40.2,600.0,80.0,,,,,2031.0,,H2T,route attribute; hydraulic capacity not supplied in this sheet,route_and_project_status_only,
2026,H2T,H2T-A-1001,Danish-German  Hydrogen  Network; German Part - HyPerLink Phase III,Germany,Gasunie Deutschland Transport Services GmbH,Advanced,Repurposed,Achim-Heidenau,52.6,750.0,70.0,,,,,2031.0,,H2T,route attribute; hydraulic capacity not supplied in this sheet,route_and_project_status_only,
2026,H2T,H2T-A-1001,Danish-German  Hydrogen  Network; German Part - HyPerLink Phase III,Germany,Gasunie Deutschland Transport Services GmbH,Advanced,New,Brunsbüttel-Hemingstedt,37.5,600.0,80.0,,,,,2031.0,,H2T,route attribute; hydraulic capacity not supplied in this sheet,route_and_project_status_only,
2026,H2T,H2T-A-1001,Danish-German  Hydrogen  Network; German Part - HyPerLink Phase III,Germany,Gasunie Deutschland Transport Services GmbH,Advanced,New,Ellund-Niebüll,29.6,400.0,80.0,,,,,2031.0,,H2T,route attribute; hydraulic capacity not supplied in this sheet,route_and_project_status_only,
2026,H2T,H2T-A-1001,Danish-German  Hydrogen  Network; German Part - HyPerLink Phase III,Germany,Gasunie Deutschland Transport Services GmbH,Advanced,New,CS Ellund,,,,,,,,2032.0,,H2T,route attribute; hydraulic capacity not supplied in this sheet,route_and_project_status_only,
2026,H2T,H2T-A-1001,Danish-German  Hydrogen  Network; German Part - HyPerLink Phase III,Germany,Gasunie Deutschland Transport Services GmbH,Advanced,New,CS Achim,,,,,,,,2032.0,,H2T,route attribute; hydraulic capacity not supplied in this sheet,route_and_project_status_only,
2026,H2T,H2T-A-1037,H2ercules Network North,Germany,Open Grid Europe GmbH,Advanced,New,H2ercules Wilhelmshaven-Küsten-Leitung (WKL),12.1,1000.0,0.0,,,,,2027.0,"Electrolysis; Norway, The Netherlands; Others via ship",H2T,route attribute; hydraulic capacity not supplied in this sheet,route_and_project_status_only,
2026,H2T,H2T-A-1037,H2ercules Network North,Germany,Open Grid Europe GmbH,Advanced,New,H2ercules Nordsee-Ruhr-Link (NRL I),20.8,1400.0,0.0,,,,,2027.0,"Electrolysis; Norway, The Netherlands; Others via ship",H2T,route attribute; hydraulic capacity not supplied in this sheet,route_and_project_status_only,
2026,H2T,H2T-A-1037,H2ercules Network North,Germany,Open Grid Europe GmbH,Advanced,New,H2ercules Nordsee-Ruhr-Link (NRL III),121.2,1200.0,0.0,,,,,2027.0,"Electrolysis; Norway, The Netherlands; Others via ship",H2T,route attribute; hydraulic capacity not supplied in this sheet,route_and_project_status_only,
2026,H2T,H2T-A-1037,H2ercules Network North,Germany,Open Grid Europe GmbH,Advanced,Repurposed,H2ercules Wettringen-Albachten,43.6,800.0,0.0,,,,,2030.0,"Electrolysis; Norway, The Netherlands; Others via ship",H2T,route attribute; hydraulic capacity not supplied in this sheet,route_and_project_status_only,
2026,H2T,H2T-A-1037,H2ercules Network North,Germany,Open Grid Europe GmbH,Advanced,Repurposed,H2ercules Ascheberg-Werne,8.8,800.0,0.0,,,,,2030.0,"Electrolysis; Norway, The Netherlands; Others via ship",H2T,route attribute; hydraulic capacity not supplied in this sheet,route_and_project_status_only,
2026,H2T,H2T-A-1037,H2ercules Network North,Germany,Open Grid Europe GmbH,Advanced,New,H2ercules Neumühl-Werne,67.6,1000.0,0.0,,,,,2032.0,"Electrolysis; Norway, The Netherlands; Others via ship",H2T,route attribute; hydraulic capacity not supplied in this sheet,route_and_project_status_only,
2026,H2T,H2T-A-1037,H2ercules Network North,Germany,Open Grid Europe GmbH,Advanced,New,H2ercules Werne-Hamm,42.5,1000.0,0.0,,,,,2032.0,"Electrolysis; Norway, The Netherlands; Others via ship",H2T,route attribute; hydraulic capacity not supplied in this sheet,route_and_project_status_only,
2026,H2T,H2T-A-1037,H2ercules Network North,Germany,Open Grid Europe GmbH,Advanced,New,H2ercules Nordsee-Ruhr-Link (NRL V),1.4,1000.0,0.0,,,,,2032.0,"Electrolysis; Norway, The Netherlands; Others via ship",H2T,route attribute; hydraulic capacity not supplied in this sheet,route_and_project_status_only,
2026,H2T,H2T-A-1075,H2ercules Network North-West,Germany,Open Grid Europe GmbH,Advanced,New,GetH2  Dorsten-Hamborn,42.0,600.0,,,,,,2027.0,Electrolysis; The Netherlands,H2T,route attribute; hydraulic capacity not supplied in this sheet,route_and_project_status_only,
2026,H2T,H2T-A-1075,H2ercules Network North-West,Germany,Open Grid Europe GmbH,Advanced,Repurposed,H2ercules Gescher-Dorsten,31.6,800.0,0.0,,,,,2031.0,Electrolysis; The Netherlands,H2T,route attribute; hydraulic capacity not supplied in this sheet,route_and_project_status_only,
2026,H2T,H2T-A-1075,H2ercules Network North-West,Germany,Open Grid Europe GmbH,Advanced,Repurposed,H2ercules Vreden-Gescher,13.1,1000.0,0.0,,,,,2031.0,Electrolysis; The Netherlands,H2T,route attribute; hydraulic capacity not supplied in this sheet,route_and_project_status_only,
2026,H2T,H2T-A-1096,RHYn Interco,Germany,terranets bw GmbH,Advanced,New,Section 1 - Rhine crossing,15.0,400.0,70.0,,,,,2030.0,,H2T,route attribute; hydraulic capacity not supplied in this sheet,route_and_project_status_only,
2026,H2T,H2T-A-1096,RHYn Interco,Germany,terranets bw GmbH,Advanced,New,Section 5 - Offenburg to Kehl,15.0,250.0,70.0,,,,,2035.0,,H2T,route attribute; hydraulic capacity not supplied in this sheet,route_and_project_status_only,
2026,H2T,H2T-A-1096,RHYn Interco,Germany,terranets bw GmbH,Advanced,Repurposed,Section 4 - Freiburg to Offenburg,60.0,400.0,,,,,,2035.0,,H2T,route attribute; hydraulic capacity not supplied in this sheet,route_and_project_status_only,
2026,H2T,H2T-A-1096,RHYn Interco,Germany,terranets bw GmbH,Advanced,Repurposed,Section 2 - Tunsel to Freiburg,20.0,400.0,,,,,,2030.0,,H2T,route attribute; hydraulic capacity not supplied in this sheet,route_and_project_status_only,
2026,H2T,H2T-A-1096,RHYn Interco,Germany,terranets bw GmbH,Advanced,Repurposed,Section 3 - Freiburg area,10.0,400.0,,,,,,2030.0,,H2T,route attribute; hydraulic capacity not supplied in this sheet,route_and_project_status_only,
2026,H2T,H2T-A-1149,Spanish Hydrogen Backbone 2030,Spain,Enagás Infraestructuras de Hidrógeno,Advanced,New,Axis 1: Valle del Ebro link,524.0,762.0,,,,,,2029.0,Electrolysis; Portugal,H2T,route attribute; hydraulic capacity not supplied in this sheet,route_and_project_status_only,
2026,H2T,H2T-A-1149,Spanish Hydrogen Backbone 2030,Spain,Enagás Infraestructuras de Hidrógeno,Advanced,New,Axis 1: Levante link (New),206.0,406.4,,,,,,2029.0,Electrolysis; Portugal,H2T,route attribute; hydraulic capacity not supplied in this sheet,route_and_project_status_only,
2026,H2T,H2T-A-1149,Spanish Hydrogen Backbone 2030,Spain,Enagás Infraestructuras de Hidrógeno,Advanced,Repurposed,Axis 1: Levante link (Repurposed),296.0,508.0,,,,,,2029.0,Electrolysis; Portugal,H2T,route attribute; hydraulic capacity not supplied in this sheet,route_and_project_status_only,
2026,H2T,H2T-A-1149,Spanish Hydrogen Backbone 2030,Spain,Enagás Infraestructuras de Hidrógeno,Advanced,New,Axis 2: Via de la Plata link (New),592.0,660.4,,,,,,2029.0,Electrolysis; Portugal,H2T,route attribute; hydraulic capacity not supplied in this sheet,route_and_project_status_only,
2026,H2T,H2T-A-1149,Spanish Hydrogen Backbone 2030,Spain,Enagás Infraestructuras de Hidrógeno,Advanced,Repurposed,Axis 2:  Via de la Plata link (Repurposed),250.0,660.4,,,,,,2029.0,Electrolysis; Portugal,H2T,route attribute; hydraulic capacity not supplied in this sheet,route_and_project_status_only,
2026,H2T,H2T-A-1149,Spanish Hydrogen Backbone 2030,Spain,Enagás Infraestructuras de Hidrógeno,Advanced,New,Axis 2: Puertollano link,192.0,762.0,,,,,,2029.0,Electrolysis; Portugal,H2T,route attribute; hydraulic capacity not supplied in this sheet,route_and_project_status_only,
2026,H2T,H2T-A-1149,Spanish Hydrogen Backbone 2030,Spain,Enagás Infraestructuras de Hidrógeno,Advanced,New,Axis 1: Cornisa Cantabrica,453.0,762.0,,,,,,2029.0,Electrolysis; Portugal,H2T,route attribute; hydraulic capacity not supplied in this sheet,route_and_project_status_only,
2026,H2T,H2T-A-1149,Spanish Hydrogen Backbone 2030,Spain,Enagás Infraestructuras de Hidrógeno,Advanced,New,Axis 1: Villar de Arnedo compressor station,,,,,,,,2029.0,Electrolysis; Portugal,H2T,route attribute; hydraulic capacity not supplied in this sheet,route_and_project_status_only,
2026,H2T,H2T-A-1149,Spanish Hydrogen Backbone 2030,Spain,Enagás Infraestructuras de Hidrógeno,Advanced,New,Axis 2: Zamora compressor station,,,,,,,,2029.0,Electrolysis; Portugal,H2T,route attribute; hydraulic capacity not supplied in this sheet,route_and_project_status_only,
2026,H2T,H2T-A-1149,Spanish Hydrogen Backbone 2030,Spain,Enagás Infraestructuras de Hidrógeno,Advanced,New,Axis 1: Tivissa compressor station,,,,,,,,2029.0,Electrolysis; Portugal,H2T,route attribute; hydraulic capacity not supplied in this sheet,route_and_project_status_only,
2026,H2T,H2T-A-1149,Spanish Hydrogen Backbone 2030,Spain,Enagás Infraestructuras de Hidrógeno,Advanced,New,Axis 2: Alcazar de San Juan - Montesa,266.0,762.0,100.0,,,,,2029.0,Electrolysis; Portugal,H2T,route attribute; hydraulic capacity not supplied in this sheet,route_and_project_status_only,
2026,H2T,H2T-A-1171,Nordic Hydrogen Route – Bothnian Bay (SE),Sweden,Nordion Energi H2 AB,Advanced,New,Övik-Boden,424.0,813.0,80.0,,,,,2030.0,Electrolysis;,H2T,route attribute; hydraulic capacity not supplied in this sheet,route_and_project_status_only,
2026,H2T,H2T-A-1171,Nordic Hydrogen Route – Bothnian Bay (SE),Sweden,Nordion Energi H2 AB,Advanced,New,Kiruna-Luleå,390.0,813.0,80.0,,,,,2030.0,Electrolysis;,H2T,route attribute; hydraulic capacity not supplied in this sheet,route_and_project_status_only,
2026,H2T,H2T-A-1171,Nordic Hydrogen Route – Bothnian Bay (SE),Sweden,Nordion Energi H2 AB,Advanced,New,Haparanda-Boden,151.0,813.0,80.0,,,,,2030.0,Electrolysis;,H2T,route attribute; hydraulic capacity not supplied in this sheet,route_and_project_status_only,
2026,H2T,H2T-A-1178,HYROW,Germany,GASCADE Gastransport GmbH,Advanced,New,Rostock-Wrangelsburg,105.0,1000.0,80.0,,,,,2028.0,Electrolysis; Biogas; hydrogen from sources all over the world,H2T,route attribute; hydraulic capacity not supplied in this sheet,route_and_project_status_only,
2026,H2T,H2T-A-1205,Italian H2 Backbone,Italy,Snam Rete Gas S.p.A.,Advanced,New,New Pipelines - First Phase,800.0,1200.0,75.0,,,,,2031.0,"Electrolysis; SMR; Algeria; Tunisia; Greece; potential terminals (green ammonia; liquefied H2, etc)",H2T,route attribute; hydraulic capacity not supplied in this sheet,route_and_project_status_only,
2026,H2T,H2T-A-1205,Italian H2 Backbone,Italy,Snam Rete Gas S.p.A.,Advanced,Repurposed,Repurposed Pipelines - First Phase,1140.0,1200.0,75.0,,,,,2031.0,"Electrolysis; SMR; Algeria; Tunisia; Greece; potential terminals (green ammonia; liquefied H2, etc)",H2T,route attribute; hydraulic capacity not supplied in this sheet,route_and_project_status_only,
2026,H2T,H2T-A-1205,Italian H2 Backbone,Italy,Snam Rete Gas S.p.A.,Advanced,New,Compression Stations - First Phase,0.0,0.0,75.0,,,,,2031.0,"Electrolysis; SMR; Algeria; Tunisia; Greece; potential terminals (green ammonia; liquefied H2, etc)",H2T,route attribute; hydraulic capacity not supplied in this sheet,route_and_project_status_only,
2026,H2T,H2T-A-1205,Italian H2 Backbone,Italy,Snam Rete Gas S.p.A.,Advanced,New,Compression Stations - Second Phase,0.0,0.0,75.0,,,,,2034.0,"Electrolysis; SMR; Algeria; Tunisia; Greece; potential terminals (green ammonia; liquefied H2, etc)",H2T,route attribute; hydraulic capacity not supplied in this sheet,route_and_project_status_only,
2026,H2T,H2T-A-1206,HU/SK hydrogen corridor,Hungary,FGSZ Ltd.,Advanced,New,Százhalombatta Entry - DUFI exit,8.0,600.0,75.0,,,,,2030.0,"Electrolysis; Import from Slovakia direction and upstream countries eg. North Africa>IT>AT>SK; import from UA, import from RO direction.",H2T,route attribute; hydraulic capacity not supplied in this sheet,route_and_project_status_only,
2026,H2T,H2T-A-1206,HU/SK hydrogen corridor,Hungary,FGSZ Ltd.,Advanced,New,HU/SK border - Vecsés,92.0,800.0,75.0,,,,,2032.0,"Electrolysis; Import from Slovakia direction and upstream countries eg. North Africa>IT>AT>SK; import from UA, import from RO direction.",H2T,route attribute; hydraulic capacity not supplied in this sheet,route_and_project_status_only,
2026,H2T,H2T-A-1206,HU/SK hydrogen corridor,Hungary,FGSZ Ltd.,Advanced,New,Vecsés-Százhalombatta Entry; DUFI exit-Ercsi,109.0,600.0,75.0,,,,,2032.0,"Electrolysis; Import from Slovakia direction and upstream countries eg. North Africa>IT>AT>SK; import from UA, import from RO direction.",H2T,route attribute; hydraulic capacity not supplied in this sheet,route_and_project_status_only,
2026,H2T,H2T-A-1220,Spanish Hydrogen Backbone: Huelva-Cadiz,Spain,Enagás Infraestructuras de Hidrógeno,Advanced,New,Axis 2: Huelva-Cádiz,228.0,762.0,100.0,,,,,2031.0,Electrolysis;,H2T,route attribute; hydraulic capacity not supplied in this sheet,route_and_project_status_only,
2026,H2T,H2T-A-1236,"DK Hydrogen Pipeline, West DK Hydrogen System",Denmark,Energinet,Advanced,Repurposed,Ellund-Egtved,88.0,762.0,45.0,,,,,2029.0,,H2T,route attribute; hydraulic capacity not supplied in this sheet,route_and_project_status_only,
2026,H2T,H2T-A-1236,"DK Hydrogen Pipeline, West DK Hydrogen System",Denmark,Energinet,Advanced,New,Esbjerg-Veerst,45.0,914.0,90.0,,,,,2029.0,,H2T,route attribute; hydraulic capacity not supplied in this sheet,route_and_project_status_only,
2026,H2T,H2T-A-1236,"DK Hydrogen Pipeline, West DK Hydrogen System",Denmark,Energinet,Advanced,New,Fredericia-Ll. Torup Storage,226.0,914.0,90.0,,,,,2033.0,,H2T,route attribute; hydraulic capacity not supplied in this sheet,route_and_project_status_only,
2026,H2T,H2T-A-1291,Hynframed,France,NaTran,Advanced,New,phase 1 - Fos Lavera La Mede loop,50.0,400.0,67.7,,,,,2030.0,,H2T,route attribute; hydraulic capacity not supplied in this sheet,route_and_project_status_only,
2026,H2T,H2T-A-1365,Dutch Hydrogen Network - North West,Netherlands,Hynetwork Services B.V.,Advanced,New,North West - New,93.0,900.0,67.2,,,,,2029.0,"Denmark, South Africa, Namibia, Chile, Brazil, Oman, Saudi Arabia, USA",H2T,route attribute; hydraulic capacity not supplied in this sheet,route_and_project_status_only,
2026,H2T,H2T-A-1365,Dutch Hydrogen Network - North West,Netherlands,Hynetwork Services B.V.,Advanced,Repurposed,North West - Repurposed,247.0,900.0,67.2,,,,,2029.0,"Denmark, South Africa, Namibia, Chile, Brazil, Oman, Saudi Arabia, USA",H2T,route attribute; hydraulic capacity not supplied in this sheet,route_and_project_status_only,
2026,H2T,H2T-A-1368,Spanish Hydrogen Backbone: Castilla - La Mancha & Conexión Madrid,Spain,Enagás Infraestructuras de Hidrógeno,Advanced,New,Axis 2: Puertollano - Alcazar de San Juan - Madrid,319.0,406.4,100.0,,,,,2031.0,Electrolysis;,H2T,route attribute; hydraulic capacity not supplied in this sheet,route_and_project_status_only,
2026,H2T,H2T-A-1368,Spanish Hydrogen Backbone: Castilla - La Mancha & Conexión Madrid,Spain,Enagás Infraestructuras de Hidrógeno,Advanced,New,Montesa Compressor Station,0.0,0.0,0.0,,,,,2031.0,Electrolysis;,H2T,route attribute; hydraulic capacity not supplied in this sheet,route_and_project_status_only,
2026,H2T,H2T-A-1399,Belgian Hydrogen Backbone - Tie-in Antwerp NH3 Terminals,Belgium,Fluxys Hydrogen NV/SA,Advanced,New,Average tie-in for the connection of a NH3 terminal in Antwerp to the Belgian hydrogen backbone.,2.0,400.0,66.2,,,,,2029.0,,H2T,route attribute; hydraulic capacity not supplied in this sheet,route_and_project_status_only,
2026,H2T,H2T-N-66,Interconnection Croatia-Bosnia and Herzegovina (Slobodnica-Bosanski Brod),Croatia,Plinacro Ltd,Less-Advanced,New,Slobodnica-B.Brod (BiH),5.0,700.0,75.0,,,,,2030.0,Electrolysis;,H2T,route attribute; hydraulic capacity not supplied in this sheet,route_and_project_status_only,
2026,H2T,H2T-N-68,H2 Ionian Adriatic Pipeline,Croatia,Plinacro Ltd,Less-Advanced,New,IAP MONTENEGRO,94.0,800.0,75.0,,,,,2030.0,Electrolysis;,H2T,route attribute; hydraulic capacity not supplied in this sheet,route_and_project_status_only,
2026,H2T,H2T-N-68,H2 Ionian Adriatic Pipeline,Croatia,Plinacro Ltd,Less-Advanced,New,IAP ALBANIA,167.0,800.0,85.0,,,,,2030.0,Electrolysis;,H2T,route attribute; hydraulic capacity not supplied in this sheet,route_and_project_status_only,
2026,H2T,H2T-N-68,H2 Ionian Adriatic Pipeline,Croatia,Plinacro Ltd,Less-Advanced,New,IAP CROATIA,200.0,800.0,75.0,,,,,2030.0,Electrolysis;,H2T,route attribute; hydraulic capacity not supplied in this sheet,route_and_project_status_only,
2026,H2T,H2T-N-70,Interconnection Croatia/Serbia (Slobodnica-Sotin-Bačko Novo Selo),Croatia,Plinacro Ltd,Less-Advanced,New,Vukovar-Osijek,30.0,500.0,50.0,,,,,2029.0,"Electrolysis; it will be H2 from Croatian transport system, Croatian LH2T",H2T,route attribute; hydraulic capacity not supplied in this sheet,route_and_project_status_only,
2026,H2T,H2T-N-70,Interconnection Croatia/Serbia (Slobodnica-Sotin-Bačko Novo Selo),Croatia,Plinacro Ltd,Less-Advanced,New,Negoslavci-Sotin-B.N.Selo (Srb.),15.0,800.0,75.0,,,,,2030.0,"Electrolysis; it will be H2 from Croatian transport system, Croatian LH2T",H2T,route attribute; hydraulic capacity not supplied in this sheet,route_and_project_status_only,
2026,H2T,H2T-N-70,Interconnection Croatia/Serbia (Slobodnica-Sotin-Bačko Novo Selo),Croatia,Plinacro Ltd,Less-Advanced,New,Slobodnica-Negoslavci,87.0,800.0,75.0,,,,,2032.0,"Electrolysis; it will be H2 from Croatian transport system, Croatian LH2T",H2T,route attribute; hydraulic capacity not supplied in this sheet,route_and_project_status_only,
2026,H2T,H2T-N-302,Interconnection Croatia-Bosnia and Herzegovina (South),Croatia,Plinacro Ltd,Less-Advanced,New,Zagvozd -Imotski,22.0,500.0,75.0,,,,,2028.0,Electrolysis;,H2T,route attribute; hydraulic capacity not supplied in this sheet,route_and_project_status_only,
2026,H2T,H2T-N-302,Interconnection Croatia-Bosnia and Herzegovina (South),Croatia,Plinacro Ltd,Less-Advanced,New,Split (Dugopolje)-Zagvozd,55.0,800.0,75.0,,,,,2028.0,Electrolysis;,H2T,route attribute; hydraulic capacity not supplied in this sheet,route_and_project_status_only,
2026,H2T,H2T-N-303,Interconnection Croatia-Bosnia and Herzegovina (west),Croatia,Plinacro Ltd,Less-Advanced,New,Licka Jesenica-Rakovica-Croatian/Bosnian and Herzegovinian border,30.0,500.0,75.0,,,,,2031.0,Electrolysis;,H2T,route attribute; hydraulic capacity not supplied in this sheet,route_and_project_status_only,
2026,H2T,H2T-N-443,Nordic-Baltic Hydrogen Corridor - FI section,Finland,Gasgrid vetyverkot Oy,Less-Advanced,New,NBHC Finnish section,496.0,1200.0,80.0,,,,,2032.0,Electrolysis; We may need some other renewable hydrogen sources to balance the hydrogen system.,H2T,route attribute; hydraulic capacity not supplied in this sheet,route_and_project_status_only,
2026,H2T,H2T-N-444,HySoW Atlantic to Mediterranean,France,Teréga,Less-Advanced,New,Barbaira to Lias,136.0,500.0,66.0,,,,,2032.0,Electrolysis;,H2T,route attribute; hydraulic capacity not supplied in this sheet,route_and_project_status_only,
2026,H2T,H2T-N-444,HySoW Atlantic to Mediterranean,France,Teréga,Less-Advanced,New,Lias to Blagnac,21.0,80.0,66.0,,,,,2032.0,Electrolysis;,H2T,route attribute; hydraulic capacity not supplied in this sheet,route_and_project_status_only,
2026,H2T,H2T-N-444,HySoW Atlantic to Mediterranean,France,Teréga,Less-Advanced,New,Lias to Lussan,32.0,500.0,66.0,,,,,2032.0,Electrolysis;,H2T,route attribute; hydraulic capacity not supplied in this sheet,route_and_project_status_only,
2026,H2T,H2T-N-444,HySoW Atlantic to Mediterranean,France,Teréga,Less-Advanced,New,Lussagnet to Estibeaux,61.0,250.0,66.0,,,,,2032.0,Electrolysis;,H2T,route attribute; hydraulic capacity not supplied in this sheet,route_and_project_status_only,
2026,H2T,H2T-N-444,HySoW Atlantic to Mediterranean,France,Teréga,Less-Advanced,New,Estibeaux to Lacq,35.0,250.0,66.0,,,,,2032.0,Electrolysis;,H2T,route attribute; hydraulic capacity not supplied in this sheet,route_and_project_status_only,
2026,H2T,H2T-N-444,HySoW Atlantic to Mediterranean,France,Teréga,Less-Advanced,New,Cruzy to Narbonne,24.0,600.0,80.0,,,,,2032.0,Electrolysis;,H2T,route attribute; hydraulic capacity not supplied in this sheet,route_and_project_status_only,
2026,H2T,H2T-N-444,HySoW Atlantic to Mediterranean,France,Teréga,Less-Advanced,New,Narbonne to Barbaira,40.0,400.0,80.0,,,,,2032.0,Electrolysis;,H2T,route attribute; hydraulic capacity not supplied in this sheet,route_and_project_status_only,
2026,H2T,H2T-N-444,HySoW Atlantic to Mediterranean,France,Teréga,Less-Advanced,New,Compression station in Barbaira,0.0,0.0,66.0,,,,,2032.0,Electrolysis;,H2T,route attribute; hydraulic capacity not supplied in this sheet,route_and_project_status_only,
2026,H2T,H2T-N-444,HySoW Atlantic to Mediterranean,France,Teréga,Less-Advanced,New,Compression station in Lussagnet,0.0,0.0,66.0,,,,,2032.0,Electrolysis;,H2T,route attribute; hydraulic capacity not supplied in this sheet,route_and_project_status_only,
2026,H2T,H2T-N-444,HySoW Atlantic to Mediterranean,France,Teréga,Less-Advanced,New,Estibeaux to Dax (HySoW storage),12.0,300.0,66.0,,,,,2032.0,Electrolysis;,H2T,route attribute; hydraulic capacity not supplied in this sheet,route_and_project_status_only,
2026,H2T,H2T-N-444,HySoW Atlantic to Mediterranean,France,Teréga,Less-Advanced,Repurposed,Lussan to Lupiac,54.0,600.0,43.0,,,,,2032.0,Electrolysis;,H2T,route attribute; hydraulic capacity not supplied in this sheet,route_and_project_status_only,
2026,H2T,H2T-N-444,HySoW Atlantic to Mediterranean,France,Teréga,Less-Advanced,Repurposed,Lupiac to Lussagnet,33.0,700.0,43.0,,,,,2032.0,Electrolysis;,H2T,route attribute; hydraulic capacity not supplied in this sheet,route_and_project_status_only,
2026,H2T,H2T-N-461,Joint North Sea Energy Hub - Hydrogen pipeline,Denmark,Copenhagen Energy Islands ApS,Less-Advanced,New,JNSEH-Aquaductus,140.0,91.44,100.0,,,,,2037.0,Electrolysis;,H2T,route attribute; hydraulic capacity not supplied in this sheet,route_and_project_status_only,
2026,H2T,H2T-N-569,HY-FEN – H2 Corridor Spain – France – Germany connection,France,NaTran,Less-Advanced,New,Fos-sur-Mer / Etrez,418.0,1200.0,67.0,,,,,2032.0,Electrolysis;,H2T,route attribute; hydraulic capacity not supplied in this sheet,route_and_project_status_only,
2026,H2T,H2T-N-569,HY-FEN – H2 Corridor Spain – France – Germany connection,France,NaTran,Less-Advanced,New,Voisines / Cerville,136.0,1200.0,67.0,,,,,2032.0,Electrolysis;,H2T,route attribute; hydraulic capacity not supplied in this sheet,route_and_project_status_only,
2026,H2T,H2T-N-569,HY-FEN – H2 Corridor Spain – France – Germany connection,France,NaTran,Less-Advanced,Repurposed,Cerville / Obergailbach,113.0,900.0,42.0,,,,,2032.0,Electrolysis;,H2T,route attribute; hydraulic capacity not supplied in this sheet,route_and_project_status_only,
2026,H2T,H2T-N-569,HY-FEN – H2 Corridor Spain – France – Germany connection,France,NaTran,Less-Advanced,New,Cerville - Baldenheim,140.0,750.0,67.0,,,,,2032.0,Electrolysis;,H2T,route attribute; hydraulic capacity not supplied in this sheet,route_and_project_status_only,
2026,H2T,H2T-N-569,HY-FEN – H2 Corridor Spain – France – Germany connection,France,NaTran,Less-Advanced,New,Etrez / Voisines,204.0,1200.0,67.0,,,,,2032.0,Electrolysis;,H2T,route attribute; hydraulic capacity not supplied in this sheet,route_and_project_status_only,
2026,H2T,H2T-N-569,HY-FEN – H2 Corridor Spain – France – Germany connection,France,NaTran,Less-Advanced,New,Cerville / Obergailbach,113.0,900.0,67.0,,,,,2032.0,Electrolysis;,H2T,route attribute; hydraulic capacity not supplied in this sheet,route_and_project_status_only,
2026,H2T,H2T-N-573,UK-BE H2 Interconnector,Belgium,National Gas & Fluxys NV/SA,Less-Advanced,New,Phase 1,231.0,1000.0,66.2,,,,,2035.0,,H2T,route attribute; hydraulic capacity not supplied in this sheet,route_and_project_status_only,
2026,H2T,H2T-N-573,UK-BE H2 Interconnector,Belgium,National Gas & Fluxys NV/SA,Less-Advanced,New,Phase 2,0.0,0.0,66.2,,,,,2045.0,,H2T,route attribute; hydraulic capacity not supplied in this sheet,route_and_project_status_only,
2026,H2T,H2T-N-597,HyPipe Bavaria - Connect,Germany,bayernets,Less-Advanced,New,Bissingen-Wertingen,30.2,1000.0,100.0,,,,,2032.0,"Transit from all geographical directions i.a. from North Africa, Ukraine, Spain and other european regions",H2T,route attribute; hydraulic capacity not supplied in this sheet,route_and_project_status_only,
2026,H2T,H2T-N-597,HyPipe Bavaria - Connect,Germany,bayernets,Less-Advanced,New,VDS Forchheim,0.0,0.0,0.0,,,,,2032.0,"Transit from all geographical directions i.a. from North Africa, Ukraine, Spain and other european regions",H2T,route attribute; hydraulic capacity not supplied in this sheet,route_and_project_status_only,
2026,H2T,H2T-N-597,HyPipe Bavaria - Connect,Germany,bayernets,Less-Advanced,New,Kötz-Hittistetten,17.3,500.0,100.0,,,,,2032.0,"Transit from all geographical directions i.a. from North Africa, Ukraine, Spain and other european regions",H2T,route attribute; hydraulic capacity not supplied in this sheet,route_and_project_status_only,
2026,H2T,H2T-N-619,H2 interconnection Croatia/Slovenia (Omišalj-Bosiljevo-Lučko-Zabok-Rogatec),Croatia,PLINACRO Ltd.,Less-Advanced,New,H2 Omišalj-Zlobin,18.0,700.0,75.0,,,,,2035.0,Electrolysis;,H2T,route attribute; hydraulic capacity not supplied in this sheet,route_and_project_status_only,
2026,H2T,H2T-N-619,H2 interconnection Croatia/Slovenia (Omišalj-Bosiljevo-Lučko-Zabok-Rogatec),Croatia,PLINACRO Ltd.,Less-Advanced,New,Bosiljevo-Karlovac,38.0,700.0,75.0,,,,,2035.0,Electrolysis;,H2T,route attribute; hydraulic capacity not supplied in this sheet,route_and_project_status_only,
2026,H2T,H2T-N-619,H2 interconnection Croatia/Slovenia (Omišalj-Bosiljevo-Lučko-Zabok-Rogatec),Croatia,PLINACRO Ltd.,Less-Advanced,New,Karlovac-Lučko,33.0,500.0,75.0,,,,,2035.0,Electrolysis;,H2T,route attribute; hydraulic capacity not supplied in this sheet,route_and_project_status_only,
2026,H2T,H2T-N-619,H2 interconnection Croatia/Slovenia (Omišalj-Bosiljevo-Lučko-Zabok-Rogatec),Croatia,PLINACRO Ltd.,Less-Advanced,New,Zabok-Jezerišće-Sotla/Rogatec,33.0,700.0,75.0,,,,,2035.0,Electrolysis;,H2T,route attribute; hydraulic capacity not supplied in this sheet,route_and_project_status_only,
2026,H2T,H2T-N-625,Onești – Ungheni corridor modernization for hydrogen transmission,Romania,SNTGN Transgaz SA,Less-Advanced,Repurposed,Onesti - Ungheni,213.0,711.0,55.0,,,,,2040.0,,H2T,route attribute; hydraulic capacity not supplied in this sheet,route_and_project_status_only,
2026,H2T,H2T-N-646,Branch to Nordic-Baltic Hydrogen Corridor - LT section,Lithuania,AB Amber Grid,Less-Advanced,New,Branch to Nordic-Baltic Hydrogen Corridor - LT section,201.0,800.0,60.0,,,,,2039.0,Electrolysis;,H2T,route attribute; hydraulic capacity not supplied in this sheet,route_and_project_status_only,
2026,H2T,H2T-N-648,Romania - Serbia Interconnection modernization for  hydrogen transmission,Romania,SNTGN Transgaz SA,Less-Advanced,New,Petrovaselo - Comlosu Mare,86.0,610.0,63.0,,,,,2040.0,,H2T,route attribute; hydraulic capacity not supplied in this sheet,route_and_project_status_only,
2026,H2T,H2T-N-667,MidHY,France,NaTran,Less-Advanced,New,MidHY,180.0,1050.0,67.0,,,,,2032.0,,H2T,route attribute; hydraulic capacity not supplied in this sheet,route_and_project_status_only,
2026,H2T,H2T-N-686,SLOH2 Backbone - HR-SI H2 Interconnection,Slovenia,Plinovodi d.o.o.,Less-Advanced,Repurposed,Rogatec - Kidričevo,38.0,800.0,70.0,,,,,2035.0,Electrolysis; SMR; Prolysis;,H2T,route attribute; hydraulic capacity not supplied in this sheet,route_and_project_status_only,
2026,H2T,H2T-N-686,SLOH2 Backbone - HR-SI H2 Interconnection,Slovenia,Plinovodi d.o.o.,Less-Advanced,New,Rogatec - HR/SI border,4.0,800.0,70.0,,,,,2035.0,Electrolysis; SMR; Prolysis;,H2T,route attribute; hydraulic capacity not supplied in this sheet,route_and_project_status_only,
2026,H2T,H2T-N-689,SLOH2 Backbone - HU-SI H2 Interconnection,Slovenia,Plinovodi d.o.o.,Less-Advanced,New,Pince - Kidričevo,75.0,500.0,70.0,,,,,2035.0,Electrolysis; SMR; Prolysis;,H2T,route attribute; hydraulic capacity not supplied in this sheet,route_and_project_status_only,
2026,H2T,H2T-N-689,SLOH2 Backbone - HU-SI H2 Interconnection,Slovenia,Plinovodi d.o.o.,Less-Advanced,Repurposed,Kidričevo - Rogatec,20.0,800.0,70.0,,,,,2035.0,Electrolysis; SMR; Prolysis;,H2T,route attribute; hydraulic capacity not supplied in this sheet,route_and_project_status_only,
2026,H2T,H2T-N-689,SLOH2 Backbone - HU-SI H2 Interconnection,Slovenia,Plinovodi d.o.o.,Less-Advanced,Repurposed,Rogatec-Vodice,100.0,800.0,70.0,,,,,2035.0,Electrolysis; SMR; Prolysis;,H2T,route attribute; hydraulic capacity not supplied in this sheet,route_and_project_status_only,
2026,H2T,H2T-N-706,Komnina-Florovouni H2 Pipeline,Greece,DESFA S.A.,Less-Advanced,New,Komnina- Florovouni,252.0,760.0,80.0,,,,,2035.0,Electrolysis;,H2T,route attribute; hydraulic capacity not supplied in this sheet,route_and_project_status_only,
2026,H2T,H2T-N-709,Belgian Hydrogen Backbone - Interconnection BE-UK,Belgium,Fluxys Hydrogen NV/SA,Less-Advanced,New,Measuring station Zeebrugge,0.0,1000.0,66.2,,,,,2035.0,,H2T,route attribute; hydraulic capacity not supplied in this sheet,route_and_project_status_only,
2026,H2T,H2T-N-710,Belgian Hydrogen Backbone - Interconnection BE-FR (Blaregnies),Belgium,Fluxys Hydrogen NV/SA,Less-Advanced,New,Zomergem-Blaregnies,115.0,1000.0,66.2,,,,,2034.0,,H2T,route attribute; hydraulic capacity not supplied in this sheet,route_and_project_status_only,
2026,H2T,H2T-N-711,Belgian Hydrogen Backbone - Interconnection BE-FR (Alveringem),Belgium,Fluxys Hydrogen NV/SA,Less-Advanced,New,Alveringem-Maldegem,74.0,900.0,66.2,,,,,2034.0,,H2T,route attribute; hydraulic capacity not supplied in this sheet,route_and_project_status_only,
2026,H2T,H2T-N-726,Belgian Hydrogen Backbone - Interconnection BE-NL (Gravenvoeren),Belgium,Fluxys Hydrogen NV/SA,Less-Advanced,New,'s Gravenvoeren-Berneau,4.5,900.0,66.2,,,,,2034.0,,H2T,route attribute; hydraulic capacity not supplied in this sheet,route_and_project_status_only,
2026,H2T,H2T-N-730,Coroi - Medieșu Aurit corridor modernization for hydrogen transmission,Romania,SNTGN Transgaz SA,Less-Advanced,Repurposed,Coroi -Mediesu Aurit,275.0,711.0,40.0,,,,,2040.0,,H2T,route attribute; hydraulic capacity not supplied in this sheet,route_and_project_status_only,
2026,H2T,H2T-N-740,Alpine HyWay,Germany,Fluxys TENP GmbH and Open Grid Europe GmbH,Less-Advanced,Repurposed,Mittelbrunn - Barbelroth,56.0,1000.0,70.0,,,,,2035.0,,H2T,route attribute; hydraulic capacity not supplied in this sheet,route_and_project_status_only,
2026,H2T,H2T-N-740,Alpine HyWay,Germany,Fluxys TENP GmbH and Open Grid Europe GmbH,Less-Advanced,Repurposed,Schwarzach - Eckartsweier,28.6,1000.0,70.0,,,,,2035.0,,H2T,route attribute; hydraulic capacity not supplied in this sheet,route_and_project_status_only,
2026,H2T,H2T-N-740,Alpine HyWay,Germany,Fluxys TENP GmbH and Open Grid Europe GmbH,Less-Advanced,Repurposed,Hügelheim - Hüsingen,31.5,900.0,70.0,,,,,2035.0,,H2T,route attribute; hydraulic capacity not supplied in this sheet,route_and_project_status_only,
2026,H2T,H2T-N-740,Alpine HyWay,Germany,Fluxys TENP GmbH and Open Grid Europe GmbH,Less-Advanced,New,Barbelroth - Au am Rhein,23.0,1000.0,70.0,,,,,2035.0,,H2T,route attribute; hydraulic capacity not supplied in this sheet,route_and_project_status_only,
2026,H2T,H2T-N-740,Alpine HyWay,Germany,Fluxys TENP GmbH and Open Grid Europe GmbH,Less-Advanced,New,Au am Rhein - Schwarzach,33.0,1000.0,70.0,,,,,2035.0,,H2T,route attribute; hydraulic capacity not supplied in this sheet,route_and_project_status_only,
2026,H2T,H2T-N-740,Alpine HyWay,Germany,Fluxys TENP GmbH and Open Grid Europe GmbH,Less-Advanced,New,Eckartsweier - Hügelheim,85.4,1000.0,70.0,,,,,2035.0,,H2T,route attribute; hydraulic capacity not supplied in this sheet,route_and_project_status_only,
2026,H2T,H2T-N-740,Alpine HyWay,Germany,Fluxys TENP GmbH and Open Grid Europe GmbH,Less-Advanced,New,Hüsingen - Wallbach,14.8,900.0,70.0,,,,,2035.0,,H2T,route attribute; hydraulic capacity not supplied in this sheet,route_and_project_status_only,
2026,H2T,H2T-N-740,Alpine HyWay,Germany,Fluxys TENP GmbH and Open Grid Europe GmbH,Less-Advanced,New,Mittelbrunn Compressor station,0.0,0.0,70.0,,,,,2041.0,,H2T,route attribute; hydraulic capacity not supplied in this sheet,route_and_project_status_only,
2026,H2T,H2T-N-740,Alpine HyWay,Germany,Fluxys TENP GmbH and Open Grid Europe GmbH,Less-Advanced,New,Schwarzach Compressor station,0.0,0.0,70.0,,,,,2045.0,,H2T,route attribute; hydraulic capacity not supplied in this sheet,route_and_project_status_only,
2026,H2T,H2T-N-756,Negru Voda – Isaccea corridor modernization for  hydrogen transmission,Romania,SNTGN Transgaz SA,Less-Advanced,Repurposed,Negru Voda - Isaccea,190.0,1219.0,40.0,,,,,2040.0,,H2T,route attribute; hydraulic capacity not supplied in this sheet,route_and_project_status_only,
2026,H2T,H2T-N-777,H2 transmission system in Bulgaria (Phase 2),Bulgaria,Bulgartansgaz EAD,Less-Advanced,New,Sofia - Ruse,330.0,1000.0,51.0,,,,,2032.0,Electrolysis;,H2T,route attribute; hydraulic capacity not supplied in this sheet,route_and_project_status_only,
2026,H2T,H2T-N-779,Pomeranian Green Hydrogen Cluster,Poland,GAZ-SYSTEM S.A.,Less-Advanced,New,PGHC - Ploty - Miedzyrzecz,189.0,1000.0,64.0,,,,,2034.0,,H2T,route attribute; hydraulic capacity not supplied in this sheet,route_and_project_status_only,
2026,H2T,H2T-N-779,Pomeranian Green Hydrogen Cluster,Poland,GAZ-SYSTEM S.A.,Less-Advanced,New,PGHC - PL-DE interconnection,98.0,1000.0,64.0,,,,,2034.0,,H2T,route attribute; hydraulic capacity not supplied in this sheet,route_and_project_status_only,
2026,H2T,H2T-N-779,Pomeranian Green Hydrogen Cluster,Poland,GAZ-SYSTEM S.A.,Less-Advanced,New,PGHC - Płoty - Reszki,267.0,1000.0,64.0,,,,,2035.0,,H2T,route attribute; hydraulic capacity not supplied in this sheet,route_and_project_status_only,
2026,H2T,H2T-N-788,H2 transmission system in Bulgaria,Bulgaria,Bulgartransgaz EAD,Less-Advanced,New,From Kulata to the region of Sofia,250.0,1000.0,51.0,,,,,2032.0,Electrolysis;,H2T,route attribute; hydraulic capacity not supplied in this sheet,route_and_project_status_only,
2026,H2T,H2T-N-835,SK-HU H2 corridor,Slovakia,"eustream, a.s.",Less-Advanced,New,SK part,19.0,800.0,55.0,,,,,2032.0,,H2T,route attribute; hydraulic capacity not supplied in this sheet,route_and_project_status_only,
2026,H2T,H2T-N-856,Baltic Sea Hydrogen Collector - tie-in to the Polish system,Poland,GAZ-SYSTEM S.A.,Less-Advanced,New,BHC - offshore connection to PL,140.0,1000.0,84.0,,,,,2032.0,,H2T,route attribute; hydraulic capacity not supplied in this sheet,route_and_project_status_only,
2026,H2T,H2T-N-856,Baltic Sea Hydrogen Collector - tie-in to the Polish system,Poland,GAZ-SYSTEM S.A.,Less-Advanced,New,BHC - onshore connection in PL,316.0,1000.0,64.0,,,,,2032.0,,H2T,route attribute; hydraulic capacity not supplied in this sheet,route_and_project_status_only,
2026,H2T,H2T-N-909,Connexion HY-FEN-GeoH2,France,NaTran,Less-Advanced,New,Connexio HY-FEN GeoH2,100.0,600.0,67.7,,,,,2032.0,,H2T,route attribute; hydraulic capacity not supplied in this sheet,route_and_project_status_only,
2026,H2T,H2T-N-970,Internal hydrogen infrastructure in Greece towards the Bulgarian border,Greece,DESFA S.A.,Less-Advanced,New,H2DRIA,580.0,914.0,80.0,,,,,2032.0,,H2T,route attribute; hydraulic capacity not supplied in this sheet,route_and_project_status_only,
2026,H2T,H2T-N-978,Portuguese Hydrogen Backbone,Portugal,"REN - Gasodutos, S.A.",Less-Advanced,Repurposed,Cantanhede-Mangualde,76.0,500.0,84.0,,,,,2032.0,,H2T,route attribute; hydraulic capacity not supplied in this sheet,route_and_project_status_only,
2026,H2T,H2T-N-978,Portuguese Hydrogen Backbone,Portugal,"REN - Gasodutos, S.A.",Less-Advanced,Repurposed,Mangualde-Celorico da Beira,48.0,700.0,84.0,,,,,2032.0,,H2T,route attribute; hydraulic capacity not supplied in this sheet,route_and_project_status_only,
2026,H2T,H2T-N-978,Portuguese Hydrogen Backbone,Portugal,"REN - Gasodutos, S.A.",Less-Advanced,Repurposed,Celorico da Beira-Monforte,217.0,300.0,84.0,,,,,2032.0,,H2T,route attribute; hydraulic capacity not supplied in this sheet,route_and_project_status_only,
2026,H2T,H2T-N-978,Portuguese Hydrogen Backbone,Portugal,"REN - Gasodutos, S.A.",Less-Advanced,New,Figueira da Foz/Carriço UGS - Cantanhede,50.0,700.0,100.0,,,,,2032.0,,H2T,route attribute; hydraulic capacity not supplied in this sheet,route_and_project_status_only,
2026,H2T,H2T-N-983,Polish Hydrogen Backbone - Southern Section,Poland,GAZ-SYSTEM S.A.,Less-Advanced,New,Polish Hydrogen Backbone - Southern Section,477.0,1000.0,64.0,,,,,2039.0,,H2T,route attribute; hydraulic capacity not supplied in this sheet,route_and_project_status_only,
2026,H2T,H2T-N-999,Giurgiu - Nădlac corridor modernization for hydrogen transmission,Romania,SNTGN Transgaz SA,Less-Advanced,Repurposed,Giurgiu - Podisor,60.0,500.0,63.0,,,,,2040.0,,H2T,route attribute; hydraulic capacity not supplied in this sheet,route_and_project_status_only,
2026,H2T,H2T-N-999,Giurgiu - Nădlac corridor modernization for hydrogen transmission,Romania,SNTGN Transgaz SA,Less-Advanced,Repurposed,Podisor - Horia,530.0,800.0,63.0,,,,,2040.0,,H2T,route attribute; hydraulic capacity not supplied in this sheet,route_and_project_status_only,
2026,H2T,H2T-N-999,Giurgiu - Nădlac corridor modernization for hydrogen transmission,Romania,SNTGN Transgaz SA,Less-Advanced,Repurposed,Horia - Nadlac,62.0,700.0,63.0,,,,,2040.0,,H2T,route attribute; hydraulic capacity not supplied in this sheet,route_and_project_status_only,
2026,H2T,H2T-N-1011,HyONE,Netherlands,N.V. Nederlandse Gasunie,Less-Advanced,New,Hub West to Hub East,100.0,1066.0,40.0,,,,,2035.0,,H2T,route attribute; hydraulic capacity not supplied in this sheet,route_and_project_status_only,
2026,H2T,H2T-N-1011,HyONE,Netherlands,N.V. Nederlandse Gasunie,Less-Advanced,New,Hub West to Aquaductus,100.0,1066.0,90.0,,,,,2035.0,,H2T,route attribute; hydraulic capacity not supplied in this sheet,route_and_project_status_only,
2026,H2T,H2T-N-1011,HyONE,Netherlands,N.V. Nederlandse Gasunie,Less-Advanced,New,Hub West to Landall Den Helder,160.0,1066.0,40.0,,,,,2037.0,,H2T,route attribute; hydraulic capacity not supplied in this sheet,route_and_project_status_only,
2026,H2T,H2T-N-1014,Giurgiu Nădlac hydrogen corridor with new H2 interconnector,Romania,SNTGN Transgaz SA,Less-Advanced,New,Giurgiu - Nadlac,663.0,800.0,75.0,,,,,2032.0,"Greece, Domestic production along the transport corridor",H2T,route attribute; hydraulic capacity not supplied in this sheet,route_and_project_status_only,
2026,H2T,H2T-N-1015,New Hydrogen pipeline from Black Sea area to Podișor,Romania,SNTGN Transgaz SA,Less-Advanced,New,Black Sea area - Podișor,310.0,800.0,75.0,,,,,2032.0,"RO, Black Sea",H2T,route attribute; hydraulic capacity not supplied in this sheet,route_and_project_status_only,
2026,H2T,H2T-N-1017,H2Poseidon Pipeline,Greece,Natural Gas Submarine Interconnector Greece-Italy Poseidon S.A,Less-Advanced,New,H2Poseidon Pipeline offshore,210.0,915.0,,,,,,2034.0,"Greece, Cyprus, Crete resources. MENA area, among which KSA, Egypt, Jordan sources. Worldwide potential supply through",H2T,route attribute; hydraulic capacity not supplied in this sheet,route_and_project_status_only,
2026,H2T,H2T-N-1017,H2Poseidon Pipeline,Greece,Natural Gas Submarine Interconnector Greece-Italy Poseidon S.A,Less-Advanced,New,H2Poiseidon Pipeline onshore,130.0,915.0,,,,,,2034.0,"Greece, Cyprus, Crete resources. MENA area, among which KSA, Egypt, Jordan sources. Worldwide potential supply through",H2T,route attribute; hydraulic capacity not supplied in this sheet,route_and_project_status_only,
2026,H2T,H2T-N-1023,Italian H2 Backbone (Poggio Renatico - P. Gries),Italy,Snam Rete Gas S.p.A,Less-Advanced,New,New Pipelines - Italian H2 Backbone Second Phase,155.0,900.0,75.0,,,,,2034.0,"Electrolysis; SMR; Algeria; Tunisia; Greece; potential terminals (green ammonia; liquefied H2, etc)",H2T,route attribute; hydraulic capacity not supplied in this sheet,route_and_project_status_only,
2026,H2T,H2T-N-1023,Italian H2 Backbone (Poggio Renatico - P. Gries),Italy,Snam Rete Gas S.p.A,Less-Advanced,New,Compression Stations - Italian H2 Backbone Second Phase,0.0,0.0,75.0,,,,,2034.0,"Electrolysis; SMR; Algeria; Tunisia; Greece; potential terminals (green ammonia; liquefied H2, etc)",H2T,route attribute; hydraulic capacity not supplied in this sheet,route_and_project_status_only,
2026,H2T,H2T-N-1023,Italian H2 Backbone (Poggio Renatico - P. Gries),Italy,Snam Rete Gas S.p.A,Less-Advanced,Repurposed,Repurposed Pipelines - Italian H2 Backbone Second Phase,260.0,1050.0,75.0,,,,,2034.0,"Electrolysis; SMR; Algeria; Tunisia; Greece; potential terminals (green ammonia; liquefied H2, etc)",H2T,route attribute; hydraulic capacity not supplied in this sheet,route_and_project_status_only,
2026,H2T,H2T-N-1025,HySoW connection to Port la Nouvelle Terminal,France,Teréga,Less-Advanced,New,Narbonne to Port la Nouvelle,26.0,500.0,80.0,,,,,2031.0,Electrolysis;,H2T,route attribute; hydraulic capacity not supplied in this sheet,route_and_project_status_only,
2026,H2T,H2T-N-1027,Connection to North Adriatic H2 Terminal,Italy,Snam Rete Gas S.p.A.,Less-Advanced,New,Mestre-Backbone,30.0,750.0,75.0,,,,,2033.0,Ammonia,H2T,route attribute; hydraulic capacity not supplied in this sheet,route_and_project_status_only,
2026,H2T,H2T-N-1035,Franco-Belgian H2 corridor,France,NaTran,Less-Advanced,New,H2 network on the Port of Dunkirk,10.0,500.0,68.7,,,,,2032.0,,H2T,route attribute; hydraulic capacity not supplied in this sheet,route_and_project_status_only,
2026,H2T,H2T-N-1035,Franco-Belgian H2 corridor,France,NaTran,Less-Advanced,Repurposed,Extension to the Grand-Est Region,265.0,550.0,,,,,,2034.0,,H2T,route attribute; hydraulic capacity not supplied in this sheet,route_and_project_status_only,
2026,H2T,H2T-N-1035,Franco-Belgian H2 corridor,France,NaTran,Less-Advanced,Repurposed,Extension to the Parisian region from Taisnières FR/BE interconnection point,200.0,750.0,68.7,,,,,2034.0,,H2T,route attribute; hydraulic capacity not supplied in this sheet,route_and_project_status_only,
2026,H2T,H2T-N-1035,Franco-Belgian H2 corridor,France,NaTran,Less-Advanced,New,French-Belgian H2 connection close to Dunkirk,40.0,600.0,68.7,,,,,2034.0,,H2T,route attribute; hydraulic capacity not supplied in this sheet,route_and_project_status_only,
2026,H2T,H2T-N-1052,H2ercules Network South-West,Germany,Open Grid Europe GmbH; NaTran Deutschland GmbH,Less-Advanced,Repurposed,H2ercules Medelsheim-Mittelbrunn,37.3,900.0,0.0,,,,,2032.0,Electrolysis; e.g. Iberian Peninsula; North Africa via Iberian Peninsula,H2T,route attribute; hydraulic capacity not supplied in this sheet,route_and_project_status_only,
2026,H2T,H2T-N-1052,H2ercules Network South-West,Germany,Open Grid Europe GmbH; NaTran Deutschland GmbH,Less-Advanced,Repurposed,H2ercules Mittelbrunn-Gernsheim,97.6,1100.0,0.0,,,,,2032.0,Electrolysis; e.g. Iberian Peninsula; North Africa via Iberian Peninsula,H2T,route attribute; hydraulic capacity not supplied in this sheet,route_and_project_status_only,
2026,H2T,H2T-N-1052,H2ercules Network South-West,Germany,Open Grid Europe GmbH; NaTran Deutschland GmbH,Less-Advanced,Repurposed,H2ercules Gernsheim-Nord-Gernsheim-Süd,3.4,800.0,0.0,,,,,2032.0,Electrolysis; e.g. Iberian Peninsula; North Africa via Iberian Peninsula,H2T,route attribute; hydraulic capacity not supplied in this sheet,route_and_project_status_only,
2026,H2T,H2T-N-1052,H2ercules Network South-West,Germany,Open Grid Europe GmbH; NaTran Deutschland GmbH,Less-Advanced,Repurposed,H2ercules Rüsselsheim-Lampertheim,47.2,800.0,0.0,,,,,2032.0,Electrolysis; e.g. Iberian Peninsula; North Africa via Iberian Peninsula,H2T,route attribute; hydraulic capacity not supplied in this sheet,route_and_project_status_only,
2026,H2T,H2T-N-1052,H2ercules Network South-West,Germany,Open Grid Europe GmbH; NaTran Deutschland GmbH,Less-Advanced,Repurposed,H2ercules Birlinghoven-Rüsselsheim,21.1,900.0,0.0,,,,,2032.0,Electrolysis; e.g. Iberian Peninsula; North Africa via Iberian Peninsula,H2T,route attribute; hydraulic capacity not supplied in this sheet,route_and_project_status_only,
2026,H2T,H2T-N-1052,H2ercules Network South-West,Germany,Open Grid Europe GmbH; NaTran Deutschland GmbH,Less-Advanced,New,H2ercules Gernsheim,4.0,800.0,0.0,,,,,2032.0,Electrolysis; e.g. Iberian Peninsula; North Africa via Iberian Peninsula,H2T,route attribute; hydraulic capacity not supplied in this sheet,route_and_project_status_only,
2026,H2T,H2T-N-1052,H2ercules Network South-West,Germany,Open Grid Europe GmbH; NaTran Deutschland GmbH,Less-Advanced,New,Wiesbaden-Frankfurt,15.0,500.0,0.0,,,,,2032.0,Electrolysis; e.g. Iberian Peninsula; North Africa via Iberian Peninsula,H2T,route attribute; hydraulic capacity not supplied in this sheet,route_and_project_status_only,
2026,H2T,H2T-N-1053,Italy - Slovenia H2 Connection,Italy,Snam Rete Gas S.p.A.,Less-Advanced,New,Gorizia-Flaibano,70.0,750.0,75.0,,,,,2035.0,"Electrolysis; SMR; Tunisia; Greece; potential terminals (green ammonia; liquefied H2, etc)",H2T,route attribute; hydraulic capacity not supplied in this sheet,route_and_project_status_only,
2026,H2T,H2T-N-1054,Otranto IGI H2 connection,Italy,Snam Rete Gas S.p.A.,Less-Advanced,New,Taranto-Tarsia,180.0,1200.0,75.0,,,,,2034.0,"Greece, Cyrpus, MENA countries",H2T,route attribute; hydraulic capacity not supplied in this sheet,route_and_project_status_only,
2026,H2T,H2T-N-1055,H2ercules Network South-East,Germany,Open Grid Europe GmbH; NaTran Deutschland GmbH,Less-Advanced,Repurposed,H2ercules Rothenstadt-Waidhaus,28.5,1100.0,0.0,,,,,2032.0,"Electrolysis; e.g. Ukraine, Greece/Bulgaria, North Africa via Italy, Baltic region",H2T,route attribute; hydraulic capacity not supplied in this sheet,route_and_project_status_only,
2026,H2T,H2T-N-1055,H2ercules Network South-East,Germany,Open Grid Europe GmbH; NaTran Deutschland GmbH,Less-Advanced,New,H2ercules Rothenstadt-Forchheim,102.0,1000.0,0.0,,,,,2032.0,"Electrolysis; e.g. Ukraine, Greece/Bulgaria, North Africa via Italy, Baltic region",H2T,route attribute; hydraulic capacity not supplied in this sheet,route_and_project_status_only,
2026,H2T,H2T-N-1065,UAHU hydrogen corridor,Hungary,FGSZ Ltd.,Less-Advanced,Repurposed,UA/HU border - Hajdúszoboszló,129.2,800.0,63.0,,,,,2035.0,Import,H2T,route attribute; hydraulic capacity not supplied in this sheet,route_and_project_status_only,
2026,H2T,H2T-N-1065,UAHU hydrogen corridor,Hungary,FGSZ Ltd.,Less-Advanced,Repurposed,Hajdúszoboszló-Endrőd,82.0,800.0,63.0,,,,,2035.0,Import,H2T,route attribute; hydraulic capacity not supplied in this sheet,route_and_project_status_only,
2026,H2T,H2T-N-1065,UAHU hydrogen corridor,Hungary,FGSZ Ltd.,Less-Advanced,Repurposed,Endrőd-Városföld,72.5,600.0,63.0,,,,,2035.0,Import,H2T,route attribute; hydraulic capacity not supplied in this sheet,route_and_project_status_only,
2026,H2T,H2T-N-1065,UAHU hydrogen corridor,Hungary,FGSZ Ltd.,Less-Advanced,Repurposed,Hajdúszoboszló GV-Hajdúszoboszló,4.5,600.0,63.0,,,,,2035.0,Import,H2T,route attribute; hydraulic capacity not supplied in this sheet,route_and_project_status_only,
2026,H2T,H2T-N-1065,UAHU hydrogen corridor,Hungary,FGSZ Ltd.,Less-Advanced,Repurposed,Hajdúszoboszló-Oszlár,49.4,400.0,63.0,,,,,2035.0,Import,H2T,route attribute; hydraulic capacity not supplied in this sheet,route_and_project_status_only,
2026,H2T,H2T-N-1065,UAHU hydrogen corridor,Hungary,FGSZ Ltd.,Less-Advanced,New,Oszlár-Tiszajváros,1.6,400.0,63.0,,,,,2035.0,Import,H2T,route attribute; hydraulic capacity not supplied in this sheet,route_and_project_status_only,
2026,H2T,H2T-N-1065,UAHU hydrogen corridor,Hungary,FGSZ Ltd.,Less-Advanced,New,Tiszaújváros-Tisza II,4.3,400.0,63.0,,,,,2035.0,Import,H2T,route attribute; hydraulic capacity not supplied in this sheet,route_and_project_status_only,
2026,H2T,H2T-N-1122,Nordic-Baltic Hydrogen Corridor - EE section,Estonia,Elering AS,Less-Advanced,New,EE onshore section,250.0,1200.0,80.0,,,,,2033.0,Electrolysis; We may need some other renewable hydrogen sources to balance the hydrogen system.,H2T,route attribute; hydraulic capacity not supplied in this sheet,route_and_project_status_only,
2026,H2T,H2T-N-1122,Nordic-Baltic Hydrogen Corridor - EE section,Estonia,Elering AS,Less-Advanced,New,EE offshore section,40.0,1200.0,80.0,,,,,2033.0,Electrolysis; We may need some other renewable hydrogen sources to balance the hydrogen system.,H2T,route attribute; hydraulic capacity not supplied in this sheet,route_and_project_status_only,
2026,H2T,H2T-N-1136,Nordic Hydrogen Route – Bothnian Bay – FI section,Finland,Gasgrid vetyverkot Oy,Less-Advanced,New,NHR Finnish pipeline,530.0,1000.0,80.0,,,,,2029.0,Electrolysis;,H2T,route attribute; hydraulic capacity not supplied in this sheet,route_and_project_status_only,
2026,H2T,H2T-N-1144,Nordic-Baltic Hydrogen Corridor - PL section,Poland,GAZ-SYSTEM S.A.,Less-Advanced,New,Nordic-Baltic Hydrogen Corridor - PL section,822.0,1200.0,80.0,,,,,2033.0,,H2T,route attribute; hydraulic capacity not supplied in this sheet,route_and_project_status_only,
2026,H2T,H2T-N-1151,H2Med-BarMar,Spain,Enagás Infraestructuras de Hidrógeno/Terega/Natran/Open Grid Europe,Less-Advanced,New,Barcelone/Fos-Sur-Mer,400.0,1067.0,100.0,,,,,2032.0,Electrolysis; Morocco (>2040),H2T,route attribute; hydraulic capacity not supplied in this sheet,route_and_project_status_only,
2026,H2T,H2T-N-1156,H2Med/CelZa,Portugal,"REN - Gasodutos, S.A.",Less-Advanced,New,Celorico da Beira,185.0,700.0,100.0,,,,,2032.0,,H2T,route attribute; hydraulic capacity not supplied in this sheet,route_and_project_status_only,
2026,H2T,H2T-N-1187,HY4Link (FR),France,NaTran,Less-Advanced,New,Thionville-Cerville,93.0,600.0,67.7,,,,,2032.0,,H2T,route attribute; hydraulic capacity not supplied in this sheet,route_and_project_status_only,
2026,H2T,H2T-N-1187,HY4Link (FR),France,NaTran,Less-Advanced,New,border - Thionville; Thionville - Bouzonville,92.0,600.0,67.7,,,,,2032.0,,H2T,route attribute; hydraulic capacity not supplied in this sheet,route_and_project_status_only,
2026,H2T,H2T-N-1216,HySoW connection to Bordeaux Terminal,France,Teréga,Less-Advanced,New,Captieux to Blasimon,61.0,450.0,66.0,,,,,2034.0,Electrolysis;,H2T,route attribute; hydraulic capacity not supplied in this sheet,route_and_project_status_only,
2026,H2T,H2T-N-1216,HySoW connection to Bordeaux Terminal,France,Teréga,Less-Advanced,New,Blasimon to Ambes (Bordeaux terminal),56.0,450.0,66.0,,,,,2034.0,Electrolysis;,H2T,route attribute; hydraulic capacity not supplied in this sheet,route_and_project_status_only,
2026,H2T,H2T-N-1216,HySoW connection to Bordeaux Terminal,France,Teréga,Less-Advanced,Repurposed,Lussagnet to Captieux,57.0,700.0,59.0,,,,,2034.0,Electrolysis;,H2T,route attribute; hydraulic capacity not supplied in this sheet,route_and_project_status_only,
2026,H2T,H2T-N-1217,HySoW Spain to Castillon,France,Teréga,Less-Advanced,New,Biriatou  to Lussagnet,143.0,800.0,66.0,,,,,2039.0,Electrolysis;,H2T,route attribute; hydraulic capacity not supplied in this sheet,route_and_project_status_only,
2026,H2T,H2T-N-1217,HySoW Spain to Castillon,France,Teréga,Less-Advanced,New,Lussagnet to Castillon,118.0,900.0,66.0,,,,,2039.0,Electrolysis;,H2T,route attribute; hydraulic capacity not supplied in this sheet,route_and_project_status_only,
2026,H2T,H2T-N-1217,HySoW Spain to Castillon,France,Teréga,Less-Advanced,New,Compression Station in Lussagnet,0.0,0.0,66.0,,,,,2039.0,Electrolysis;,H2T,route attribute; hydraulic capacity not supplied in this sheet,route_and_project_status_only,
2026,H2T,H2T-N-1217,HySoW Spain to Castillon,France,Teréga,Less-Advanced,New,Larrau to Lussagnet,128.0,800.0,66.0,,,,,2041.0,Electrolysis;,H2T,route attribute; hydraulic capacity not supplied in this sheet,route_and_project_status_only,
2026,H2T,H2T-N-1226,SLOH2 Backbone - IT-SI H2 Interconnection,Slovenia,Plinovodi d.o.o.,Less-Advanced,New,Vrtojba - Vodice,100.0,800.0,70.0,,,,,2035.0,,H2T,route attribute; hydraulic capacity not supplied in this sheet,route_and_project_status_only,
2026,H2T,H2T-N-1239,Nordic-Baltic Hydrogen Corridor - LT section,Lithuania,AB Amber Grid,Less-Advanced,New,NBHC Lithuanian section,346.0,1200.0,80.0,,,,,,Electrolysis; We may need some other renewable hydrogen sources to balance the hydrogen system.,H2T,route attribute; hydraulic capacity not supplied in this sheet,route_and_project_status_only,
2026,H2T,H2T-N-1245,AtlantHYc,France,NaTran,Less-Advanced,New,microgrid,10.0,400.0,30.0,,,,,2032.0,,H2T,route attribute; hydraulic capacity not supplied in this sheet,route_and_project_status_only,
2026,H2T,H2T-N-1245,AtlantHYc,France,NaTran,Less-Advanced,New,offshore,100.0,0.0,0.0,,,,,2040.0,,H2T,route attribute; hydraulic capacity not supplied in this sheet,route_and_project_status_only,
2026,H2T,H2T-N-1245,AtlantHYc,France,NaTran,Less-Advanced,New,Dorsale,450.0,800.0,50.0,,,,,2040.0,,H2T,route attribute; hydraulic capacity not supplied in this sheet,route_and_project_status_only,
2026,H2T,H2T-N-1252,Spanish hydrogen backbone 2040,Spain,Enagás Infraestructuras de Hidrógeno,Less-Advanced,New,Alcazar de San Juan compressor station,0.0,0.0,100.0,,,,,2039.0,"Electrolysis; Portugal, North Africa",H2T,route attribute; hydraulic capacity not supplied in this sheet,route_and_project_status_only,
2026,H2T,H2T-N-1252,Spanish hydrogen backbone 2040,Spain,Enagás Infraestructuras de Hidrógeno,Less-Advanced,New,Villar de Arnedo compressor station expansion,0.0,0.0,100.0,,,,,2039.0,"Electrolysis; Portugal, North Africa",H2T,route attribute; hydraulic capacity not supplied in this sheet,route_and_project_status_only,
2026,H2T,H2T-N-1252,Spanish hydrogen backbone 2040,Spain,Enagás Infraestructuras de Hidrógeno,Less-Advanced,New,Almendralejo compressor station,0.0,0.0,100.0,,,,,2039.0,"Electrolysis; Portugal, North Africa",H2T,route attribute; hydraulic capacity not supplied in this sheet,route_and_project_status_only,
2026,H2T,H2T-N-1252,Spanish hydrogen backbone 2040,Spain,Enagás Infraestructuras de Hidrógeno,Less-Advanced,Repurposed,Meshing of central area,715.0,762.0,100.0,,,,,2039.0,"Electrolysis; Portugal, North Africa",H2T,route attribute; hydraulic capacity not supplied in this sheet,route_and_project_status_only,
2026,H2T,H2T-N-1255,H2 interconnection Croatia-Hungary,Croatia,PLINACRO Ltd.,Less-Advanced,Repurposed,Lučko-Ivanja Reka,20.1,700.0,50.0,,,,,2035.0,Electrolysis;,H2T,route attribute; hydraulic capacity not supplied in this sheet,route_and_project_status_only,
2026,H2T,H2T-N-1255,H2 interconnection Croatia-Hungary,Croatia,PLINACRO Ltd.,Less-Advanced,Repurposed,Zagreb Istok-Kozarac,46.7,600.0,50.0,,,,,2035.0,Electrolysis;,H2T,route attribute; hydraulic capacity not supplied in this sheet,route_and_project_status_only,
2026,H2T,H2T-N-1255,H2 interconnection Croatia-Hungary,Croatia,PLINACRO Ltd.,Less-Advanced,New,Kozarac-Slobodnica,128.0,800.0,75.0,,,,,2035.0,Electrolysis;,H2T,route attribute; hydraulic capacity not supplied in this sheet,route_and_project_status_only,
2026,H2T,H2T-N-1255,H2 interconnection Croatia-Hungary,Croatia,PLINACRO Ltd.,Less-Advanced,New,Slobodnica-Donji Miholjac,73.0,800.0,75.0,,,,,2035.0,Electrolysis;,H2T,route attribute; hydraulic capacity not supplied in this sheet,route_and_project_status_only,
2026,H2T,H2T-N-1255,H2 interconnection Croatia-Hungary,Croatia,PLINACRO Ltd.,Less-Advanced,New,Donji-Miholjac (HR)-Dravaszerdahely (HU),7.6,800.0,75.0,,,,,2035.0,Electrolysis;,H2T,route attribute; hydraulic capacity not supplied in this sheet,route_and_project_status_only,
2026,H2T,H2T-N-1259,HU/RO hydrogen corridor,Hungary,FGSZ Ltd.,Less-Advanced,New,RO/HU border - Vecsés,192.2,800.0,75.0,,,,,2032.0,Electrolysis; Import from Romania direction and upstream countries  from direction South  East .,H2T,route attribute; hydraulic capacity not supplied in this sheet,route_and_project_status_only,
2026,H2T,H2T-N-1264,Slovak Hydrogen Backbone,Slovakia,"eustream,a.s.",Less-Advanced,Repurposed,Section Plavecký Peter - Lanžhot,40.0,900.0,45.0,,,,,2032.0,from Ukraine,H2T,route attribute; hydraulic capacity not supplied in this sheet,route_and_project_status_only,
2026,H2T,H2T-N-1264,Slovak Hydrogen Backbone,Slovakia,"eustream,a.s.",Less-Advanced,Repurposed,Section Plavecký Peter - Nitra,73.0,1200.0,47.0,,,,,2032.0,from Ukraine,H2T,route attribute; hydraulic capacity not supplied in this sheet,route_and_project_status_only,
2026,H2T,H2T-N-1264,Slovak Hydrogen Backbone,Slovakia,"eustream,a.s.",Less-Advanced,Repurposed,Secton Nitra - Veľké Zlievce,112.0,1200.0,47.0,,,,,2032.0,from Ukraine,H2T,route attribute; hydraulic capacity not supplied in this sheet,route_and_project_status_only,
2026,H2T,H2T-N-1264,Slovak Hydrogen Backbone,Slovakia,"eustream,a.s.",Less-Advanced,Repurposed,Section Veľké Zlievce - Košice,158.0,1200.0,47.0,,,,,2032.0,from Ukraine,H2T,route attribute; hydraulic capacity not supplied in this sheet,route_and_project_status_only,
2026,H2T,H2T-N-1264,Slovak Hydrogen Backbone,Slovakia,"eustream,a.s.",Less-Advanced,Repurposed,Section Plavecký Peter - Baumgarten,45.0,900.0,45.0,,,,,2032.0,from Ukraine,H2T,route attribute; hydraulic capacity not supplied in this sheet,route_and_project_status_only,
2026,H2T,H2T-N-1264,Slovak Hydrogen Backbone,Slovakia,"eustream,a.s.",Less-Advanced,Repurposed,Section Košice - UA/SK border,72.0,1200.0,47.0,,,,,2032.0,from Ukraine,H2T,route attribute; hydraulic capacity not supplied in this sheet,route_and_project_status_only,
2026,H2T,H2T-N-1264,Slovak Hydrogen Backbone,Slovakia,"eustream,a.s.",Less-Advanced,New,Compressor station Veľké Kapušany,0.0,0.0,55.0,,,,,2032.0,from Ukraine,H2T,route attribute; hydraulic capacity not supplied in this sheet,route_and_project_status_only,
2026,H2T,H2T-N-1264,Slovak Hydrogen Backbone,Slovakia,"eustream,a.s.",Less-Advanced,New,Compressor station Plavecký Peter,0.0,0.0,55.0,,,,,2032.0,from Ukraine,H2T,route attribute; hydraulic capacity not supplied in this sheet,route_and_project_status_only,
2026,H2T,H2T-N-1280,Nordic-Baltic Hydrogen Corridor - LV section,Latvia,"Conexus Baltic Grid, JSC",Less-Advanced,New,LV section,274.0,1200.0,80.0,,,,,2033.0,Electrolysis; We may need some other renewable hydrogen sources to balance the hydrogen system.,H2T,route attribute; hydraulic capacity not supplied in this sheet,route_and_project_status_only,
2026,H2T,H2T-N-1281,HUSI hydrogen corridor,Hungary,FGSZ Ltd.,Less-Advanced,New,HU/SI border - Nagykanizsa - Ősi,201.0,600.0,75.0,,,,,2035.0,"North Africa source, Croatian H2 source, Croatian greenliquid H2 source from KRK island,  Hungarian H2 productions.",H2T,route attribute; hydraulic capacity not supplied in this sheet,route_and_project_status_only,
2026,H2T,H2T-N-1283,H2 Larrau,Spain,Enagás Infraestructuras de Hidrógeno,Less-Advanced,New,H2 interconnector Larrau,146.0,660.4,,,,,,2041.0,"Electrolysis; Portugal, North Africa",H2T,route attribute; hydraulic capacity not supplied in this sheet,route_and_project_status_only,
2026,H2T,H2T-N-1285,H2 Irún,Spain,Enagás Infraestructuras de Hidrógeno,Less-Advanced,New,Compressor Station Vergara,,,,,,,,2039.0,"Electrolysis; Portugal, North Africa",H2T,route attribute; hydraulic capacity not supplied in this sheet,route_and_project_status_only,
2026,H2T,H2T-N-1285,H2 Irún,Spain,Enagás Infraestructuras de Hidrógeno,Less-Advanced,New,Pipeline,82.0,660.4,,,,,,2039.0,"Electrolysis; Portugal, North Africa",H2T,route attribute; hydraulic capacity not supplied in this sheet,route_and_project_status_only,
2026,H2T,H2T-N-1310,Nordic-Baltic Hydrogen Corridor - DE section,Germany,ONTRAS Gastransport GmbH,Less-Advanced,New,Pipeline from DE/PL border to Eisenhüttenstadt (German hydrogen core section KLN073-01),10.4,1000.0,84.0,,,,,2033.0,Electrolysis; We may need some other renewable hydrogen sources to balance the hydrogen system.,H2T,route attribute; hydraulic capacity not supplied in this sheet,route_and_project_status_only,
2026,H2T,H2T-N-1310,Nordic-Baltic Hydrogen Corridor - DE section,Germany,ONTRAS Gastransport GmbH,Less-Advanced,New,Pipeline from Eisenhüttenstadt to Friederdorf/Staebchen German hydrogen core section KLN060-01) with connection to Flow East Project,74.9,1000.0,84.0,,,,,2033.0,Electrolysis; We may need some other renewable hydrogen sources to balance the hydrogen system.,H2T,route attribute; hydraulic capacity not supplied in this sheet,route_and_project_status_only,
2026,H2T,H2T-N-1315,H2 interconnection DE-PL,Germany,GASCADE Gastransport GmbH,Less-Advanced,New,Schwedt-Greifenhagen (PL),33.0,1200.0,100.0,,,,,2029.0,"Electrolysis; Poland, Germany, hydrogen imported via ship from sources around the world",H2T,route attribute; hydraulic capacity not supplied in this sheet,route_and_project_status_only,
2026,H2T,H2T-N-1315,H2 interconnection DE-PL,Germany,GASCADE Gastransport GmbH,Less-Advanced,New,Schönermark-Schwedt,16.0,1200.0,100.0,,,,,2029.0,"Electrolysis; Poland, Germany, hydrogen imported via ship from sources around the world",H2T,route attribute; hydraulic capacity not supplied in this sheet,route_and_project_status_only,
2026,H2T,H2T-N-1315,H2 interconnection DE-PL,Germany,GASCADE Gastransport GmbH,Less-Advanced,New,Construction of H2-IP at the border PL/DE,0.1,1200.0,100.0,,,,,2029.0,"Electrolysis; Poland, Germany, hydrogen imported via ship from sources around the world",H2T,route attribute; hydraulic capacity not supplied in this sheet,route_and_project_status_only,
2026,H2T,H2T-N-1324,H2Med-CelZa (Enagás),Spain,Enagás Infraestructuras de Hidrógeno,Less-Advanced,New,Zamora compressor station,0.0,0.0,100.0,,,,,2032.0,Electrolysis;,H2T,route attribute; hydraulic capacity not supplied in this sheet,route_and_project_status_only,
2026,H2T,H2T-N-1324,H2Med-CelZa (Enagás),Spain,Enagás Infraestructuras de Hidrógeno,Less-Advanced,New,Zamora - Portugal,86.0,711.0,100.0,,,,,2032.0,Electrolysis;,H2T,route attribute; hydraulic capacity not supplied in this sheet,route_and_project_status_only,
2026,H2T,H2T-N-1354,H2 Backbone Murfeld,Austria,Gas Connect Austria GmbH,Less-Advanced,,,,,,,,,,,"No restriction concerning potential supply sources, especially in case of LH2",H2T,route attribute; hydraulic capacity not supplied in this sheet,route_and_project_status_only,
2026,H2T,H2T-N-1355,The Baltic Sea Hydrogen Collector (BHC) – Section A,Finland,"Gasgrid vetyverkot Oy, Copenhagen Energy Islands ApS, GASCADE Gastransport",Less-Advanced,New,"Finland - Germany (Section A, International part, i.e. Finnish POI to German EEZ-border)",870.0,1067.0,150.0,,,,,2032.0,"Finland, potentially Sweden",H2T,route attribute; hydraulic capacity not supplied in this sheet,route_and_project_status_only,
2026,H2T,H2T-N-1355,The Baltic Sea Hydrogen Collector (BHC) – Section A,Finland,"Gasgrid vetyverkot Oy, Copenhagen Energy Islands ApS, GASCADE Gastransport",Less-Advanced,New,"Finland - Germany (Section A, German part, i.e. German EEZ-border to German POI)",56.0,1067.0,150.0,,,,,2032.0,"Finland, potentially Sweden",H2T,route attribute; hydraulic capacity not supplied in this sheet,route_and_project_status_only,
2026,H2T,H2T-N-1360,H2 offshore pipeline between Morocco and Spain,Spain,Enagás Infraestructuras de Hidrógeno,Less-Advanced,New,Offhshore pipeline,50.0,508.0,100.0,,,,,2039.0,Morocco,H2T,route attribute; hydraulic capacity not supplied in this sheet,route_and_project_status_only,
2026,H2T,H2T-N-1363,Castillon - Le Mans,France,Natran,Less-Advanced,New,Castillon - Le Mans,450.0,1200.0,66.0,,,,,2041.0,Electrolysis; Morocco,H2T,route attribute; hydraulic capacity not supplied in this sheet,route_and_project_status_only,
2026,H2T,H2T-N-1367,Dutch Hydrogen Network - South East,Netherlands,Hynetwork services B.V.,Less-Advanced,New,South East - New,16.0,1050.0,67.2,,,,,2030.0,"Denmark, South Africa, Namibia, Chile, Brazil, Oman, Saudi Arabia, USA",H2T,route attribute; hydraulic capacity not supplied in this sheet,route_and_project_status_only,
2026,H2T,H2T-N-1367,Dutch Hydrogen Network - South East,Netherlands,Hynetwork services B.V.,Less-Advanced,Repurposed,South East - Repurposed,88.0,1050.0,67.2,,,,,2030.0,"Denmark, South Africa, Namibia, Chile, Brazil, Oman, Saudi Arabia, USA",H2T,route attribute; hydraulic capacity not supplied in this sheet,route_and_project_status_only,
2026,H2T,H2T-N-1372,Belgian Hydrogen Backbone - Interconnection BE-LUX,Belgium,Fluxys Hydrogen NV/SA,Less-Advanced,New,Berneau-Bras,97.0,600.0,66.2,,,,,2035.0,,H2T,route attribute; hydraulic capacity not supplied in this sheet,route_and_project_status_only,
2026,H2T,H2T-N-1373,Belgian Hydrogen Backbone - Zeebrugge import,Belgium,Fluxys Hydrogen NV/SA,Less-Advanced,Repurposed,Zeebrugge-Ghent (repurpose),52.0,1000.0,66.2,,,,,2035.0,,H2T,route attribute; hydraulic capacity not supplied in this sheet,route_and_project_status_only,
2026,H2T,H2T-N-1373,Belgian Hydrogen Backbone - Zeebrugge import,Belgium,Fluxys Hydrogen NV/SA,Less-Advanced,New,Zeebrugge-Ghent (new),6.0,1000.0,66.2,,,,,2035.0,,H2T,route attribute; hydraulic capacity not supplied in this sheet,route_and_project_status_only,
2026,H2T,H2T-N-1375,FRHYS,France,NaTran,Less-Advanced,New,FRHYS-raccordement Suisse,12.0,400.0,52.0,,,,,2034.0,,H2T,route attribute; hydraulic capacity not supplied in this sheet,route_and_project_status_only,
2026,H2T,H2T-N-1389,The Baltic Sea Hydrogen Collector (BHC) - Section B,Finland,"Gasgrid vetyverkot Oy, Nordion Energi H2, Copenhagen Energy Islands ApS",Less-Advanced,New,BHC - interconnector pipeline Sweden - Finland (Section B),233.0,914.0,50.0,,,,,2034.0,"Electrolysis; Finland, Sweden",H2T,route attribute; hydraulic capacity not supplied in this sheet,route_and_project_status_only,
2026,H2T,H2T-N-1389,The Baltic Sea Hydrogen Collector (BHC) - Section B,Finland,"Gasgrid vetyverkot Oy, Nordion Energi H2, Copenhagen Energy Islands ApS",Less-Advanced,New,BHC - pipeline connection to Åland (Section B),136.0,610.0,150.0,,,,,2034.0,"Electrolysis; Finland, Sweden",H2T,route attribute; hydraulic capacity not supplied in this sheet,route_and_project_status_only,
2026,H2T,H2T-N-1389,The Baltic Sea Hydrogen Collector (BHC) - Section B,Finland,"Gasgrid vetyverkot Oy, Nordion Energi H2, Copenhagen Energy Islands ApS",Less-Advanced,New,BHC - pipeline connection to Gotland (Section B),46.0,610.0,150.0,,,,,2034.0,"Electrolysis; Finland, Sweden",H2T,route attribute; hydraulic capacity not supplied in this sheet,route_and_project_status_only,
